,baseMean,log2FoldChange,lfcSE,stat,pvalue,padj
KLK5 (25818),0.7966737428329351,1.8338997206198389,0.2477466977688532,7.402317516784263,1.3382803290547052e-13,5.412840277139004e-12
VGLL1 (51442),0.8446640886213151,1.6301794402961494,0.22972220008360206,7.096307800042326,1.2813393337087781e-12,4.401605391548465e-11
KLK8 (11202),1.014335913997974,1.6278461284135606,0.19686020130031956,8.269046346905865,1.3503477184916382e-16,9.538653414284126e-15
KLK10 (5655),1.0579767461969545,1.583079110457413,0.18549005718523962,8.534576647827928,1.4066955456760882e-17,1.1198487396953662e-15
KLK6 (5653),1.2711171070736866,1.5793578046382666,0.16762009382273396,9.422246275011103,4.415391669940062e-21,6.710503339991734e-19
KRT4 (3851),0.7222983052228521,1.5617184906725328,0.23220877019010122,6.725493138756164,1.74998739004247e-11,5.092903340537525e-10
ADGRF1 (266977),1.1259588681034332,1.5329750502843973,0.17496615555594122,8.761551886497646,1.9258048691306506e-18,1.7776478564993725e-16
ALPP (250),0.792395205578036,1.4997443324597417,0.2017912701113349,7.432156661843118,1.0684115107745928e-13,4.3921638227088865e-12
GRHL2 (79977),1.215150995682527,1.4985952580330493,0.15251546675698027,9.825857599222553,8.712923558812956e-23,1.8727806837985677e-20
KRT13 (3860),0.9577008063646116,1.4779978201455608,0.22300246599757023,6.627719624237988,3.409122000455293e-11,9.326118112518245e-10
KRT6A (3853),1.1648795822272087,1.4764550051934306,0.2073281874092173,7.121342368557221,1.0688092576450849e-12,3.731161041885835e-11
UPK2 (7379),0.5935986985007567,1.4286917601043967,0.21710640824574529,6.580606126039558,4.6853426236799765e-11,1.2566072213170931e-09
FAM83A (84985),1.0331579055746098,1.4270001057959782,0.18102722051736347,7.8827929949855555,3.2014319487063072e-15,1.7644228974445093e-13
TMPRSS4 (56649),1.276161854863733,1.4204594218916036,0.1725951800759058,8.23000631458479,1.8720357436372433e-16,1.2980022948740076e-14
SPRR1B (6699),0.6205754317352482,1.4074101323798833,0.26951228148139805,5.222063071277974,1.7694067865461689e-07,2.335306535997689e-06
KRT16 (3868),1.0799349080627572,1.3960747628971495,0.16278211522502017,8.576339980392195,9.793977014992461e-18,7.880223431421207e-16
B3GNT3 (10331),1.2183157508970341,1.3837053148903655,0.14237025507841491,9.7190618512852,2.5007484090567635e-22,4.886527345801047e-20
MUC4 (4585),0.6015241846048416,1.3802502489408655,0.22083301837981464,6.25019872058692,4.099307707989818e-10,9.260988554716936e-09
KRT5 (3852),1.4162806654795628,1.3780861827908677,0.1737109337015722,7.933214987827764,2.1354429062625807e-15,1.2033660662032506e-13
PRSS22 (64063),1.4303014254100959,1.3752808817149536,0.1522514279603642,9.032958837489407,1.670915364611004e-19,2.0607043095030465e-17
PKP1 (5317),0.7158786935329152,1.3742593398665346,0.23555419946422074,5.83415342622782,5.406435670186971e-09,9.836182719907275e-08
SCEL (8796),0.9657609020843337,1.363789660084254,0.17582990077809355,7.756301141325372,8.744224858471425e-15,4.3855202406853686e-13
MUC16 (94025),0.6391515363309895,1.354191433965502,0.21552886975128424,6.283109244382018,3.318676809133125e-10,7.593384986678611e-09
WFDC2 (10406),1.7548065333880043,1.347983161145375,0.14034834100371613,9.604553580791407,7.64886605575097e-22,1.3865643213834832e-19
VTCN1 (79679),0.5203984990320474,1.3437348572123378,0.23041493593655404,5.831804486764444,5.483114392615299e-09,9.939631223046961e-08
TTC22 (55001),0.6110625576839557,1.3399995822431858,0.14962875266757894,8.955495239743,3.3821397560689654e-19,3.68751266447925e-17
ARL14 (80117),0.7865804092978926,1.3387819125103426,0.1491247720904789,8.97759569884244,2.767479136817165e-19,3.107424708399333e-17
OVOL2 (58495),0.9977324868955714,1.333269377417051,0.12295813567048984,10.8432790571095,2.1463719513952675e-27,1.1960856437293776e-24
RAB25 (57111),2.14083793346869,1.3332672420779,0.15720561534423244,8.481040827698493,2.2318827463887276e-17,1.749005614696083e-15
CLDN3 (1365),1.3217207320427857,1.327264757968274,0.14622994934901784,9.07655896672981,1.1206161264843591e-19,1.428880528735904e-17
CBLC (23624),1.1188838485374677,1.3206200061409519,0.15242693991629455,8.663954067871284,4.556770402049361e-18,3.8735122863974397e-16
CEACAM5 (1048),0.846202939294974,1.3158506484000212,0.22635538066364844,5.813206845545689,6.1287254390705395e-09,1.1017061285096217e-07
GPX2 (2877),1.729333011223279,1.3157568399301038,0.17151097001135943,7.671560832773316,1.6991585836354438e-14,7.964342694510556e-13
ALG1L (200810),0.8526559949014603,1.3140689665238992,0.13017739359434122,10.094448277392932,5.845887320567395e-24,1.418664848794468e-21
GJB5 (2709),0.8078595089083234,1.3131559016084298,0.19294464252102503,6.805868690888041,1.004412944776064e-11,3.046854267560617e-10
CLDN9 (9080),0.4530927461390199,1.3108399903431551,0.1779649555167852,7.36571976508892,1.7619360289747557e-13,7.03185397664567e-12
KLK7 (5650),0.525097919909988,1.3097932908393295,0.23696661648973494,5.527332542624492,3.2513631912922e-08,5.039496785713267e-07
TRIM31 (11074),0.6101360128451616,1.304225681530669,0.20887803833998328,6.243957918677059,4.266348192481705e-10,9.593262871387473e-09
FUT3 (2525),0.856353105451024,1.2990844376205661,0.1693514410617643,7.67093819500937,1.7074280994815984e-14,7.978249436273332e-13
KRT23 (25984),0.8367876933773445,1.2941051429073906,0.21446934344453128,6.033986592783543,1.5996334214911838e-09,3.2262847801281975e-08
TMC5 (79838),0.923374127409467,1.2937161681585776,0.14871883984044623,8.699073833191191,3.3460377639634857e-18,2.961440246858506e-16
SLCO1B3 (28234),0.7876320427563592,1.2933306322468843,0.18044156368018446,7.167587144939565,7.633107982081459e-13,2.7643453618219914e-11
TMEM125 (128218),1.128446640243031,1.2929619836045991,0.1446284688208636,8.939885723370674,3.895730232513034e-19,4.1867969341707936e-17
GJB3 (2707),1.3297521309430058,1.2928291905834404,0.14711540131797646,8.787857552650852,1.5243908541629317e-18,1.4608907510659536e-16
TACSTD2 (4070),2.429981941046607,1.2920927309764612,0.1461530242582513,8.840684190655836,9.513421238069197e-19,9.417035259736128e-17
CST6 (1474),1.2486285442411988,1.2906887575579218,0.1739432288012131,7.420172469219569,1.1696791887408498e-13,4.782335074400768e-12
NSUN7 (79730),0.597054623394945,1.290400934920218,0.12375373236301224,10.42716781369493,1.863603535007603e-25,5.722403834229468e-23
FAT2 (2196),0.5200080752842641,1.2887751786666364,0.2636060352268317,4.889020001221337,1.013392001277991e-06,1.1421345356725583e-05
DSG3 (1830),0.5452462117935933,1.281039523724721,0.2723905342126288,4.702951691870239,2.5642710733925584e-06,2.6480454749666736e-05
SMIM22 (440335),1.8270072900620724,1.2799761947842039,0.14696580278719532,8.709347144094425,3.0562994022232326e-18,2.7372071908244497e-16
TMEM30B (161291),1.3392106659517118,1.27716180264341,0.14021708958921508,9.108460362321226,8.355931196139952e-20,1.0838219032510492e-17
OVOL1 (5017),0.7430485213053635,1.2729900875709308,0.15171888262292788,8.390452563078366,4.842743108699122e-17,3.661503156456633e-15
TMEM45B (120224),1.1136486983671878,1.2713054730784097,0.16154813908678825,7.869514810043266,3.560192679685074e-15,1.9338144064455462e-13
C1orf210 (149466),0.9696420115099348,1.2706421405755197,0.1384625313974,9.176794095499105,4.441164108881498e-20,6.074705016566456e-18
MAB21L4 (79919),0.637424118396835,1.263041413275163,0.1830632146923638,6.89948232034324,5.219238331361173e-12,1.649761763312189e-10
PRR15L (79170),0.9113332270129195,1.2613564374489332,0.17645346545839272,7.148380079542036,8.780791010485726e-13,3.1606560096655324e-11
MUC20 (200958),1.31699709229199,1.2602062088209502,0.11827091993025048,10.655249908972966,1.6480143504925576e-26,6.525269451976585e-24
BICDL2 (146439),0.8774681585242481,1.2600354691743052,0.1526605571762065,8.253837746183027,1.53387566340824e-16,1.0784436089551579e-14
LY6D (8581),0.7444683212561396,1.2568394300399166,0.23893479765900152,5.260177430637914,1.4391646298526537e-07,1.9431763382827157e-06
MACC1 (346389),1.0144398262726517,1.2528692141661881,0.1279482527265424,9.791999401851033,1.218619214808017e-22,2.5116910556166336e-20
P2RY2 (5029),0.8305083381163617,1.2503111765242223,0.12796071763321273,9.771054739690666,1.4988345941493696e-22,2.967298066259397e-20
KDF1 (126695),1.138996972794383,1.2483671166368535,0.1261910822367955,9.892673036073285,4.4790550169026324e-23,9.766936490480725e-21
FGFBP1 (9982),1.5282383128905135,1.241235458569983,0.15547686155147136,7.983409532350677,1.4234564912040975e-15,8.237433217944942e-14
BARX2 (8538),0.7611606099282382,1.2402752185987647,0.1577850538073193,7.860536778808837,3.824907917861015e-15,2.062708406169779e-13
PLEKHG6 (55200),0.9684673667784608,1.229200666296666,0.12969329053879777,9.47775063143263,2.598233256343042e-21,4.257151458718975e-19
UGT1A10 (54575),0.5259026995316206,1.2202692802591701,0.2871571699124849,4.249482193431088,2.1426524011090658e-05,0.00017990149568686945
HCAR2 (338442),0.42913357014796016,1.2178920231139867,0.2623490097481748,4.642258891249577,3.4462067372442037e-06,3.440718418618201e-05
PON3 (5446),0.6952728834296455,1.2125939653051072,0.16907805363784656,7.171799883043362,7.401808714363706e-13,2.690038983485901e-11
TRIM29 (23650),1.6273387086928406,1.2096202002368017,0.13969973945568667,8.658714790377244,4.771129264552421e-18,4.0329444333963893e-16
MARVELD3 (91862),1.2043338550841571,1.2092831423107397,0.12971903538425367,9.322326046663868,1.1381723554600209e-20,1.6789158098285758e-18
SERPINB5 (5268),1.5247933135713438,1.20808726547006,0.15762163987581335,7.6644759337733435,1.7956287193108034e-14,8.287432426610537e-13
ST14 (6768),2.3561517341903087,1.2024465422057116,0.12464047443305086,9.647320003195201,5.045712075417406e-22,9.609846061611429e-20
IRF6 (3664),1.6555388140757823,1.1925219795805448,0.1198080285666737,9.953606564161943,2.4320594986568468e-23,5.544358669210745e-21
EPN3 (55040),1.035667931570562,1.1913295961451797,0.14786247277613343,8.057011179225139,7.818250255230197e-16,4.8013629934772877e-14
SLC52A3 (113278),0.8565752235414636,1.1910416363418819,0.13167666897963148,9.04519870962197,1.4939320545316537e-19,1.874976599200003e-17
KLK11 (11012),0.671578177572323,1.1873463499863148,0.22483591594538116,5.280946084587099,1.2851850910976613e-07,1.7531183028699377e-06
ERP27 (121506),0.6953387151910333,1.1843161256738768,0.15833317710416012,7.47989870054063,7.437992212033911e-14,3.126034380510118e-12
ESPN (83715),0.997787349433799,1.1820792778542575,0.13121845495105955,9.008483435467493,2.0892553192794018e-19,2.4558543385842093e-17
AGR2 (10551),2.2018362688986968,1.1776755936061223,0.13784849035142946,8.543260724899987,1.3048654042731698e-17,1.044308769824155e-15
LCN2 (3934),2.4325200494159467,1.176127059666053,0.12595348870916684,9.337788668814023,9.83670194241368e-21,1.4800301742555624e-18
ADAM28 (10863),0.6629893822265256,1.1755303147462977,0.15242054276833186,7.712413913477649,1.2345995474749787e-14,5.918203526909933e-13
ABO (28),0.6278878134686959,1.173533605798177,0.18350877759001344,6.394972606814644,1.6057614050784746e-10,3.853315167593418e-09
ALDH3A1 (218),1.356594372519435,1.171396296305577,0.1608456843022842,7.282733766758217,3.2712240699738227e-13,1.2492090699702065e-11
ANKRD22 (118932),0.5476088589837959,1.1713615385162743,0.1741513754292524,6.726111324869384,1.7425726358043703e-11,5.081152689595457e-10
CALB1 (793),0.7626154668089239,1.1682600529772598,0.23035091428983426,5.07165364018187,3.9437368144394814e-07,4.832041051307528e-06
NKX2-1 (7080),0.43713004464588345,1.1651997765512578,0.2637700021172018,4.417484047460108,9.985643787349214e-06,8.95909340634802e-05
S100A9 (6280),1.7580578130892346,1.160968816376072,0.15234341205265173,7.620735289654844,2.5223473632845304e-14,1.136264623592187e-12
S100A14 (57402),2.381052523341921,1.159808020748608,0.1444990767830603,8.026404365820646,1.0037100946235984e-15,5.992786541153437e-14
PRSS8 (5652),1.807832757504646,1.1589295833797728,0.1488798651708599,7.784327195955902,7.008516375196927e-15,3.611306074699074e-13
C1orf116 (79098),1.2685544506312783,1.154515997639482,0.13841888338287212,8.340740579780904,7.382669823297895e-17,5.418519520065372e-15
CDC42BPG (55561),1.2243086478956662,1.1532481366225957,0.09647774122627713,11.953515100626047,6.223606489333014e-33,9.086655570891898e-30
ATP2C2 (9914),0.9881816864826136,1.1466303890866165,0.12951265828930056,8.853423319636573,8.487500207062033e-19,8.457147557314924e-17
FAM83F (113828),0.5015357278062583,1.145674347335862,0.15147417191391202,7.563496356243413,3.923768123050659e-14,1.7112178312875424e-12
CEACAM6 (4680),1.188927337281182,1.1430213228263462,0.18949494223122046,6.031935783445023,1.6200716042069451e-09,3.263132176291526e-08
WNT10A (80326),0.9367892425806772,1.1411845605532915,0.15105519482353638,7.554752167818064,4.1965815907885374e-14,1.815597170642687e-12
PROC (5624),0.43742581338869474,1.1409802739239296,0.161655933560077,7.058078530101721,1.6882065114659022e-12,5.708034870003587e-11
FUT1 (2523),0.8584147724068418,1.1395418465328697,0.104547810160709,10.89971989639177,1.1561263982249439e-27,7.24794907820521e-25
TMPRSS13 (84000),0.5746846803918663,1.1383841974617703,0.1769185601223603,6.434509735295391,1.2387249937283657e-10,3.050385639220457e-09
IL20RA (53832),0.583684343838439,1.1281005420308219,0.17248677740582471,6.540214612373685,6.143061577302322e-11,1.615882945665922e-09
FUT2 (2524),0.6871145834066585,1.1267916100079174,0.1456586696740869,7.735836202054625,1.0272565119945291e-14,5.034560742498269e-13
IGSF9 (57549),1.0393960488028504,1.1235639735204082,0.11323336053729355,9.922552578048418,3.321511236770598e-23,7.349332068889767e-21
TMEM238 (388564),0.757184975964861,1.1207066854008427,0.1118225831891246,10.022185621534076,1.2177963007945087e-23,2.8189174064237196e-21
ITGB6 (3694),1.1336504091692128,1.120627142765882,0.14459563389379482,7.750075936518113,9.183761274591423e-15,4.560358816419226e-13
TNS4 (84951),1.3493544269257722,1.1199277083932935,0.15519048853501852,7.216471311903779,5.335391250357129e-13,1.9868544962844386e-11
PROM2 (150696),1.306387067998,1.117651069505357,0.13895168317665196,8.043451104399114,8.734306729278814e-16,5.320501176061904e-14
EHF (26298),1.8397889779919683,1.1163483400117153,0.1336625040061455,8.351993315645114,6.712046150831043e-17,4.974849575635659e-15
PTK6 (5753),0.9839739336143428,1.115029172276159,0.13386401425404432,8.329566228008671,8.113909628487685e-17,5.926305061661442e-15
SULT2B1 (6820),0.8035436570727007,1.1069511267951113,0.15065307259451677,7.347683706222665,2.016710203297889e-13,8.006179873039588e-12
GRAMD2A (196996),0.5015135189077434,1.098734984503468,0.17685030524111717,6.21279665310985,5.204978910129947e-10,1.1466195121788458e-08
FAM83E (54854),0.46691192307266666,1.0980544937105108,0.20261155759674612,5.419505711988787,5.976404068072645e-08,8.794673575955128e-07
CLDN7 (1366),2.7931552736393415,1.0952629204376692,0.10218965923364798,10.717942780623657,8.384751992499983e-27,3.6044850994044216e-24
ESRP2 (80004),1.710987361816493,1.0951825188117377,0.11594746194428658,9.445506615211459,3.536891656118927e-21,5.543340818538059e-19
MPZL2 (10205),1.7642892954569735,1.0909145813671397,0.12080799622442268,9.03015210467169,1.7143334407366922e-19,2.080150076558409e-17
ARTN (9048),0.9252463320270526,1.0883078217011448,0.12158747704528645,8.950821648316577,3.52846066444198e-19,3.8193682846902175e-17
COL17A1 (1308),1.6313950973776534,1.0881775590554321,0.14135152333841908,7.698378718212707,1.3780343999964639e-14,6.561362526059113e-13
PAK6 (56924),1.0468371989143737,1.08721465913716,0.10263674515548953,10.592840385673613,3.216800894160252e-26,1.1523806250841703e-23
LYPD3 (27076),1.3368238348751373,1.087136911061487,0.11203436805668868,9.703601938571232,2.910387524675472e-22,5.614062909777839e-20
DHRS9 (10170),0.6543281208720022,1.0789789647200851,0.20197873896815452,5.34204228738256,9.19052074953588e-08,1.291135155905853e-06
KLC3 (147700),0.9397230567356407,1.0788877094327558,0.11383606190377811,9.477556508803898,2.603070146232525e-21,4.257151458718975e-19
UPK3B (105375355),0.9935021204277188,1.0755659723457367,0.1611874068298424,6.672766771917602,2.5102516428799112e-11,7.059672190424513e-10
SLC44A4 (80736),0.5964241087950543,1.0722954308497652,0.2358267418708053,4.546962835271705,5.442560425373896e-06,5.2191691625350946e-05
ST6GALNAC1 (55808),0.6689887366599407,1.0715571342745522,0.19300458425205438,5.551977630102049,2.824557467261697e-08,4.4315215487403014e-07
KRT20 (54474),0.4758799975071866,1.0697848140530664,0.3495403067253385,3.0605477922569917,0.0022093249748306046,0.010852596660561958
PI3 (5266),1.4200839967889463,1.0653793884305915,0.1637303015411591,6.506916425380018,7.670905948540226e-11,1.976309090783155e-09
FOXA1 (3169),1.387745174178987,1.057353479448244,0.11137166010252611,9.493918636705867,2.225087346694816e-21,3.761647664985416e-19
EPCAM (4072),3.458628103857746,1.0559456906840734,0.09699086138172446,10.887063746430861,1.3285478730408986e-27,7.688204345297447e-25
TMPRSS2 (7113),0.6848480588161044,1.054853819572885,0.18234664212479038,5.784882064628244,7.256322019436028e-09,1.2890037910795098e-07
CNKSR1 (10256),1.5250496191333187,1.0547942116315534,0.093487667492415,11.282709686998372,1.5974827108803231e-29,1.2650381509423865e-26
LAD1 (3898),1.9309120577842427,1.0528824730571658,0.13014089324725653,8.090327696282055,5.950442149730096e-16,3.7149523894124077e-14
FAM83B (222584),0.5574592542573276,1.0504783710001933,0.1473121060631458,7.130971099889797,9.966324594328032e-13,3.504208271211544e-11
GPR87 (53836),1.1028639077865356,1.04381165847925,0.17027515183225084,6.130146690502305,8.779808382851235e-10,1.863201649201406e-08
ADGRF4 (221393),0.6257318482127364,1.0428638342405088,0.1533185958756646,6.801939636117139,1.0321985128389882e-11,3.118566028950887e-10
EXPH5 (23086),0.5616440652872654,1.0428558889924413,0.11883556725657789,8.77562091104266,1.6996346405705094e-18,1.5982939251264927e-16
RNF39 (80352),0.547789770576271,1.0422203571626707,0.11803570170523459,8.829704420831607,1.049527043660262e-18,1.0321035228047256e-16
MISP (126353),1.690859520463702,1.040490518279715,0.12205468816364767,8.524789452451454,1.5308802578269916e-17,1.2122960189086797e-15
CRYBG2 (55057),1.21211301716772,1.038420633043604,0.10331765381663932,10.050757006992413,9.116438972399139e-24,2.14321782466746e-21
TJP3 (27134),1.339065702326414,1.0306134287100086,0.11287795521581577,9.130333967686946,6.8288304828537e-20,9.092618003983785e-18
MUC13 (56667),0.725285599930493,1.0262026315012893,0.24621140355933924,4.167973605877134,3.0731950943490775e-05,0.0002487320784807758
FOXQ1 (94234),1.045648066227463,1.0258124241132127,0.14353777587838118,7.146637307396892,8.892943332532384e-13,3.1816873684944765e-11
SFTA2 (389376),0.4766452695325148,1.0238962054940213,0.29000469935414563,3.530619358149324,0.00041458791110786847,0.0025388236510089494
TMC4 (147798),1.6901116032375576,1.0216315996994008,0.10063453800631876,10.151898343640763,3.2497952906876517e-24,8.287528804014645e-22
UGT1A6 (54578),1.417600348395751,1.019519453004357,0.1703928461126517,5.983346579763817,2.1859893762617305e-09,4.293785398855613e-08
LARGE2 (120071),1.2510912121760154,1.018115295823657,0.10780470214874306,9.444071320923618,3.585697680344036e-21,5.561897659634677e-19
EPS8L3 (79574),0.5849486220993794,1.016374220379272,0.28432822390718465,3.574651177475278,0.000350695133885217,0.002190377401413573
FAM3B (54097),0.3477585412021518,1.016067423522956,0.2978617006387709,3.411205339068357,0.0006467636462923473,0.003748538452278373
TMEM184A (202915),1.486522781558776,1.0149951750596287,0.09452641038842613,10.737688767497145,6.771844846630256e-27,3.087550835224207e-24
SYT8 (90019),0.6440444372828608,1.0139275750868435,0.1813395736372693,5.591319946053182,2.2534989855826942e-08,3.58415916882423e-07
VIL1 (7429),0.697189482342677,1.0110923051560716,0.21254287124653873,4.757121700794457,1.9637279112869507e-06,2.0676172255579748e-05
CYP4F3 (4051),0.5446843003278911,1.0102843259719887,0.18654936803701688,5.415640570658586,6.10696707417251e-08,8.973186191210897e-07
PPL (5493),1.9581335111013793,1.007480449659344,0.09145879937313962,11.015675435984667,3.2111900434528523e-28,2.3158286035259795e-25
CDRT1 (374286),0.5918252538738227,1.0068815819638044,0.12392656691429071,8.124824297442029,4.480109238899061e-16,2.856259474935393e-14
COLCA2 (120376),0.5054724698320265,1.0047406559739682,0.1685401458401906,5.961432221179285,2.500366279532274e-09,4.835541265018329e-08
ERVMER34-1 (100288413),0.6237405615561733,1.0044658922124312,0.13831974173791373,7.261912721870743,3.8165444425577135e-13,1.4464415033431576e-11
GSDMC (56169),0.3468677046804822,1.002710182088991,0.23413310313189345,4.28265020484582,1.8468038056569523e-05,0.0001572552917935173
SPOCK2 (9806),0.732566055692857,0.9982035928090289,0.17333622954086697,5.758770658927282,8.47287257725772e-09,1.4823586139234842e-07
PRSS2 (5645),0.5376241457733352,0.9969528330863567,0.2819241302408365,3.5362451317476786,0.0004058579071397647,0.0024894162539033427
EVPL (2125),1.4614949542973688,0.9925927031820067,0.11270991145672951,8.806614168648984,1.289827198425401e-18,1.2520477437102313e-16
CT83 (203413),0.5007379996123632,0.9924429137948582,0.2907364560437881,3.413548226113705,0.0006412280867284783,0.0037216101238988913
MST1R (4486),1.8771488883496035,0.9903048959989132,0.10978360691823023,9.020517031623116,1.872036589182048e-19,2.235449406415325e-17
ADGRV1 (84059),0.8846538697761569,0.9895309931998716,0.13345329532794,7.4148112324109965,1.217981604138255e-13,4.952905734017347e-12
ZBED2 (79413),0.8072183735496445,0.98946487972945,0.17901780359843386,5.527187016264489,3.254060328837641e-08,5.039496785713267e-07
CDX2 (1045),0.506511036199797,0.987616527013217,0.2253585089628627,4.3824239499914714,1.1736614066585743e-05,0.00010442879671546369
AGR3 (155465),0.554601748072982,0.9858297251798646,0.2752472591195348,3.5816150479875875,0.00034147670225819626,0.0021443482730287232
PRRG2 (5639),1.0237495445817706,0.9857786513300086,0.10393403813481905,9.484656509268852,2.4318265925960502e-21,4.0654736569111304e-19
EPPK1 (83481),0.5509343150907363,0.9857014226827187,0.14618796114890817,6.7426990221080905,1.5547105956770818e-11,4.5823996163607416e-10
MMP13 (4322),0.3924978938283046,0.9845762839454316,0.260739041137206,3.776098430258967,0.0001593040592495345,0.0010816285539117763
SCNN1A (6337),2.2869211068435558,0.983875957941608,0.10583982621935926,9.295895440176434,1.4597225831101126e-20,2.1323287364538597e-18
RASSF6 (166824),0.75089210922546,0.9836541615619673,0.14505418453285693,6.781287728649806,1.19109388276452e-11,3.569959872524894e-10
CRB3 (92359),1.6317059866499424,0.9812819272662561,0.11948003168997123,8.212936616994735,2.1584349765240717e-16,1.4829138199443464e-14
RNF223 (401934),0.41840280194573215,0.9805714719244105,0.17301456089864853,5.667566168022278,1.4484012900236425e-08,2.4133605547835794e-07
CYP4F11 (57834),0.8943908558885864,0.9791405648112156,0.146702446254325,6.674330182018687,2.4836388013196908e-11,6.997908128212746e-10
ZNF488 (118738),0.7623209624444354,0.9780239635723014,0.10869338939508763,8.998007781478778,2.298505297285222e-19,2.6602546694579574e-17
BSPRY (54836),1.1747027804226913,0.9767699054542933,0.11996444645320874,8.142161568138235,3.882826318856354e-16,2.4966241364749017e-14
IQANK1 (642574),1.6389257750545658,0.9767041221518244,0.1028239654634444,9.49879843429165,2.123260365959858e-21,3.630292666617275e-19
CRACDL (343990),0.7879234887774704,0.9766562792145198,0.13762322069885938,7.096595140376731,1.278679322685248e-12,4.401605391548465e-11
CLDN4 (1364),3.211384479153453,0.9751690453378147,0.09270621597221904,10.518917584016593,7.068088848607601e-26,2.3118796699163035e-23
MYZAP (100820829),0.7557525192931783,0.9702835085718181,0.1214511177101194,7.989086694843759,1.3594207470059894e-15,7.927846728469813e-14
TP63 (8626),0.9119601855689508,0.964595995690839,0.18854300040514302,5.1160530680964325,3.119953141089755e-07,3.8859946159632825e-06
SDR16C5 (195814),0.5154340660489457,0.9611850394968764,0.1872441322937723,5.133325288873927,2.846672793221773e-07,3.57819873406974e-06
C2orf15 (150590),0.9259057706276891,0.960072168120695,0.09118578867500121,10.528747758518875,6.367590113944813e-26,2.1290391300980815e-23
SYT7 (9066),1.123844854051984,0.957472771028032,0.10909018346639486,8.776892114430998,1.6805407149717235e-18,1.5902777105323617e-16
PPP1R1B (84152),0.754316930064558,0.9574122554652579,0.20818438366926978,4.598866824642535,4.247952131569077e-06,4.174702009901263e-05
AOC1 (26),0.46733810723020786,0.9572942762154698,0.24318046313782388,3.9365591456782365,8.265825495106955e-05,0.0006034333352711268
PCSK9 (255738),1.27980489108592,0.9533680876501562,0.13715761830600143,6.950894156846415,3.629781350140401e-12,1.1744879611658596e-10
CDH3 (1001),2.0987753227793244,0.9506248220045713,0.1159431469614016,8.199060030008,2.422739283048377e-16,1.649435984287144e-14
XK (7504),0.5991279225708243,0.9501801649694488,0.13186058585101312,7.205945270431607,5.764255362269804e-13,2.1361819256332875e-11
MB (4151),1.0125994817382438,0.9461338946128033,0.13881509425629146,6.815785413551467,9.375014640799742e-12,2.85539413533346e-10
HSD11B2 (3291),1.0059667623100113,0.9442240405844793,0.1088987171463159,8.6706626609368,4.2961274626852054e-18,3.7149157358368737e-16
AMN (81693),0.5863682184290167,0.9421644239894573,0.15359881658076235,6.133930227867783,8.57341314529812e-10,1.821971386781857e-08
NTF4 (4909),0.6028265854575444,0.9397879472299462,0.14328601608288166,6.55882529866934,5.4233292764337385e-11,1.4366093713595426e-09
NPW (283869),0.44995469822931894,0.9358415907131417,0.18010195294764303,5.1961768065069105,2.0342879050749388e-07,2.6477418529202016e-06
VWDE (221806),0.7154036572898319,0.9344241459092656,0.11859095233777431,7.879388161483101,3.289880076232257e-15,1.80655239514564e-13
PRSS21 (10942),0.9832649615878767,0.9324010431431762,0.20846183111707392,4.472766252444228,7.721416747741408e-06,7.127388735369155e-05
CDS1 (1040),1.3780577930892428,0.9323563700362164,0.08629646226817349,10.804108830543258,3.291374090316818e-27,1.5974843407389305e-24
ARHGAP8 (23779),1.550792925903415,0.9309121957888142,0.10509982053594517,8.857409946484477,8.189492222287932e-19,8.269738253459344e-17
ILDR1 (286676),0.519424477899301,0.9306270581608227,0.13957007475140304,6.6678122786594525,2.5964458413312546e-11,7.26136136220633e-10
LGALS4 (3960),0.695198998789757,0.9302752398551054,0.22525062057782316,4.129956390214247,3.628320527276983e-05,0.00028838727233708125
STEAP4 (79689),0.553438730079197,0.9274265956493769,0.2253616427906123,4.115281483420257,3.867072013519333e-05,0.00030607030781384475
DEFB1 (1672),1.109455589754488,0.9272788087338039,0.16954671455923162,5.469164124733637,4.521629039010938e-08,6.803243052095857e-07
ELF3 (1999),2.9281639055196935,0.9259972712280506,0.10670846851022496,8.677823645639899,4.034139304481431e-18,3.508535258683677e-16
IGFL1 (374918),0.48676973493281256,0.9257265390365687,0.2240165608088957,4.132402246038803,3.5899145951556725e-05,0.0002857875925857791
GRB7 (2886),1.8302986392647569,0.9257116813186946,0.10193611304113294,9.081292720521473,1.072928464577079e-19,1.3797676647886093e-17
DLL1 (28514),0.700065302250326,0.9252549618846657,0.14262897069964703,6.48714603594174,8.747754097524528e-11,2.230825561887357e-09
ANXA8L1 (728113),1.3150766639803093,0.925254741454766,0.17468334894788706,5.296754081184896,1.1787927659466816e-07,1.6153111071433306e-06
CYP24A1 (1591),1.041882357717743,0.9236177226539883,0.16032443133571822,5.7609293540542135,8.365204986830348e-09,1.4652255440261863e-07
POF1B (79983),0.8658058731093957,0.921927150660261,0.15170079659934527,6.077272969733634,1.222435716897452e-09,2.5230134151493915e-08
FA2H (79152),0.811694650453604,0.9218598861171751,0.13033575410574888,7.072962384283419,1.5166060922276023e-12,5.1626369374788477e-11
PRSS1 (5644),0.33114943694390386,0.9215081366688653,0.3279554061728545,2.8098580457099365,0.004956335538147877,0.021466040445300216
ALDH3B2 (222),0.5286133807300231,0.9206854180416643,0.2011491276805203,4.577128564554175,4.714017714372421e-06,4.596701913833276e-05
S100P (6286),2.937817685060637,0.9196529735151164,0.10521065469910015,8.74106311899019,2.3092694777014282e-18,2.0930884675599814e-16
C11orf52 (91894),1.0235317781989066,0.9166223773942334,0.10261031979404173,8.933042789790221,4.1444928485876396e-19,4.391411225341523e-17
MARVELD2 (153562),1.2843238244278725,0.9162198564562917,0.08982025393489196,10.200593032395926,1.9706550414822553e-24,5.11215099209345e-22
MAL2 (114569),2.9780805526422967,0.9151860528653866,0.1094339185676629,8.362910374076826,6.118969896308845e-17,4.603301052993144e-15
TC2N (123036),1.3702561528310178,0.9135142795079811,0.11009407147169205,8.297579218358443,1.0625424679909988e-16,7.576783873645766e-15
SPTSSB (165679),0.7719621319098708,0.9126732564068348,0.17620360873544494,5.179651330394361,2.2230101175331366e-07,2.8685600538939596e-06
CYP4F12 (66002),0.5692206166871903,0.9114943814568865,0.1768731054665916,5.153380323437882,2.5583236628531065e-07,3.2538070863303333e-06
ESRP1 (54845),2.249714103499475,0.9106580424886449,0.11559042990130472,7.878316944285073,3.3182016760404163e-15,1.8154786333710582e-13
PAX9 (5083),0.8074177284377986,0.9103970712660329,0.10609790460107138,8.580726214048525,9.427603119865113e-18,7.626221319434973e-16
GJB6 (10804),0.37310001128847914,0.9097178432159165,0.2756586746434685,3.3001604045021535,0.000966295815377288,0.0053255995744200275
TMEM40 (55287),0.914140025703409,0.9085033125523363,0.1584555592891091,5.733489671351525,9.838506017427985e-09,1.6901670872028843e-07
CAMSAP3 (57662),1.2711082342849909,0.9077886935622526,0.08306330842672778,10.928877151131484,8.387989153319456e-28,5.736622036402024e-25
SH2D3A (10045),2.015869084518545,0.9074813249946221,0.0792241501964923,11.454604722725083,2.2297812793486597e-30,2.219599635762027e-27
CHMP4C (92421),2.000175654859432,0.9063404617521922,0.08228173550137076,11.015086838282516,3.232247818293604e-28,2.3158286035259795e-25
DSC2 (1824),1.4024360868918693,0.9057587837403228,0.10043029544369665,9.018780436109642,1.901947713597137e-19,2.2532838817938997e-17
CREG2 (200407),0.4651878126569864,0.9034216570779774,0.1634530029669583,5.527103452853677,3.2556100463334416e-08,5.039496785713267e-07
RHOV (171177),1.3406384919339798,0.9030971905696965,0.10365686950872195,8.71237183652076,2.975816743310093e-18,2.681086150888842e-16
STON2 (85439),1.3484204079133544,0.9023393054610737,0.08329754823953797,10.832723465836294,2.408823582202981e-27,1.278516756638523e-24
ARHGEF16 (27237),1.6250212525682544,0.9013585257676304,0.08472875284178549,10.638165859123909,1.9798825430425112e-26,7.638285318619902e-24
PKP3 (11187),2.451439069289613,0.9009543904723452,0.08944761002011588,10.072425526738272,7.315142187188302e-24,1.7470417356894475e-21
XDH (7498),0.4912281856525327,0.8997690713561266,0.14630363412157907,6.150011766682528,7.747719879978985e-10,1.6700887294292812e-08
BCAS1 (8537),0.6150768607308796,0.8992308060364994,0.18739783044832067,4.7985123620974,1.598484437030024e-06,1.7277871292782857e-05
S100A8 (6279),1.1738662616751623,0.898928058693026,0.19862662842329612,4.525717754103479,6.019086822945398e-06,5.710162694705956e-05
FRK (2444),0.5554978051656303,0.8980496213579913,0.116661771848084,7.697891152617021,1.3833012335702128e-14,6.565662574226316e-13
KRT15 (3866),1.9505203434308809,0.8970039458925738,0.09430999118857503,9.511229240802212,1.8842266663832916e-21,3.2586292439543684e-19
TNFRSF18 (8784),0.48107053741700073,0.8961084567068105,0.19941021225605582,4.493794207270329,6.996524520735754e-06,6.554776334930894e-05
IL22RA1 (58985),0.5446795996502464,0.8950999906081935,0.12531171964129162,7.142987049977789,9.132423306797581e-13,3.2483792216093715e-11
WNT7A (7476),0.4225688233149931,0.8936749666225889,0.21724104030736016,4.113748329312853,3.8928583907096364e-05,0.0003079492499822144
FOXA2 (3170),0.6044245859508957,0.8923764292167624,0.18501116162573997,4.823365365501328,1.4115605920808126e-06,1.5412438801486145e-05
ELMO3 (79767),1.4866369583208479,0.8904562124204933,0.07868296417432957,11.317014067334869,1.0809110922686951e-29,9.035215719041548e-27
ANXA8 (653145),1.4462467936400414,0.8901926762363811,0.1607485667795227,5.537795415976176,3.0630275924443303e-08,4.780737879244543e-07
LYPD5 (284348),0.42396464736445816,0.8893251228486418,0.15008487240362092,5.925481419986109,3.1138379164279524e-09,5.95308834695997e-08
PADI3 (51702),0.48761102330717476,0.8887927239031088,0.20150417521199682,4.41079061001111,1.0299387701748356e-05,9.224082580982486e-05
ANO9 (338440),1.4102756107411774,0.8886132173618022,0.10147537756749847,8.75693432892844,2.0063247068324016e-18,1.8406805816463608e-16
MMP7 (4316),1.1761204867673416,0.8878193732426244,0.1694792584843713,5.238513439238912,1.6187519025712017e-07,2.1515672372867756e-06
SLPI (6590),3.1023093029930724,0.8867111304917292,0.10945054558883323,8.101477482102169,5.429569611943191e-16,3.4038876825540526e-14
WDR72 (256764),0.816005843208691,0.8865532819784481,0.13756454410504845,6.444635045651365,1.1587891452682675e-10,2.8866128277659525e-09
KRT6B (3854),0.40634415878933694,0.8860139779571233,0.2944066810160531,3.0094900526690553,0.0026168664778466375,0.012523337476361486
LIPH (200879),1.1101818024079249,0.8859056949826613,0.12156508512812603,7.287501127885056,3.1575666329038663e-13,1.2088739836812106e-11
CDH1 (999),2.577546062656749,0.8855090311894873,0.11252283258431513,7.869594204589203,3.557934146922376e-15,1.9338144064455462e-13
KCNJ14 (3770),0.4811899678780747,0.884417126049712,0.11138026313598381,7.940519272879881,2.013365649205045e-15,1.1431358323750606e-13
GRHL1 (29841),1.1265322841676924,0.8840008689981202,0.08890019820223655,9.943744635834575,2.685384033881648e-23,6.030490772206459e-21
SFN (2810),3.1663936430524697,0.8838333941436846,0.09865689757606663,8.958657892746217,3.286541042786066e-19,3.6161699217936106e-17
ANKRD65 (441869),0.5890138995748483,0.8821154478644259,0.19819234672334823,4.450804798712783,8.554907751911883e-06,7.810251067213655e-05
RYR1 (6261),0.5920856442008354,0.8806508913849431,0.16740495199647668,5.260602394865105,1.4358421774125705e-07,1.941031572448296e-06
EREG (2069),1.2979190431642333,0.8797778537813391,0.15313801783114522,5.744999616956056,9.192119446173831e-09,1.5949610866033726e-07
FOXG1 (2290),0.4920665793948966,0.879743244076975,0.21062319468114818,4.176858324691038,2.9556298556384167e-05,0.00023986195689285663
SOX7 (83595),0.6822152495653651,0.8790254304343369,0.15200843070101352,5.782741301785414,7.349303851684995e-09,1.3039814357600524e-07
SYNE4 (163183),0.7438809834357576,0.8785401932864211,0.1547668659812064,5.676539275487453,1.374470086949583e-08,2.295258260626351e-07
DSC3 (1825),0.7472915615740088,0.8780604238171469,0.18890762409312137,4.648094157302566,3.350159916385001e-06,3.355959127957971e-05
ANO1 (55107),1.2643321997026606,0.8772629130578808,0.14279478858279057,6.143521915362165,8.071153031006888e-10,1.732361890221535e-08
SPTB (6710),0.42631990637119244,0.8766305823765085,0.18234919528485788,4.80742775424413,1.5288464061206597e-06,1.657278316029643e-05
C6orf141 (135398),1.4390257468274688,0.8752527261718799,0.09980174646437409,8.769913926148739,1.788029176605186e-18,1.6709743472796042e-16
STYK1 (55359),1.0256164121059363,0.8740012636461848,0.09077374147511452,9.628349007579365,6.069682075421138e-22,1.127462179096129e-19
FOXJ1 (2302),0.4243315973423386,0.872399840646552,0.22629312136046628,3.8551761335108856,0.0001156463370210382,0.0008123195388069984
S100A7 (6278),0.45363462120040743,0.8716374926069811,0.32868465025958993,2.651895949258889,0.008004120376880659,0.03184293897158815
BIK (638),1.5723353613540736,0.8706870815193494,0.08477014724506823,10.271152166366024,9.506246916089081e-25,2.6487220573977095e-22
PTAFR (5724),0.6898241362259822,0.867972262127921,0.1516844703164503,5.722222323202382,1.051395968848162e-08,1.7895139985621546e-07
LEMD1 (93273),0.5694633491872847,0.8646529489988686,0.1707995767454933,5.062383440722919,4.140472100605146e-07,5.056618768320213e-06
CASZ1 (54897),1.2728212340022704,0.8592001460386199,0.0724950201693874,11.851850568922744,2.1049042385049745e-32,2.6391990977121536e-29
EPHA1 (2041),1.4237974750964084,0.8577915560605275,0.10268278744001429,8.353800840882277,6.610076173763258e-17,4.9235250549723755e-15
DLK2 (65989),0.9372145219031423,0.8550029072308255,0.1104934093185302,7.738044400150824,1.0095759447885915e-14,4.964078321989917e-13
NECTIN4 (81607),1.0724029111091005,0.8511050929630579,0.13950916850638856,6.100710814028565,1.0559780668263969e-09,2.1975443974370632e-08
CGN (57530),1.8711694377591654,0.8494176916476059,0.07267127239249516,11.688493453918474,1.4595261683032688e-31,1.5685736234493561e-28
SPRR1A (6698),0.3728208717345535,0.8461561817876808,0.2955310521584517,2.8631718244416713,0.004194230470797396,0.018598995479993406
PHGR1 (644844),0.44805790982346155,0.8456470453771275,0.3359277151264577,2.517348248740922,0.011824189303199513,0.043830192721345126
VWA7 (80737),0.5358410853826016,0.844797707059678,0.11257966056913077,7.503999415071258,6.189958037794401e-14,2.63836001803554e-12
GDA (9615),1.078255600972053,0.8426883753192913,0.16029951408591236,5.2569615081156975,1.4645495070563456e-07,1.9692235820527057e-06
IL1RN (3557),0.7678507252760457,0.8414334100092778,0.16977237815109297,4.956244467874652,7.186877951786372e-07,8.311588444471773e-06
GCOM1 (145781),0.35440015452976176,0.8401606954928313,0.152726032168641,5.501096856658469,3.77435785249595e-08,5.765379517629854e-07
SDR42E1 (93517),0.9143441423972507,0.8394342774927551,0.1029743663255878,8.15187611680565,3.5832126728988526e-16,2.3138634281732247e-14
SOWAHB (345079),0.42639578556790064,0.8394314087015612,0.15227993153698738,5.512423076560624,3.5392689275555906e-08,5.439411673544578e-07
BCL2L15 (440603),0.3909706966343833,0.8362927983787393,0.2499615658606525,3.345685547693169,0.0008207942174266755,0.004616698988935237
MALL (7851),2.199473747203823,0.8351454757922252,0.10969389098583693,7.613418288718144,2.6694011290882978e-14,1.1953514698887658e-12
ZNF165 (7718),1.1011881819564395,0.8350968127714502,0.0771271302483619,10.827536433448293,2.5492159177958053e-27,1.278516756638523e-24
UGT1A1 (54658),0.5062656556291201,0.8338333133277629,0.2117625385875245,3.9375865008490516,8.230526614709252e-05,0.0006011480749753174
IVL (3713),0.43649673212136125,0.8326058904238608,0.25086198517168157,3.3189799158053113,0.0009034692721895808,0.005019792713945507
SP6 (80320),0.7503134671625884,0.8321017780995361,0.1268187657945777,6.561345814131189,5.332429460839687e-11,1.4150217578094168e-09
ANXA10 (11199),0.5661494268996567,0.8307044848756762,0.2295020753278102,3.619594653726491,0.000295064865445695,0.0018811635447016637
PRR15 (222171),1.28039084031188,0.830195124076036,0.12431589563876153,6.67810918153561,2.420446955322076e-11,6.87132922448603e-10
BAIAP3 (8938),0.7078938038364121,0.8282808228665742,0.11134859883850105,7.43862815973019,1.0173624561629359e-13,4.205284482260311e-12
TSPAN1 (10103),2.4322690449575872,0.8263587770416208,0.0920280754330285,8.979420390497962,2.7219685888874525e-19,3.0914671810358645e-17
FAM110C (642273),0.8741830460521712,0.8258644912062766,0.11754801750807663,7.025762821984914,2.1289984678029295e-12,7.07128276966068e-11
PAIP2B (400961),0.7339292950876679,0.8248617361554448,0.09177975337850088,8.987404147336335,2.531383612377051e-19,2.9074196818187106e-17
C12orf56 (115749),0.4556908102037699,0.8232000142017198,0.15869035097007367,5.18746104706115,2.1318049694855017e-07,2.7579653973240636e-06
KRT81 (3887),1.580238614322739,0.8223596128670411,0.13970166209033258,5.886541366525007,3.943610858028693e-09,7.380045891778572e-08
BTC (685),0.6381960796791906,0.8214510986540846,0.11970916995539228,6.86205659065371,6.787616214815316e-12,2.101367768891178e-10
KRT17 (3872),2.3652092338749346,0.8211189125314406,0.11489824705904596,7.146487727610583,8.902634468537648e-13,3.1816873684944765e-11
ANXA9 (8416),1.0127490283288365,0.8207921407771833,0.10746602630657952,7.63768950045314,2.2115440356653083e-14,1.0083300472915221e-12
SPINT1 (6692),3.056907075855593,0.818188641780491,0.0788115538220387,10.381582421633393,3.00748278869196e-25,9.032970623370032e-23
GJB4 (127534),0.4225907510708127,0.818104776725352,0.21866953422074,3.741283757889661,0.00018308266669304327,0.001223206839726256
CACNG4 (27092),1.0607068889294464,0.8177499929708246,0.1315105544194408,6.218132047125939,5.031080999699652e-10,1.1110096235175352e-08
GGT6 (124975),0.4067075208293009,0.8159180888695394,0.2456462111769749,3.32151709143079,0.0008952949887853894,0.004979892200097956
TFF3 (7033),0.8588139141412028,0.815646755267437,0.22314641714251351,3.655208834236045,0.00025697271100508744,0.0016615433647539947
ACOT4 (122970),0.7850958615603681,0.8149750276721726,0.10036779494675584,8.119885747260952,4.666227523212898e-16,2.9499184585824064e-14
GABRP (2568),0.29105743020437597,0.814477226792399,0.3236040019655872,2.5168947906862176,0.01183941768778664,0.043875832150354135
DDC (1644),0.7012409206801401,0.8111603097691563,0.23800880036800778,3.408110576226363,0.0006541438094736522,0.0037883940559432527
SMPDL3B (27293),1.2700097493683968,0.8101809810516054,0.09973420022504288,8.123401794203911,4.53295552241218e-16,2.877757332920408e-14
TOX3 (27324),0.6431190620174173,0.8099867449242161,0.18175163841653166,4.456558147046348,8.32860179933784e-06,7.640984309319337e-05
PPP1R1C (151242),1.145987747758583,0.8097930736933061,0.09927181070533236,8.157331552025456,3.4250724846150235e-16,2.221277612220588e-14
KLRC2 (3822),0.4532029643825468,0.8096373741470906,0.2078944747668061,3.8944631648111656,9.84164450587585e-05,0.0007041245042102141
DUOX1 (53905),0.6612580947192013,0.8093783459545494,0.14252429626505034,5.678879792181961,1.3557971461409954e-08,2.266591540093046e-07
SYT12 (91683),0.8127634126381059,0.8083007864549597,0.13962489215913318,5.789087991084883,7.076961982254038e-09,1.2586284868202632e-07
TSPAN8 (7103),1.3459369179740848,0.8078354992494358,0.170867414856556,4.727849952711098,2.2690976295499495e-06,2.369246560319815e-05
CAPN8 (388743),0.6908907123322883,0.8074912329173162,0.2105581084366154,3.8350042129125432,0.00012556214223606138,0.0008766626413381808
PLBD1 (79887),1.764839427643671,0.8063720078886965,0.10881249260681045,7.410656520869246,1.256756960372677e-13,5.096810033899542e-12
LAMC2 (3918),2.524579164490875,0.8051526953870397,0.10310602295384212,7.808978295550063,5.765342648897522e-15,3.0224859057600045e-13
LAMP3 (27074),0.9714009544102027,0.7997750897580378,0.11378159754541112,7.0290372697469055,2.079634295247263e-12,6.922605665108478e-11
MYH14 (79784),1.9325161677763636,0.7996833347184076,0.09768296593489298,8.186517752249737,2.6889301888571515e-16,1.8224163793488602e-14
KRT86 (3892),0.566629187453103,0.7993510911850279,0.15850062858431252,5.043204549563175,4.5779940627402696e-07,5.541472137408696e-06
TMEM265 (100862671),1.3859287690447153,0.7987068743693535,0.11121645375903112,7.181553154894548,6.892387655749037e-13,2.5170598220485436e-11
FOXO6 (100132074),0.4769828671180322,0.797118816261235,0.14471479089153433,5.508205563166562,3.6250994697851734e-08,5.548651741850226e-07
TFCP2L1 (29842),0.5127308870236013,0.797002428770351,0.15026230717223427,5.304074213746816,1.1324623739400605e-07,1.5603506298811494e-06
GRHL3 (57822),0.5947285568809962,0.7954564068442715,0.15990537934524307,4.974544384318958,6.540127877194114e-07,7.645902411830819e-06
RASSF10 (644943),0.3921598596670021,0.7950364773556976,0.17637689186247374,4.507599997711781,6.556503269892425e-06,6.175942824434078e-05
ALPG (251),0.34586750872878996,0.7949736267640448,0.28020237994377173,2.837140879829687,0.004551952211268689,0.01996754314015997
AGMAT (79814),0.6432460155912005,0.7948748597272816,0.11848976581216585,6.7083840893680655,1.967913931929786e-11,5.661421227498195e-10
FBP1 (2203),0.9250323631432171,0.7927311359342315,0.1661689101303141,4.770634502642826,1.8364650793202259e-06,1.9458770129191636e-05
TMPRSS11E (28983),0.3066129701108027,0.7907937425482597,0.27309792154318224,2.8956417466663855,0.0037838409966169735,0.017112014317733387
HS3ST1 (9957),0.44390601842899385,0.7898726398756791,0.16352341298784995,4.830333622833374,1.3630446974478947e-06,1.4926033855750381e-05
NOXA1 (10811),0.6500449139963647,0.7889762872385043,0.11181827815652319,7.0558794165484775,1.7151251204358117e-12,5.78604765965857e-11
HOOK1 (51361),1.6301578106221348,0.788929500141367,0.08562340349667513,9.213946980885924,3.14348465908616e-20,4.420268241178538e-18
FXYD3 (5349),2.787817153123435,0.7889168252604967,0.13383859021476563,5.8945392655029645,3.757282483811319e-09,7.075353222956834e-08
MSLN (10232),1.3031023898776806,0.7878426188754627,0.15865052083541517,4.965899983982874,6.838319279403923e-07,7.940267346984312e-06
KRTCAP3 (200634),1.9000973704258688,0.7850455195456515,0.0889543031721963,8.825267486227991,1.0919849447538065e-18,1.0668834726471281e-16
ENPP5 (59084),0.7010357271595795,0.7827002402130554,0.11501487597475347,6.805208748691459,1.0090281845899348e-11,3.0546957877948004e-10
MPP7 (143098),0.9001037234577408,0.775604062116826,0.0965295352513753,8.03488859753705,9.366396584939807e-16,5.6370721206801735e-14
WNT7B (7477),1.4453477020122605,0.7755393664215888,0.10495380726807028,7.389340002128044,1.4755940637069808e-13,5.936307027415838e-12
C6orf132 (647024),1.58911630583307,0.7753324437220772,0.09834024614965281,7.884182459154995,3.1660139980245834e-15,1.7513178902308044e-13
TNFSF15 (9966),0.513261846145068,0.7733487540907388,0.15803591853232446,4.893499916176075,9.90583565755886e-07,1.1194463767070423e-05
KCNK5 (8645),1.1340873591983756,0.7729034745397292,0.09681004231887166,7.983711772317481,1.4199737107659867e-15,8.237433217944942e-14
LRG1 (116844),0.7335123382248171,0.7723964227897028,0.14763940333489212,5.231641454399997,1.6801139361015974e-07,2.2291882083407967e-06
SOX15 (6665),0.8656665077298227,0.7723743562547312,0.12825564348434193,6.022147137322861,1.721183146291806e-09,3.439166217676827e-08
OR2A7 (401427),0.5197101260445786,0.7716817097958322,0.1212385123341692,6.364988277560262,1.9530465145370465e-10,4.627643757121953e-09
PSCA (8000),1.1451683031446835,0.7705677116923991,0.13350415060837326,5.77186333294472,7.839969342983886e-09,1.3845091400767084e-07
RSPH1 (89765),0.4684434613640256,0.7682427759131042,0.14315068132067174,5.366672158494056,8.020264537570733e-08,1.144904176776938e-06
CKMT1A (548596),1.8115686231755483,0.7665560191140544,0.10337751544091513,7.415113584850812,1.215206136147198e-13,4.952905734017347e-12
SPINK1 (6690),0.7117175323602716,0.7661217403137561,0.19860296072441586,3.8575544771300616,0.00011452715867247975,0.0008052222567224908
UPK1B (7348),0.5355173300910113,0.765503908156845,0.30053992226958276,2.5470955817649807,0.010862367663582647,0.04095093557160223
TNK1 (8711),1.3538304942442347,0.7651662861949758,0.0702768736672882,10.88788169231179,1.3166718770136465e-27,7.688204345297447e-25
FERMT1 (55612),1.885694716000313,0.7643188847068519,0.07813623526580907,9.78187497908929,1.3469185764698904e-22,2.738613094806212e-20
KRT14 (3861),1.011683238204463,0.764223955512312,0.20353947850302767,3.754671875613281,0.00017356870772293535,0.001168986023455365
SPINK5 (11005),0.4906205938707659,0.7631939176113851,0.17019240738097777,4.484300618082018,7.315347025484075e-06,6.823726679816081e-05
HBA1 (3039),0.6169869513917322,0.7627226024911584,0.1768949521284585,4.311726215552383,1.619849328315026e-05,0.00013958907785697528
SDCBP2 (27111),1.2000766418249402,0.7590127006442128,0.08505392585954931,8.923899666872293,4.501516615059971e-19,4.719862802616174e-17
ALOX5 (240),0.9482484223022078,0.7581375611294364,0.15481511341374407,4.897051356370553,9.728541936423083e-07,1.1013968545930904e-05
MPZL3 (196264),1.335902087248993,0.756952889427303,0.07135196259758059,10.608718553355809,2.7144629178110615e-26,1.0210452265346307e-23
MLXIPL (51085),0.8379153999452883,0.7565354692748479,0.12892325857307887,5.868106947095301,4.407989054230636e-09,8.177879569661425e-08
ASCL2 (430),0.32387192003322596,0.753994882747414,0.2848700517304782,2.6468029130025403,0.008125669488781713,0.032249755507309324
PLEK2 (26499),2.281664238940934,0.7532192031016914,0.08700423884668526,8.657270186904094,4.831964226550092e-18,4.061549371657692e-16
ABLIM2 (84448),0.5596972283641197,0.7531779634608994,0.13225503390105184,5.6948907065752845,1.2345097576880724e-08,2.084672706416918e-07
SLC9A2 (6549),0.4296545242957864,0.7531284032367284,0.16832559375258035,4.474235833344169,7.668506746317539e-06,7.091601260300781e-05
SPDEF (25803),0.4705316401235288,0.7520092831227103,0.254712996922667,2.9523789214063014,0.003153357095601897,0.01463009893938518
BHLHA15 (168620),0.5467761608575813,0.751789300253407,0.14127855319172214,5.321326438225841,1.0301336294438185e-07,1.4338011645339216e-06
RASEF (158158),1.1752843181025112,0.7510907436780955,0.09574870159878936,7.844396123775659,4.350418321958696e-15,2.329409041714966e-13
GPRIN2 (9721),0.3778368726865496,0.7507091476304746,0.17787278747069293,4.220483404490215,2.4377900384513235e-05,0.00020219949789712576
SYT17 (51760),1.0762682859900465,0.749692728633839,0.09114297722762624,8.225457972055368,1.9444644270560694e-16,1.3420372371323679e-14
NUP62CL (54830),1.465654253268043,0.7492850856310084,0.07167094314446121,10.454516890069888,1.397089523835976e-25,4.3792935365908533e-23
HID1 (283987),1.6297687294726126,0.7479674946858742,0.09001024423114512,8.30980407924573,9.586020965140023e-17,6.90101777232042e-15
YBX2 (51087),1.0105758202125261,0.7478383650310552,0.1275145416871103,5.8647300546009005,4.498639717477839e-09,8.335779949405365e-08
C4orf19 (55286),0.7711692695019756,0.747541240682874,0.1336451685493261,5.593477480684006,2.22566104738069e-08,3.5511448694474934e-07
MAP7 (9053),1.8582358734187898,0.7467264171950106,0.08423738630948267,8.864548746225179,7.681453748201645e-19,7.809131965908241e-17
TRPV6 (55503),0.3716431094803662,0.7465568957255329,0.23971857433501342,3.1143055885281488,0.00184378418918756,0.009284329621993317
GJB2 (2706),1.420597721754174,0.7465261805019628,0.11954194736902342,6.24488890244905,4.2410144892799663e-10,9.552440719417122e-09
COX6B2 (125965),0.5270149281588542,0.7460072225592063,0.1599383610073868,4.664342049402093,3.096060310023212e-06,3.1327050050174346e-05
CYP39A1 (51302),0.5429578662284583,0.7445548942514592,0.12666087273874915,5.878333838636805,4.14416504990405e-09,7.716968730304002e-08
HOXD10 (3236),0.8356952182653626,0.7437328865773304,0.15874882015954095,4.684966387969917,2.800058793741032e-06,2.8679159026975878e-05
CCDC33 (80125),0.544713667884795,0.7417441793363848,0.15471964158862922,4.794117745622399,1.6339229132119803e-06,1.759058957859092e-05
LEKR1 (389170),0.4505737928027431,0.7399251794112469,0.11331764483691377,6.529655469597377,6.592115292541485e-11,1.7116075660354186e-09
CTAGE8 (100142659),0.6836397989756698,0.7397096293712568,0.1069342839655142,6.917422569639215,4.59934621034774e-12,1.4630393886023699e-10
VIPR1 (7433),0.9757173830889011,0.7393699923431015,0.1204529751416613,6.138245995780093,8.343758959908911e-10,1.775674643716966e-08
ENTPD2 (954),0.6847133836408371,0.7392735230551429,0.13253652765927795,5.577885101650251,2.4346036998436824e-08,3.8558997124050574e-07
PLA2G10 (8399),0.3000558439769049,0.7388774961803096,0.21007333587189017,3.517235983870424,0.0004360659128020279,0.0026477190169569456
PRRG4 (79056),1.0994759037021284,0.734634180988056,0.08800598864255593,8.347547619422098,6.96949340863109e-17,5.1403430306991844e-15
NPNT (255743),1.365599771279337,0.7334468966364505,0.13111025784124045,5.594122906268486,2.217398406497676e-08,3.541717242480258e-07
SLC15A2 (6565),0.46700241296739237,0.7333328575295182,0.1370717249904034,5.349993644428564,8.795732078934008e-08,1.2473193671973713e-06
SLC2A12 (154091),0.7299846056466744,0.7322196211244123,0.11885276216946003,6.160728684457624,7.241096246696818e-10,1.5653668696523037e-08
DOK7 (285489),0.6848797373745642,0.7318724355244234,0.13087241643826425,5.592258899488309,2.2413426967164656e-08,3.5685970597667666e-07
NRARP (441478),1.2723887490426573,0.7316389760300281,0.08088795520380229,9.045091746807268,1.495395400132928e-19,1.874976599200003e-17
FAM71E1 (112703),0.5490299868627858,0.7312723851305921,0.11049964315506405,6.617871010718091,3.644087728095644e-11,9.91481807539368e-10
FAM25A (643161),0.41310282897650147,0.7283955344656367,0.2313525695099376,3.148422064248346,0.0016415448945648003,0.008399572602068422
IFNLR1 (163702),0.9482413725877435,0.7282485879026628,0.08473076952181588,8.594853935737696,8.337077567484246e-18,6.930368457478892e-16
FOLR1 (2348),1.1553776202788648,0.7255961435903225,0.1368465949481985,5.302259393921986,1.1437816275899607e-07,1.5745048827738837e-06
AREG (374),2.3404798567074665,0.7254500711153211,0.10807232806798638,6.712634807487013,1.911410734500773e-11,5.530593444480505e-10
PLEKHA7 (144100),1.9541123928618642,0.725049137464466,0.06695574876947105,10.828780960404362,2.514808960868586e-27,1.278516756638523e-24
GSTO2 (119391),1.5201750324837668,0.7243596112310714,0.09596275792504191,7.548340907384931,4.408377736178535e-14,1.8950986119583497e-12
CDA (978),1.7856921833268633,0.724236425729046,0.11017856099899175,6.573297192869251,4.9213090376463775e-11,1.3128726202203439e-09
GPR35 (2859),0.7518460672203734,0.7241000331229762,0.15436416584617293,4.690855738141693,2.7206475381191404e-06,2.7922825960805313e-05
STX19 (415117),0.2566209200128357,0.72351730696417,0.20720761644146618,3.4917505417497794,0.00047986618724684874,0.0028834132002061048
C4BPB (725),0.6665352823233004,0.723001232352319,0.19558774163468212,3.696556984142377,0.00021854322224437373,0.001438408277291709
FAAH2 (158584),0.9172493860464854,0.720548649765345,0.10414408857991002,6.918766677884615,4.555925025260816e-12,1.452297625637166e-10
RASGEF1A (221002),0.5991574662258615,0.7202299810563849,0.14503604578714135,4.9658688441728,6.839416776346981e-07,7.940267346984312e-06
BEX5 (340542),0.9322320973578484,0.7191316816590572,0.11788985255926389,6.100030376215337,1.0604831017310543e-09,2.203871374122299e-08
TMEM176A (55365),0.6236059525617086,0.7173625882731536,0.24139000216449102,2.9717990879519496,0.002960603534732654,0.013885673560968677
TRIM15 (89870),0.4140543904498814,0.7149469536510704,0.23431189926528895,3.051261826193489,0.0022788176267319097,0.011135787597209585
AKR7A3 (22977),0.506914753642984,0.7123462287268252,0.18888657195866904,3.771290999355403,0.0001624051490624966,0.0011002016536669624
NRG4 (145957),0.6711502982236159,0.7111575288569301,0.12496924232552645,5.690660482716775,1.2654891040811783e-08,2.129815331096802e-07
VWA2 (340706),0.3290218393319101,0.7107214057311055,0.21673328598602726,3.2792443601714485,0.0010408546552843124,0.005668005480784569
GOLT1A (127845),1.0276705525962457,0.7106499714932331,0.13479219414078072,5.27218935802032,1.3480588415242326e-07,1.8330588207206677e-06
PLCXD2 (257068),1.3108641854147975,0.710638913600114,0.09726104031853462,7.306511541237242,2.741669635096338e-13,1.0659214813865504e-11
RNF43 (54894),1.240575019526557,0.7105787292463424,0.10583765043073745,6.713855857102205,1.8954755935797636e-11,5.495053136994436e-10
TMPRSS3 (64699),0.7888147021203821,0.7104663398177999,0.1579938768976889,4.496796671923382,6.898490028553197e-06,6.466958315863638e-05
GRIN2D (2906),0.6142918807923629,0.709879414805651,0.12771629267596918,5.558252591990719,2.724888552378424e-08,4.288564137979683e-07
AQP3 (360),2.046932452461031,0.7097640777102063,0.09152533886462315,7.754836928383643,8.845706981562823e-15,4.4216779815479817e-13
SYTL1 (84958),2.0363867229026678,0.7082304101442654,0.08061052011113,8.785831044978943,1.5521274016838377e-18,1.478057524413609e-16
HES2 (54626),0.690961701056635,0.7065924131839489,0.15094711708451197,4.681059346024763,2.853962989251798e-06,2.9171689630626733e-05
CYP1A1 (1543),1.067016065405879,0.7059544897290873,0.10447427025742893,6.75720910028456,1.4067510199354415e-11,4.1829991790412357e-10
NMU (10874),2.0642767764250207,0.7054012367121115,0.0875237839476728,8.059537703875378,7.658351896565044e-16,4.722441091627773e-14
ATP6V1B1 (525),0.752326293595445,0.7052929309420052,0.11916756356122188,5.918497532926933,3.2489587835929465e-09,6.180004280396899e-08
C19orf33 (64073),3.866406840751181,0.7041278451935891,0.1016716121211521,6.925510774379665,4.3440526839132925e-12,1.390651418769349e-10
REPS2 (9185),0.6000283277163163,0.703600090007691,0.10537860055429335,6.676878287496149,2.4408549537023004e-11,6.903214968685116e-10
PRSS16 (10279),1.5949884177797953,0.7035596623203452,0.07169585601592547,9.813114751905141,9.886870791886885e-23,2.0951810976722544e-20
BMP7 (655),1.1837437983283343,0.7033112217108881,0.14170162117417326,4.963325160877373,6.929642279008816e-07,8.032619239596813e-06
ITGB4 (3691),3.2063063431480723,0.702971141369813,0.07370223872804595,9.537988987874678,1.4562877905438697e-21,2.577800717238007e-19
INHBB (3625),1.0180803373939062,0.702134821847543,0.14680253873587748,4.782852039846544,1.7282534166232227e-06,1.8428987176834168e-05
IL17RE (132014),1.018964966681969,0.701938726165532,0.10033391267202756,6.996026642158728,2.6332348488261726e-12,8.612967725095347e-11
SYK (6850),1.5995560012287289,0.7016755749142864,0.1110771843266197,6.317009016460363,2.666740296266622e-10,6.191940508893147e-09
PTHLH (5744),1.4697272452920447,0.7002096501796128,0.11041781824020015,6.341455222891601,2.2760491286168853e-10,5.325884166278329e-09
DAPP1 (27071),1.0808368809609545,0.6995167987847681,0.13066124293453116,5.3536671094983115,8.618936150832609e-08,1.225713736535231e-06
ENTPD3 (956),0.32175094488540157,0.6991522778992326,0.21259499813069285,3.288658171860791,0.0010066620283111928,0.0055157454034851445
MYO5B (4645),2.068897510710848,0.6988148161707699,0.07613043475621123,9.179178056825112,4.3439438089009613e-20,5.996236564103107e-18
TMEM63C (57156),0.7179075530286185,0.698478581361674,0.12060823152231404,5.791301079084694,6.984324524596016e-09,1.2450965260316547e-07
FAM160A1 (729830),0.7768238418256284,0.6972438794292325,0.08804023799873983,7.919604663485945,2.382669299576613e-15,1.3277645289418416e-13
LPAR5 (57121),0.6943743758102775,0.6969081860039744,0.12582088681020745,5.538891067070722,3.043928959889265e-08,4.755862422688876e-07
TFF1 (7031),0.7602853890853069,0.6959731415973178,0.23930504920290901,2.908309473266465,0.0036338853031367534,0.016533244109765827
AP1M2 (10053),2.8172257648365275,0.6952069280373487,0.09056126315968867,7.6766478710823085,1.6330552377136564e-14,7.702491882959146e-13
SOX2 (6657),1.0110494990405814,0.6930082281632715,0.15830423222178192,4.377698678279031,1.1993901178991577e-05,0.00010646621660124323
RBBP8NL (140893),0.3247087527578284,0.6927841464841747,0.18895576538760886,3.666382685191173,0.0002460056979285803,0.0015997288917550686
CKMT1B (1159),1.8845382473687993,0.6917525625822925,0.09785933860450638,7.068845676322991,1.5622776741376314e-12,5.3061015541929575e-11
ATG9B (285973),0.763521138275971,0.6891663077122491,0.11294922324913018,6.101558628625242,1.0503909698814147e-09,2.1889449491462276e-08
GNA15 (2769),1.183619387503115,0.687843059500237,0.14642241596785613,4.697662273590939,2.6315609095222143e-06,2.7119496879911804e-05
WFDC3 (140686),0.6915015217246722,0.6871060002829968,0.11369395486720191,6.043469954805936,1.5083447503512917e-09,3.070981747467596e-08
NMNAT3 (349565),0.9540572820969644,0.68527719572169,0.10026585484332731,6.834601837210538,8.223310254508766e-12,2.525059716108957e-10
LRATD1 (151354),0.9028241634112871,0.6852555802509237,0.13277613582068706,5.160984509869718,2.4565450827742005e-07,3.1402869426865436e-06
WNT11 (7481),0.6249936500348803,0.6841010556689161,0.1594344964419505,4.2907969789210245,1.7803302229092178e-05,0.00015202524707089724
CYP2S1 (29785),1.4358086010161506,0.6826723756613521,0.10590415259641299,6.446134159280119,1.1473910523203016e-10,2.8629594980449847e-09
SLC44A5 (204962),0.7777996501862982,0.6822522505876808,0.11836347163341521,5.76404393325579,8.212202312893416e-09,1.4406899749977327e-07
HOXD11 (3237),0.7081627862720248,0.6814920116737081,0.16085488046576796,4.236688434322877,2.2684055772846165e-05,0.00018887897241740088
FAAH (2166),1.4949997569524969,0.6807861633809973,0.07821403263034021,8.704143495561329,3.199819877431976e-18,2.8487863831858884e-16
IQCD (115811),0.8827855439387076,0.679118535453143,0.08171840300356947,8.310472433283836,9.532180769062483e-17,6.895249608236256e-15
TCIM (56892),1.2682104346935934,0.6791105687078348,0.14035428539699019,4.838545305453124,1.307928841296477e-06,1.4364304632223935e-05
MAP3K9 (4293),1.4421552577673418,0.6789596404803523,0.06353071118959962,10.687109081056569,1.169598971568004e-26,4.88827392394783e-24
CLDN23 (137075),0.6885840040383367,0.6775095574065594,0.10600747932719623,6.391148640704865,1.6464423554485822e-10,3.942302823175963e-09
VSNL1 (7447),0.7722564695643594,0.6763141494584315,0.16139886877207085,4.190327693148391,2.785518759968603e-05,0.0002276182861713065
ZG16B (124220),1.003795128832483,0.6763084791729577,0.14004577680008204,4.829195814582832,1.3708555226288441e-06,1.5000648867980792e-05
CTAGE4 (100128553),0.86809916341271,0.675735760818816,0.1033917119010133,6.535685969352766,6.331864867380482e-11,1.6554934565572066e-09
IL18 (3606),2.5428507648687915,0.6753360793656682,0.09721397251264954,6.946903432814589,3.733910982450299e-12,1.2055885116297682e-10
TTC9 (23508),1.1440898143356542,0.6743879288403908,0.08605219425809396,7.836963771286502,4.61571152555439e-15,2.4539927778618854e-13
LYPD6B (130576),1.4888263015508596,0.6732573242338673,0.10577938844522784,6.364730729961417,1.9563263416420299e-10,4.628126750997796e-09
MAPK13 (5603),1.905198344091563,0.6718826577545411,0.07198172558864711,9.334072672752233,1.0187914349475873e-20,1.517696626754594e-18
MUC3A (4584),0.6187139492176921,0.6705658797699219,0.17575778519450247,3.815284079893472,0.00013602635385244328,0.0009401251814716865
ATAD3C (219293),0.4062824957689797,0.6696834531930633,0.17485438946070408,3.8299493381809824,0.00012816964365660113,0.0008932100317078373
H3C15 (333932),0.35897313069160197,0.6679004481859101,0.13257287370032375,5.037987255942534,4.704527583222415e-07,5.680924720478688e-06
SAA2 (6289),1.05524173961788,0.6676922807755626,0.17453611364487107,3.8255250837893486,0.0001304936457675796,0.0009068856324337195
ANKEF1 (63926),1.1668526279139495,0.667094369441217,0.07058750037909794,9.450601960099355,3.368876611566068e-21,5.335591315539269e-19
USH1C (10083),0.6542812665509369,0.6654161434669824,0.23066478085644387,2.884775651472817,0.00391692683858522,0.017581766471764085
CLIC5 (53405),0.44588305782555987,0.6650925660010011,0.2115321177099156,3.1441682388538053,0.0016655965232854437,0.008506641306637062
PITPNM3 (83394),0.7858164491638616,0.6641045707642359,0.10052624490704282,6.606280493002968,3.9409588855436195e-11,1.0664688379836204e-09
IL23A (51561),0.802130555077938,0.6628721704504554,0.1149967904974557,5.764266703296571,8.201363689036454e-09,1.4406899749977327e-07
KRT19 (3880),4.329614906730617,0.6627310663985645,0.08615731939262235,7.692104061159013,1.447348216462834e-14,6.848050712232642e-13
KLRG2 (346689),0.3523104601983313,0.6622183924868248,0.20750971939034585,3.1912644594787776,0.0014165155685276459,0.0074131802588059
LSR (51599),3.5151783251790687,0.6613916134059973,0.06450948459697925,10.252625912887357,1.1517136899647962e-24,3.094407889144701e-22
CDKN2A (1029),3.412462445724824,0.6612061749421041,0.07313968157552414,9.040320667233718,1.5621288852627512e-19,1.942462083277963e-17
PADI1 (29943),0.7075745277217689,0.660694399960509,0.14718229650546025,4.488952921970464,7.157411145603481e-06,6.68884522340062e-05
SPINT2 (10653),4.876461480602332,0.6598085513124837,0.06046194133581427,10.912791364865587,1.0013360449455693e-27,6.5504791879352325e-25
ARHGEF37 (389337),0.7902164808736389,0.6593907854841009,0.10235429216293807,6.442238733226888,1.1772390805654962e-10,2.913279777639006e-09
PROM1 (8842),0.7757699535654976,0.6593366918008283,0.19477129885767525,3.385184037215996,0.0007113054681609272,0.0040770674567425945
SPANXA2 (728712),0.613562679021886,0.6591841750969903,0.24884309157694398,2.648995280197144,0.008073145910012455,0.03208361155891373
PKP2 (5318),2.03555293634466,0.6584731467438709,0.07577454156478343,8.689899445724913,3.627604243355115e-18,3.173310084041922e-16
RASGEF1B (153020),0.6345641570334078,0.6573604868667072,0.1350036098806663,4.869206737862549,1.120471350889572e-06,1.2460171430513303e-05
SUSD4 (55061),0.8226708607361708,0.6571133272382769,0.12010806830617925,5.471017363822427,4.4745945038871336e-08,6.745966824196975e-07
TBC1D30 (23329),0.8397898104576842,0.6567695599698646,0.0988781103075977,6.642213912935178,3.0900604866786574e-11,8.515210637832798e-10
CNFN (84518),1.1447500469100678,0.653741623749077,0.07820440819652866,8.359396085527765,6.304012506218922e-17,4.7189140382373085e-15
DUSP9 (1852),0.6075970132612427,0.6534419139609133,0.1290244759790344,5.064480277890012,4.095160285682447e-07,5.009413142957569e-06
STK31 (56164),0.2558781511008434,0.6526329677024014,0.21016030974910804,3.1054054330312066,0.0019001837090178082,0.009523705558255144
BARX1 (56033),0.6644870845650473,0.6511906356330445,0.19826150437688614,3.284503654300739,0.0010216217330714828,0.005583480056590457
PACSIN1 (29993),0.38533229925864726,0.6510870541835854,0.1965640637965278,3.3123402193065896,0.0009251895806379989,0.005129109222652665
CORO2A (7464),1.4980629440391389,0.6508620111618798,0.07140069240830105,9.1156260423913,7.821756297752942e-20,1.0323346075086909e-17
AIFM3 (150209),0.5153948110837108,0.6504408715471404,0.13676108521486877,4.7560376588502224,1.9742965577293064e-06,2.0758396930534692e-05
RARRES1 (5918),1.0054547229236006,0.6471175749457829,0.13838937514645855,4.676063998850586,2.9243337732255447e-06,2.978979414485548e-05
MAPK15 (225689),0.9243109840950124,0.6461906223859871,0.1082690624439405,5.96837737207313,2.396246384846765e-09,4.652119110503797e-08
MYCL (4610),0.9524269244335157,0.6461884456598244,0.1044885451729575,6.184299385068511,6.237888470312654e-10,1.3562900278081532e-08
C15orf62 (643338),0.6181521868504564,0.6461068473894364,0.09657542319115581,6.690178785036953,2.2289810869104738e-11,6.351751786677082e-10
NEBL (10529),1.38195139383551,0.6455705752786723,0.09756623075242173,6.616741984394517,3.6720157317969814e-11,9.972770523577145e-10
EYA2 (2139),0.8226224547981255,0.6455536894127127,0.15943004200483596,4.0491345375994525,5.140738738631081e-05,0.0003944714091346853
HBA2 (3040),0.5454134981875994,0.643861168173315,0.20564873367022193,3.1308783510712495,0.0017428433800542632,0.008856069400978198
TNNI3 (7137),1.0847608572453586,0.6435734208246099,0.10902291586189491,5.903102258243196,3.5672900415996537e-09,6.73443487652552e-08
STPG4 (285051),0.31796190418299186,0.6434151476183767,0.23490300824239452,2.7390672960409335,0.006161376025872721,0.025708281665358004
FRAS1 (80144),0.9546776356590427,0.6415748169168252,0.10383202181840355,6.178968738939746,6.452166902366379e-10,1.3968245066619358e-08
AK7 (122481),0.5782716546568724,0.6400447554896951,0.11618207927459877,5.50898003793628,3.609188280224405e-08,5.535560332747848e-07
MYO5C (55930),1.3747070167245217,0.6390163464197708,0.08698610561734225,7.346188703180331,2.0393840522929555e-13,8.074887487052581e-12
TPRG1 (285386),0.4829056103752203,0.6387855504974781,0.15194324278598842,4.204106341189556,2.6211569166972932e-05,0.00021586166923167748
MAP10 (54627),0.4579522721549153,0.6387822559989381,0.11499439212951833,5.5548991926447755,2.7777201857123587e-08,4.36522870272412e-07
OCLN (100506658),1.9582331769102594,0.6386051451017034,0.06292756335721096,10.148257949805469,3.373309461738709e-24,8.459135693553436e-22
KRT80 (144501),2.591513043544114,0.6368376730614106,0.07801014625535148,8.163523639307671,3.25390237032332e-16,2.1333120303235285e-14
PLCH2 (9651),0.46920458498092554,0.6365804693279243,0.193263654734396,3.293844723172511,0.0009882707620794326,0.005426832805199688
PCSK1 (5122),0.4599698664921012,0.634713633295581,0.23820288063985862,2.6645926010240446,0.007708164115744322,0.030894256069656116
EPHB6 (2051),1.0517136031826684,0.6345131359197119,0.11878775137795754,5.341570393910608,9.214482052256597e-08,1.2932938149090743e-06
PANX2 (56666),0.9288839926220576,0.6331717099574923,0.09034698057222332,7.008222144749322,2.4136537530340295e-12,7.965710336624563e-11
HES4 (57801),1.594686420971656,0.6315153441668098,0.06886021019627614,9.170976132178016,4.687548776702827e-20,6.3539512517361016e-18
SPATA6L (55064),0.4396878384558295,0.6314874104748402,0.1252062477139572,5.043577473206603,4.569076466741089e-07,5.535130798597941e-06
AKR1C2 (1646),2.4019312210796504,0.6306143852468445,0.09789923339900265,6.4414639762977846,1.1832653624221183e-10,2.9233843420366487e-09
INAVA (55765),1.942983376499527,0.63031380140223,0.08615887679454644,7.3157151631081465,2.5601420111078405e-13,9.979247849515173e-12
FOXA3 (3171),0.4145302577537589,0.6300426113107469,0.19824133860279275,3.1781595894745993,0.001482131460556587,0.007689706881218761
USP43 (124739),1.0150854161186502,0.6295971705360628,0.07629894509859496,8.251715272373493,1.561370685552736e-16,1.09266899231751e-14
EPHA10 (284656),0.41591587669092356,0.6294518247186724,0.15200565893784695,4.140976257838182,3.458307593013234e-05,0.0002764808503957339
GCNT3 (9245),0.929792662567936,0.6282510992415934,0.16174845865728354,3.884124179339147,0.00010269941190534332,0.0007326767906722597
RASAL1 (8437),0.8446002024168581,0.6278992522006159,0.12769887015654083,4.917030600434443,8.786682099984375e-07,1.0028847433823059e-05
LLGL2 (3993),2.979196370469885,0.6278534141247285,0.05254841837973745,11.948093462824893,6.643175015273886e-33,9.086655570891898e-30
RAET1L (154064),0.3074582630573107,0.6272669284998277,0.21618213161702438,2.9015669510145132,0.0037130142756653154,0.01682711228664468
H2BC9 (8345),0.43284892041083645,0.6255660003505623,0.11719235059043491,5.33794225646004,9.400738614995906e-08,1.3169787076464469e-06
TMEM92 (162461),0.5923588313567072,0.6255089714383214,0.13147731759839465,4.757542843617909,1.9596367415174787e-06,2.064754510705321e-05
SLC44A3 (126969),1.4410185247305767,0.624542756676421,0.08076362323471407,7.732971004302071,1.050652344120574e-14,5.132504925207193e-13
C15orf48 (84419),2.0300595171809515,0.6230839111316444,0.11514186771036622,5.411445232927624,6.251811554904429e-08,9.15026815711012e-07
CAPN12 (147968),0.7630740304820572,0.6216934040403613,0.11935800345772885,5.20864446480572,1.902252137403828e-07,2.4931433501200345e-06
CLIC3 (9022),1.3262429918308962,0.6196628333042787,0.1231702631223824,5.030945112852277,4.880678703269401e-07,5.865390716405064e-06
NEURL1 (9148),0.563964103091373,0.617384184795399,0.16835189401466552,3.6672244669942193,0.0002451975372484096,0.0015963834467501389
MKRN2OS (100129480),0.3578850117898482,0.6169489227889461,0.15905407355557993,3.878862760301195,0.00010494593817226914,0.0007476404288541484
ACOT11 (26027),1.0895415971772249,0.6163321166235656,0.08100417934202064,7.60864589493897,2.7698247292093737e-14,1.2366404414149626e-12
B3GALT4 (8705),0.9585162551383934,0.61557019362559,0.07932641098308055,7.759965262475877,8.495265099028843e-15,4.274908317056454e-13
UNC13D (201294),2.0681112156010277,0.6151837388614774,0.0853968457900583,7.203822731039272,5.854747310718579e-13,2.164386438257291e-11
HCAR1 (27198),0.386805289807953,0.6148075257926526,0.2083263400288832,2.951175188444309,0.003165673080833392,0.014673665179981275
GALNT3 (2591),2.2835903810487124,0.6141844441282727,0.08127583979648785,7.556789885729526,4.1313853207198656e-14,1.7965555935130376e-12
JAG2 (3714),2.2395139588112802,0.6127636255670037,0.06824418533919359,8.97898659821916,2.7327205574755416e-19,3.0914671810358645e-17
KCNJ15 (3772),0.5241803394316741,0.6125430109779733,0.189179600687163,3.2378914468209787,0.001204166181673224,0.006420228337865106
RAP1GAP (5909),1.396763896097408,0.6120800984877438,0.08176034262813457,7.486271202062218,7.085790201286625e-14,2.9863529234890352e-12
CALB2 (794),1.1434092712406467,0.611570807938167,0.1375887197076564,4.4449196797354515,8.792471029452306e-06,7.983797170135148e-05
MMEL1 (79258),0.37243802128227405,0.6103293184646408,0.18562329481776788,3.287999596515189,0.0010090198409330306,0.005524640657452102
RBP1 (5947),2.242326279230145,0.6085630750986061,0.11592427796882346,5.249660258934477,1.5237998287512462e-07,2.034347136059561e-06
PIP5KL1 (138429),0.9586100937168295,0.6076745593229906,0.07859598237401139,7.731623690779451,1.0618343502072101e-14,5.170342923371419e-13
EPB41L4B (54566),1.5462482877387609,0.6063488811777464,0.06754889204660157,8.976444510139855,2.7965774409019014e-19,3.116837346356297e-17
SYT13 (57586),0.5874769208620715,0.6059098792536618,0.20520012614706712,2.9527753741213867,0.003149310363895164,0.01461583088684967
SLC27A2 (11001),1.4067127899704466,0.6042091070432102,0.09498783323417004,6.3609105131777826,2.0056127143528492e-10,4.722448967160089e-09
CDH23 (64072),0.34261905328472336,0.6031774550747109,0.20066089334930992,3.0059541996790635,0.002647488716318782,0.012645750865311872
PITX1 (5307),2.4283897483425503,0.6029129876321861,0.05809518991311166,10.37801905000939,3.1218561239880475e-25,9.032970623370032e-23
KCNQ1 (3784),0.5219194434191887,0.6029124746577647,0.18229587230253388,3.307329272147125,0.0009419010666901769,0.00520574810110899
C5orf38 (153571),1.103343559748247,0.6028177500539803,0.14735318526489957,4.0909719662339405,4.2956906048889236e-05,0.0003371568118996283
SYBU (55638),1.499124409765762,0.6028075942044286,0.07510835387893183,8.025839511488993,1.0083397470580529e-15,5.996632345547614e-14
NHLRC1 (378884),0.625569675501584,0.6026272804669259,0.0960286020248551,6.275497797114112,3.4851741472809153e-10,7.945140942422523e-09
BANK1 (55024),0.5979235035928165,0.6021495963550504,0.13230118933260812,4.551354370981752,5.3301685087032465e-06,5.1310118606493315e-05
PRR5-ARHGAP8 (553158),0.3376533967882646,0.6020371988157666,0.1361929642113818,4.420472102225188,9.848550026113346e-06,8.846643802561279e-05
RHBDL2 (54933),0.942283175945381,0.6018991860380256,0.10684752459469435,5.633253445236238,1.7684127305995637e-08,2.904753050720637e-07
PLLP (51090),1.3338029397403925,0.6014759320599775,0.08955767719804614,6.716073382853434,1.8668680390248164e-11,5.422566894819959e-10
AKR1B10 (57016),1.391190147932171,0.6005235938768272,0.13393764377548922,4.4836057806380785,7.339219451942798e-06,6.841753152040354e-05
ACP3 (55),0.5875992493826769,0.6001878816157198,0.13706793628360983,4.3787620787830335,1.1935534729269605e-05,0.00010601065852219036
C11orf45 (219833),0.6598066530548472,0.5990767232671781,0.09346064117052993,6.409935944844335,1.4558078916966504e-10,3.544350410755308e-09
LONRF3 (79836),0.8405522234260224,0.5987565853649168,0.08543666886472213,7.008192071638117,2.414172480061678e-12,7.965710336624563e-11
FAM166C (339778),0.2977278771188309,0.5971088181132674,0.19198113280818843,3.110247394517923,0.0018693070730633424,0.00938771502713987
ALS2CL (259173),1.7415256769248648,0.5970460251471635,0.08597788477370974,6.944181363830527,3.806612117099815e-12,1.2264301052223518e-10
LMTK3 (114783),0.7761028274793439,0.5966425756658229,0.08793725636547235,6.784866850816242,1.161936227321206e-11,3.489519456342289e-10
PRICKLE4 (29964),0.42258919144373647,0.5949982446795231,0.11981598884893531,4.9659335986426685,6.837134748888503e-07,7.940267346984312e-06
LGR6 (59352),0.3950351034488524,0.5941201593978055,0.20483516921999806,2.9004792568589903,0.0037259249801073115,0.01688053816642415
SPANXB1 (728695),0.5652724078671353,0.5934219908073716,0.23133486183248714,2.565207794911071,0.010311403201858456,0.03921942228457848
MTARC1 (64757),1.5122708680353631,0.5922332590983036,0.08629899347958307,6.862574350168016,6.763051794489562e-12,2.098079944327628e-10
F2RL1 (2150),2.2990702431518217,0.5900665335721256,0.08177029873942884,7.216147460246482,5.348106280707149e-13,1.9868544962844386e-11
CCR3 (1232),0.29859870976447844,0.5896033673681832,0.19932673920609237,2.9579742773926947,0.003096679634922546,0.014411581128068241
RSAD2 (91543),0.732986112348736,0.588770324783184,0.145407362002365,4.049109458251555,5.1412896006454736e-05,0.0003944714091346853
NEB (4703),0.5429854371848389,0.5887215134263746,0.14403948792120685,4.087223038090913,4.365673726833515e-05,0.00034140294643418437
LIPG (9388),1.4866896132086933,0.5880042885841272,0.0982089996645218,5.987275001198745,2.133858264667211e-09,4.202360137458489e-08
TINAGL1 (64129),2.8706735438283992,0.587973355096013,0.09864525645298959,5.960482807160806,2.5149376435062667e-09,4.8574777643382915e-08
AZGP1 (563),1.1884755599816437,0.5877872913743428,0.15965887580844076,3.681519667466355,0.0002318479005528892,0.0015160293401646114
LRRC56 (115399),0.4743784155878148,0.5874790156088334,0.10986135030856704,5.3474585371359815,8.919783646668764e-08,1.2613445934941562e-06
MMP28 (79148),0.8356563335151472,0.5869343424499056,0.15449374112651265,3.799081685576335,0.00014523322256679936,0.0009964336829640051
COBL (23242),1.2024832114854729,0.5860908517743759,0.108598044469023,5.396882187335842,6.780888095257882e-08,9.857511331521748e-07
ARHGEF5 (7984),1.8439036754743146,0.5859877187310187,0.07322547190303824,8.002512015312872,1.2190627241310711e-15,7.164850682529725e-14
THRB (7068),0.901010964376914,0.5852889273260331,0.09200708184253012,6.361346492085833,1.9999272058846807e-10,4.716442749175691e-09
RND1 (27289),0.8301503670669168,0.5844606036124004,0.1013988765826359,5.7639751376938495,8.215552296610758e-09,1.4406899749977327e-07
DNAH5 (1767),0.6318906902604782,0.5840844158583578,0.10392931164261497,5.620016207428251,1.909395459232622e-08,3.10917360168983e-07
TMEM139 (135932),1.4281138784906349,0.583178619150816,0.1296589563619128,4.497788934248466,6.866381202423657e-06,6.44891208312524e-05
CPLX1 (10815),0.703023944729442,0.5821067567614041,0.12880617746026157,4.519245646746965,6.206035581142631e-06,5.865327346348745e-05
EPS8L1 (54869),2.3250510558092583,0.5815856969249616,0.06348738624588814,9.160649560724814,5.158585980562805e-20,6.930007559245355e-18
NGEF (25791),1.4083680191494374,0.5800805279333724,0.08649789762271046,6.706296267032846,1.9962622614369187e-11,5.73201564610303e-10
PRR36 (80164),0.56758045611823,0.5797952138289554,0.1438398341862275,4.030839003042107,5.557810481433302e-05,0.0004225508666177133
THBD (7056),1.1271888317414436,0.5794032958786189,0.13243248375173433,4.375084416334004,1.213854939607472e-05,0.00010755984347075398
SCX (642658),0.479156210941436,0.5793043511993964,0.11905111782616547,4.866013539203197,1.1387172025035335e-06,1.2635058280876227e-05
C4orf36 (132989),0.48136772245107484,0.5787757788378363,0.10844692691261658,5.336949559706724,9.452332133962508e-08,1.3229747840706966e-06
PRSS27 (83886),0.6116542220653659,0.5764550556393281,0.10697080563816504,5.388900758485645,7.088993565884368e-08,1.0236180152811536e-06
ACTR3C (653857),1.0886494720654238,0.5762675985890879,0.07546115894220935,7.636612088483993,2.2301211132678484e-14,1.0137281652636873e-12
DENND1C (79958),1.8583766996920579,0.576262920287608,0.0863173729693881,6.676094283962695,2.453941300700459e-11,6.927204654847862e-10
PADI2 (11240),0.7911562691550245,0.5759730857468848,0.14574995486910083,3.951789119002957,7.756908253665288e-05,0.0005684872946159177
SLC29A2 (3177),2.30471117559966,0.5744369943747227,0.050526248015482,11.369080763699428,5.9612066015424674e-30,5.276018501576939e-27
IL20RB (53833),1.3271532989363344,0.5743801113520396,0.09585084196996106,5.9924367856053475,2.0671980210252138e-09,4.081766591121439e-08
ABCC6 (368),0.5948222351060454,0.574179050429907,0.1233460229539696,4.655026864094189,3.2393846781613055e-06,3.2514864488068717e-05
PLCH1 (23007),0.4983252868295821,0.5729198395477378,0.1375439076451751,4.1653596248385725,3.108621511534075e-05,0.0002511939810018351
ARFGEF3 (57221),0.9191818889353223,0.5723296200655418,0.0910916189582562,6.283010738098953,3.3207811519570156e-10,7.593384986678611e-09
H2BC8 (8339),1.004563746279041,0.57211381450349,0.08027660814923086,7.126781109634756,1.0274328495682269e-12,3.5950592220008234e-11
EDARADD (128178),0.5503006535265978,0.5719341505334596,0.13954798883580075,4.0984764832865235,4.158784820462292e-05,0.0003276077298883542
OASL (8638),1.4493632388616906,0.5715392161533482,0.10811296495989409,5.286500248747855,1.2467864683971515e-07,1.7053772003185038e-06
HNF4G (3174),0.647503438529616,0.5711468940746637,0.13280261033708343,4.300720389644165,1.7024376137289143e-05,0.00014612023009791925
HENMT1 (113802),2.070683839045943,0.5707057172201663,0.06737391348068336,8.470722386993183,2.4387583403538562e-17,1.9012206211898508e-15
DLX6 (1750),0.6696488004281671,0.5703308142639394,0.12821775128448348,4.44814238707491,8.66161077315105e-06,7.881384530286473e-05
FGF12 (2257),0.6473600159225069,0.5702163882145304,0.13288727665681632,4.290978057192969,1.77887893642975e-05,0.00015198757795299275
MYO7B (4648),0.3942026708306716,0.5702152346308911,0.22374406519106865,2.5485155735592344,0.01081824564921921,0.040815276840058236
CRABP1 (1381),0.7147775889009237,0.5701559733562163,0.21227454515012456,2.6859366154947653,0.00723268080691499,0.029337802615161498
NOTUM (147111),0.6212553111564567,0.569811048170047,0.16015731128339203,3.557821017373281,0.00037394396345339807,0.0023214879838137172
TNNI2 (7136),0.5034234633467367,0.5697141831155097,0.21096271671411654,2.700544399452111,0.006922609638993155,0.02837308216515691
RLN2 (6013),0.42855377030022773,0.569199783270583,0.14154156939422724,4.021431906588692,5.784543045110344e-05,0.00043779796104995085
KCNE3 (10008),0.6871129573974487,0.5690983146233183,0.19027607017002657,2.9909084947717512,0.0027814882853179714,0.013181188264848567
TMEM176B (28959),0.7053350854531841,0.5690779345872056,0.20620096869125973,2.7598218291557775,0.005783289288148743,0.024400837723923256
CCRL2 (9034),0.45131063301164775,0.5685808842994381,0.16124358355544413,3.5262233185479266,0.00042153136007487985,0.002574819520755639
DOC2A (8448),0.9087089418742412,0.568023900493776,0.09707253915688631,5.851540563657755,4.870404628233152e-09,8.904022847678738e-08
PAX6 (5080),1.1242518296672583,0.5679584464967431,0.10813251756068161,5.252429697459113,1.5010576633084485e-07,2.0135041602176164e-06
H2BC18 (440689),0.5931503025091993,0.5678623452819642,0.09883812543125384,5.7453775332570105,9.171611831614899e-09,1.5934881249246857e-07
RBM47 (54502),2.123812029454568,0.5675581382348482,0.07480284920594342,7.587386633793533,3.2642198551932523e-14,1.4360658462350198e-12
TMC7 (79905),0.7578232218077126,0.5669505304254835,0.08799941990747526,6.442662133700304,1.1739584380769132e-10,2.913279777639006e-09
CES1 (1066),0.9332091490953485,0.566695066572598,0.19363859052952076,2.926560583935896,0.003427327448822226,0.01568833854425896
WNT9A (7483),0.830213585486447,0.5662118546397744,0.10256599982713044,5.520463463468347,3.381066927708945e-08,5.212247233023442e-07
CXCL5 (6374),0.8536065869156438,0.5660606159640196,0.21779108157558374,2.599099154423226,0.009346877041527807,0.036221554294995725
SORL1 (6653),1.925501930529572,0.5653309041710004,0.06943969291153226,8.141322066202752,3.909848164770106e-16,2.5033010845587668e-14
ADAP1 (11033),2.041775678144506,0.5632401586406081,0.07264992628556065,7.752797386561883,8.988998367227397e-15,4.4784261401756096e-13
OTX1 (5013),0.7297531973183572,0.5620469486587842,0.08763778010287754,6.413295133662676,1.4240744507148262e-10,3.47271056490361e-09
TMEM52 (339456),0.8100551605659397,0.5619304691630501,0.09638251135601807,5.830211946723295,5.535701964269182e-09,1.0022884687652722e-07
DHDH (27294),0.313585693029048,0.5617198936589319,0.14523415090540057,3.867684633105424,0.00010987363251368842,0.0007794241748236473
EPHX4 (253152),0.862312344536287,0.5606605261405228,0.09778051816832861,5.733867406750175,9.816608384463509e-09,1.6899392420210293e-07
PLS1 (5357),2.6135652169894965,0.5603821495875712,0.0467353013258872,11.990553900145056,3.9823326187250624e-33,6.657575175704143e-30
KIAA0319 (9856),0.2565604571700443,0.5594750746513966,0.20969285462889423,2.6680693323648654,0.007628851343830961,0.030641670400235087
ACSL5 (51703),1.9573885629673824,0.5589537096095409,0.09275679776543219,6.026013435942988,1.6805321869952573e-09,3.366882461455478e-08
RIPK4 (54101),1.8561811136784587,0.5588775559091034,0.0728291607299528,7.673815684645823,1.669539350050545e-14,7.849965331518905e-13
MAP3K21 (84451),1.5121986528365974,0.5585905496701897,0.061856684820476626,9.030399079604047,1.710468607446011e-19,2.080150076558409e-17
CNTNAP2 (26047),0.5820117770225222,0.5585895616482527,0.18159335994103964,3.0760461826887147,0.002097653521015943,0.010375179118082143
PMFBP1 (83449),0.4848603435629027,0.5584691950286399,0.10735199267096263,5.202224766710817,1.9691686279304195e-07,2.57188465068065e-06
PLEKHA6 (22874),1.5921777799499603,0.5572274074116538,0.08764472569421533,6.357797380252757,2.0466718674354755e-10,4.811597643349088e-09
TSPAN2 (10100),0.9404644621992997,0.5564444124805163,0.11188710269023494,4.9732667939490804,6.583395875311794e-07,7.690510430119662e-06
TSSK6 (83983),0.5285675429649895,0.5561136249868152,0.10220408254374151,5.441207544217312,5.2920615780593537e-08,7.868019614968482e-07
DLX3 (1747),0.5114744302219729,0.5558022014524614,0.16535415953282165,3.361283459834214,0.0007758116197020702,0.004404853445297113
TPPP3 (51673),0.9883436385854949,0.5557746400775473,0.119165198480948,4.663900594823445,3.102713027247054e-06,3.134381023299466e-05
TGM1 (7051),0.9116865359010501,0.555231195071008,0.08901494164456976,6.237505578423071,4.446032581709314e-10,9.957135068568271e-09
HOXA3 (3200),1.370718745318365,0.554594855376263,0.07671179749682552,7.2295901474504385,4.844538421124242e-13,1.8087078184673787e-11
CDKN2B (1030),1.637900861275527,0.5541085927321362,0.09011132804296265,6.149155769493843,7.789644877722532e-10,1.676723845925797e-08
RHOD (29984),2.3183481991791823,0.5529309311775198,0.09323519621373925,5.93049571011724,3.020214746038671e-09,5.781444156348327e-08
ACP7 (390928),0.30462491758042376,0.5521826040433433,0.1969034909277942,2.804331205310282,0.005042108073992445,0.021762351715803305
PHACTR3 (116154),0.5717024057525054,0.5519980573666305,0.18973871767830763,2.9092536521856083,0.003622927853951701,0.01649336535266484
GABRE (2564),1.6712885999449392,0.5516876373869859,0.09768821818616974,5.647432695881553,1.628615614497535e-08,2.6898079622096505e-07
TTC6 (319089),0.3171536025358385,0.5515308818686129,0.1879038998428788,2.935175280182003,0.0033335932046088565,0.01534799368315326
FGFR3 (2261),1.4432234149970338,0.5511895458722283,0.09216261607313957,5.980619576106742,2.222904744025962e-09,4.3583485753374026e-08
KLK1 (3816),0.6856179134856772,0.550788217316476,0.15663621349543227,3.5163529877625503,0.00043751888039625565,0.0026543988203395416
C1QTNF12 (388581),0.5716147390150841,0.5502248058841348,0.10165639765755513,5.412593978960871,6.211823380087959e-08,9.109463409045168e-07
SNORC (389084),0.597538403981285,0.5484347613574144,0.10024243562921602,5.471083757242338,4.47291829445538e-08,6.745966824196975e-07
LHX6 (26468),0.5226367996588441,0.5480237379684658,0.12775928972677206,4.289502071751319,1.7907414303292523e-05,0.0001528275414675776
FGD3 (89846),1.0409337408539152,0.5475594976310159,0.11536152718625316,4.746465403036592,2.0700211186838265e-06,2.1734499477820553e-05
SH3BGRL2 (83699),1.5070174126534386,0.5474020081318426,0.07016331469347359,7.801826503256132,6.101749883951146e-15,3.176710337506192e-13
CDCP1 (64866),2.271117618122536,0.5463739763280693,0.08358398911838698,6.536825797512419,6.28381670186962e-11,1.6471481898315385e-09
KCNH2 (3757),0.9737976375642015,0.5461111957266379,0.1338815393924623,4.0790627162252715,4.521763815287066e-05,0.00035141765684302265
CCDC120 (90060),1.5110940180641657,0.5457442615074285,0.0611579973341749,8.923514262990235,4.517215496322804e-19,4.719862802616174e-17
LNX1 (84708),0.6991519670904622,0.5453630334983577,0.10524107409669871,5.182035989078385,2.1947685219314743e-07,2.8345482558781944e-06
TSTD1 (100131187),3.6220669753060113,0.5453502886957474,0.07148748918744192,7.628611591964375,2.372953882602427e-14,1.0754055457119313e-12
TFR2 (7036),0.947671925599798,0.5451528331942386,0.09735899980755232,5.599408727203769,2.150841399437015e-08,3.448909653788893e-07
AGBL2 (79841),0.6593969809362805,0.5437953013143398,0.0923482277232595,5.888529912495284,3.8964603029821e-09,7.309992733001083e-08
NPM2 (10361),0.9279584952053026,0.5430527466622584,0.10817400980741226,5.020177652923129,5.162371324527652e-07,6.154757444440813e-06
ARHGEF35 (445328),1.4977469999171784,0.5427627880758181,0.08341934190737003,6.5064381433086504,7.695356818828802e-11,1.9792194648905666e-09
FAM83H (286077),2.3262962451815303,0.5425233588091278,0.06590636029054382,8.231729933460892,1.845289088114576e-16,1.2853805379524033e-14
VWA1 (64856),1.6141639963325551,0.5420880608166575,0.07735925971846419,7.007410137965311,2.4276983949577915e-12,7.992811827250531e-11
KIF1A (547),1.0004753512448001,0.5415262817191293,0.1806160245540597,2.998218364379106,0.002715630211215939,0.012930181062643993
SPATA25 (128497),0.40883296090771437,0.5410621540274602,0.11466417314144507,4.7186679082404215,2.3739398427063655e-06,2.471854593312109e-05
SH3RF2 (153769),1.5846451119677583,0.5405884510178984,0.07584342913883747,7.12768999445302,1.0206733337381434e-12,3.5797321630359215e-11
PCSK1N (27344),1.1506380262437352,0.5405619469250834,0.12171937978825936,4.441050783083469,8.95206635139277e-06,8.118914425741749e-05
ZC2HC1C (79696),0.749541277036242,0.5396461965222628,0.08659068628659178,6.2321505887617015,4.600748861398992e-10,1.0270455099200182e-08
CLDN1 (9076),2.7612029324745517,0.5388821667101596,0.08930248431124618,6.034346870261663,1.5960689712495918e-09,3.2234166095867595e-08
MYORG (57462),1.3085121563701017,0.5383224142763785,0.06594455730899355,8.16325768560375,3.2610778078852287e-16,2.1333120303235285e-14
ELAPOR1 (57535),0.6029115164194526,0.5383009632885676,0.1902991907924513,2.8287086300627644,0.004673622765746502,0.02045950774903168
CCNO (10309),1.1305300793274733,0.5378811515609688,0.07097033029909589,7.578957985599526,3.4834128210899214e-14,1.528030008924751e-12
PPP1R14C (81706),1.2620233647247185,0.5373131978354206,0.10047103963206255,5.347941056478846,8.896042520385631e-08,1.2591707973821467e-06
TESMIN (9633),1.8354481727482843,0.5356591879223189,0.055642823551685996,9.626743463597801,6.1652397426534475e-22,1.1312463069263876e-19
SLCO2A1 (6578),0.49022195395002405,0.5354718761162803,0.17406703953136154,3.076239347540605,0.002096294960786676,0.01037186911542135
CCSER1 (401145),0.4619789103461363,0.5333021148621707,0.13492328943528717,3.9526320259035534,7.72962558712309e-05,0.0005671516015257064
PPAN-P2RY11 (692312),0.6427351697951915,0.5329725779523835,0.09261389859941237,5.754779639043996,8.675488577889795e-09,1.5142853960896737e-07
AFAP1L2 (84632),1.4313564097888043,0.5325910918211835,0.09442258690527552,5.6405051934816965,1.695519544283024e-08,2.7941716389137324e-07
CRACR2B (283229),1.944583246938477,0.5324268438107431,0.06941968699279305,7.669680848114716,1.7242483498974035e-14,8.031901137014345e-13
PDZK1IP1 (10158),1.3800855578212852,0.5305586262922538,0.1677649380150603,3.1625119799741794,0.001564142997000391,0.008067910707188168
PLEKHG4B (153478),0.7518050950217889,0.530468133621388,0.1322843726498913,4.010058958553968,6.0703588307151724e-05,0.00045713022505976215
NLRP2 (55655),1.3030427306822643,0.5300497412763379,0.1499355755116742,3.535183291006659,0.0004074923972958719,0.0024974055436715633
UGT8 (7368),1.589330560458534,0.5300229858920579,0.08227310553650131,6.442238717449503,1.1772392029805367e-10,2.913279777639006e-09
INPP5J (27124),0.7742429821340381,0.5298654125918599,0.09509522116318762,5.571945741443593,2.5190988419219108e-08,3.981340459617339e-07
SULT1A2 (6799),0.3756409475428864,0.5279602357578504,0.17856946040911548,2.9566099071378478,0.003110413562514901,0.014466547901576258
PWWP2B (170394),1.812385096804774,0.5278333952860038,0.05574052615244825,9.469472782556792,2.8125966606361208e-21,4.550357995261405e-19
SAMD12 (401474),1.4457742877934108,0.5257407839943851,0.0680794038727857,7.722464564713185,1.1410164638598708e-14,5.537978617817941e-13
H3C14 (126961),0.2664013687774965,0.5249806699372932,0.17077320232883003,3.074139635365177,0.0021111059667665573,0.010421161540672448
KCNK1 (3775),2.130885978156787,0.5237847897532503,0.07627945811019651,6.866655882591205,6.572435220995581e-12,2.0431582713863537e-10
NOS1AP (9722),0.5963736523199195,0.5231089132412121,0.10236106437718279,5.110428622680655,3.2142873434243875e-07,3.986988241480901e-06
GPRC5D (55507),0.5741146216572324,0.5218254582936727,0.1152630730332847,4.527256167662511,5.975448717242986e-06,5.672340782311544e-05
ANXA3 (306),3.314553275752754,0.5216209524294176,0.08186510341344236,6.371713107049795,1.8692831770372385e-10,4.436156889858405e-09
TSPAN15 (23555),3.1128792046988623,0.5202204092127493,0.04848573926134338,10.729348817570976,7.411661401186165e-27,3.2798781600660892e-24
C2 (717),0.6928588479740443,0.5198496944511216,0.1254176942734607,4.144946990634683,3.398923292964753e-05,0.00027202233971248765
HPSE (10855),1.3288276927661937,0.5198457863978784,0.06665224794812893,7.799373650569748,6.221519613001194e-15,3.2278960033522747e-13
CFD (1675),1.313643908863842,0.5197712869456759,0.09279270628317283,5.6014239455362445,2.125980643281755e-08,3.424786376747033e-07
GAL (51083),1.4867319873406435,0.5193687326623518,0.12275568732550451,4.230913809192158,2.327438482321631e-05,0.0001932595993654043
DSP (1832),2.8397586730313735,0.5186592847425462,0.08094968243473229,6.407181216068738,1.482345945537988e-10,3.5915261025063716e-09
MDFI (4188),1.7118922202863114,0.5184539107974757,0.09959856580341131,5.205435506177925,1.9354215872404926e-07,2.5300046222085534e-06
RIBC2 (26150),0.9904174663167337,0.5172499858357686,0.0820752702005115,6.302141736141918,2.9356052224016863e-10,6.764030042305631e-09
PBX4 (80714),1.2201118958908146,0.5172149487127465,0.0678213398808816,7.6261387584079,2.4188946622282922e-14,1.0929336062428493e-12
GRTP1 (79774),1.7074523495632035,0.5167752629949235,0.06795133205681438,7.605079214088778,2.8472944033137545e-14,1.2637283655533554e-12
IRX2 (153572),0.7922671547108161,0.5165057380690671,0.14497355105165347,3.562758408842716,0.00036697837901650667,0.0022835222045832753
PRSS3 (5646),1.4119100932964115,0.516132348237622,0.14926512972703654,3.457822662141394,0.0005445597110797636,0.0032244964238119333
CSNK2A3 (283106),0.9409420915290702,0.5159005602272093,0.07652806250087957,6.74132525204437,1.5694842158475433e-11,4.603208481801586e-10
CXADR (1525),2.1154798958073995,0.5155493426107256,0.06000793497602416,8.591352840532014,8.595124232202336e-18,7.066789027197614e-16
TMEM156 (80008),1.3648493445565566,0.5153396445946458,0.11939040449684984,4.316424312041285,1.585770202785793e-05,0.0001370447930563759
EML6 (400954),0.8403490311928506,0.5151063341151036,0.10406181414942149,4.950003402549438,7.421218414282644e-07,8.54320216230273e-06
EXOC3L4 (91828),0.3183872044506322,0.5147618406270478,0.18093273088251532,2.8450454382479693,0.004440508818260645,0.019552793584884303
H4C5 (8367),0.4220683205623375,0.514699421853702,0.1141222534614069,4.510070614998498,6.4806049730555005e-06,6.117138169673341e-05
LYZ (4069),1.095341354682983,0.5141144535201156,0.1719775923054677,2.989426974922072,0.00279501249781937,0.013236939893670203
TLDC2 (140711),0.3181969159662633,0.5138673203841786,0.19330673169939258,2.658300183685705,0.007853590618612327,0.03133522260611007
CFAP45 (25790),0.4814671074605897,0.513585041071887,0.10942140148955508,4.6936434196642205,2.683816783844359e-06,2.758245036183212e-05
CFAP251 (144406),1.1870607168223828,0.5133602809536721,0.0850621920183548,6.03511699819467,1.5884755521107764e-09,3.212392897454132e-08
MKRN3 (7681),1.3109178025199002,0.5120063098573996,0.09104788597933722,5.623483778344908,1.871443445792795e-08,3.0573005521605207e-07
WNK2 (65268),1.4785591281368144,0.5110765511107225,0.08916282612786691,5.731946521948465,9.928457878756468e-09,1.7014074856921392e-07
IQCH (64799),0.628118137928225,0.5106584824223316,0.09391403687848236,5.437509656656383,5.4030422893405636e-08,8.025091242390733e-07
RNF32 (140545),0.8011841804220546,0.5105232818000672,0.08349206285475458,6.114632509298395,9.67797244310651e-10,2.0365702570486788e-08
STAP2 (55620),2.71134722650999,0.5103541246134518,0.05500765724593732,9.277874211797027,1.7289346157114497e-20,2.50130290653793e-18
ARHGAP40 (343578),0.39246920650929856,0.5098440228021599,0.20404813275590292,2.4986458631898976,0.012466882515112675,0.04585106681065395
KLHL35 (283212),0.6555675856911631,0.5096358648746665,0.11385532372063034,4.476170707003326,7.599373064309365e-06,7.031990598130302e-05
FAM131C (348487),0.4251926836166957,0.5095334863722787,0.12458306392435003,4.0899097383066465,4.315410936984238e-05,0.0003385280133361045
S1PR5 (53637),0.7583772159706771,0.5094691762918802,0.1097448114420939,4.642307637119574,3.445393565177973e-06,3.440718418618201e-05
AKR1C3 (8644),3.099957636930706,0.5093363781103963,0.07414161249481045,6.869777456567287,6.430213713575219e-12,2.00308479367397e-10
KLF5 (688),2.946978764873893,0.5086997951776859,0.05678433876675314,8.958452387148803,3.292671004158744e-19,3.6161699217936106e-17
PEDS1-UBE2V1 (387522),0.9667337104470201,0.5080355556534664,0.07630394738194525,6.658050770433349,2.7748293226753152e-11,7.702967156637047e-10
SGK2 (10110),0.614864031264221,0.5078605829210324,0.18107836879924785,2.8046452278575082,0.005037198945709805,0.021747401818407383
BICDL1 (92558),1.812760555008703,0.5076445622855694,0.06827068060996067,7.435762434914181,1.0396653804443936e-13,4.2857000860729715e-12
RAPGEF5 (9771),1.0610918818216422,0.5073166121458634,0.08600308172868745,5.898818995187719,3.6611259211858724e-09,6.90291987596023e-08
GLS2 (27165),0.6952881077099563,0.506497098418372,0.12745300129884699,3.973991143847266,7.067819212313956e-05,0.0005251476931776582
ZNF572 (137209),0.4876137144887799,0.5056714771791431,0.10646338969583752,4.749721745886828,2.0369672978010043e-06,2.140238125887843e-05
MISP3 (113230),0.8762167044862682,0.5030976928599848,0.08769207170041982,5.737094392965247,9.631458369421271e-09,1.6637763791769513e-07
SMPD3 (55512),0.5081776126447004,0.5029494502677986,0.16665458179138123,3.0179155284034875,0.002545198393592761,0.012223126405999579
PLAAT1 (57110),0.7846897203907139,0.5024510375248379,0.11552100736617125,4.349434349478966,1.3648913612707985e-05,0.00011967456539440812
ARHGAP39 (80728),1.316934848907617,0.502080460977246,0.06480001135046674,7.7481539048160935,9.32380937097278e-15,4.614672230120278e-13
SAA1 (6288),1.8361162750703035,0.5017198958192108,0.13386717738308318,3.7478932896557313,0.0001783260870989424,0.0011972754602814313
SGPP2 (130367),0.9579925170927887,0.500836871951268,0.1123632756710277,4.45730038538211,8.299826265224118e-06,7.619230383560834e-05
DISP2 (85455),0.5335251428455705,0.5006617310507527,0.11961897364556326,4.185470881352296,2.8457554936824986e-05,0.0002316950062659463
NIPAL1 (152519),1.1354851398346535,0.49960567624564767,0.07244312548672492,6.896522932837837,5.329076596481383e-12,1.6774327713526963e-10
POU4F1 (5457),0.5142115546484155,0.49958235857384925,0.16159760264037748,3.0915208543385995,0.0019913399401253603,0.009926474243846191
CYP2J2 (1573),0.8091055805563776,0.49928914648598605,0.10154514537879035,4.916917934614255,8.791738512038159e-07,1.0028847433823059e-05
GVQW3 (100506127),0.9935659911039622,0.4990625129662111,0.07447080974351317,6.70145141009001,2.0635947688631685e-11,5.914066074726712e-10
STOX1 (219736),0.5169121130779443,0.49888646005615894,0.10916557133872704,4.569998159109863,4.877284989717646e-06,4.7344277390510775e-05
LHX1 (3975),0.5785429589123379,0.49876257312670874,0.14539621043962836,3.430368450584933,0.0006027621635466855,0.003532170760081211
P2RY6 (5031),0.6993415469221358,0.4986387861871715,0.14665812727347968,3.400007864939789,0.0006738391489537786,0.0038889849770458586
FRRS1 (391059),1.0094129512135988,0.49782891487747954,0.0744022624478645,6.691045386238362,2.2158192089724673e-11,6.326226910474335e-10
B3GALT5 (10317),0.5870384519330839,0.4969135057082703,0.15578515725548123,3.18973588025047,0.0014240287412887426,0.007444731216619325
MECOM (2122),1.5366367006633765,0.49628167223691827,0.07911729687030569,6.272732915160841,3.547651740693673e-10,8.075335565881543e-09
ESYT3 (83850),0.3279978408761285,0.4960365498562683,0.1484211694708767,3.342087598586137,0.0008315081467603732,0.004669940450883729
DAPK2 (23604),0.7635502017690583,0.494692788182366,0.09721262614709056,5.088770952796357,3.603915801900038e-07,4.4409923960186714e-06
TNFSF10 (8743),2.284216706442354,0.4945504924733486,0.08593094108637309,5.755208615442178,8.653486373435149e-09,1.5121992563844975e-07
TLR2 (7097),0.545196721459193,0.4944491669511957,0.14871244531920108,3.3248674372201625,0.000884605843447968,0.004925899156372364
MEIOC (284071),0.4144640917700253,0.49311465901336693,0.15505858850478568,3.1801828184328373,0.0014718216550120794,0.007654693612620721
RASD2 (23551),0.45599672728404544,0.492550476031407,0.15009665294063812,3.281555360373068,0.0010323625673787954,0.005633996078629437
H2AC11 (8969),0.8754601512968022,0.49020426283700624,0.07965859509151775,6.153815068842515,7.564088181346762e-10,1.632844630940364e-08
SLC9A3 (6550),0.9582783280257039,0.49006208518076816,0.07587513739692,6.458796675611176,1.0553879582316092e-10,2.6465612032587988e-09
ADIRF (10974),2.5438978170137925,0.4893073745326067,0.126197550070804,3.8773127866434605,0.00010561654040071508,0.0007513505753518482
SNCG (6623),2.009472471547379,0.4890821521123912,0.09531192881404589,5.131384478291204,2.876187263529061e-07,3.6062594639215207e-06
IFI27 (3429),3.628711063401219,0.488320279020862,0.0762485442686125,6.404322649106335,1.5103840577185775e-10,3.6477108398770008e-09
LAMA3 (3909),2.4091659899429136,0.48772434631480754,0.08206859620843499,5.9428864248646605,2.8004647535501326e-09,5.374463352285114e-08
F12 (2161),1.7677130286142937,0.48752772013609014,0.06124228002637179,7.960639609207133,1.7115221965311108e-15,9.754379912502687e-14
TM4SF19 (116211),0.9934168769680107,0.48662828452706103,0.13199183459817238,3.686805975600851,0.00022708636207665413,0.0014881277891138232
NOSTRIN (115677),0.7981480772084787,0.48548881648824244,0.10134246555465988,4.79057632781186,1.6630294500505455e-06,1.7847318905463984e-05
SYDE2 (84144),0.836346815179362,0.4853060858971636,0.08114819309729406,5.980491584270982,2.2246522038143863e-09,4.3583485753374026e-08
CLTRN (57393),0.3957131944623968,0.4847595685697242,0.15311681597310386,3.165945983717921,0.0015457949583649524,0.007984219342107475
TMEM191B (728229),0.522646673454336,0.48428903511991134,0.11510784069952629,4.207263659684864,2.584815030265651e-05,0.0002133358581754086
GPRC5C (55890),2.445051208782436,0.48414464088470555,0.07502301638726636,6.453281462125792,1.0945379913186134e-10,2.740169487084835e-09
PSD4 (23550),2.08904660307915,0.4828991886308507,0.059913642582552516,8.05992037565541,7.634416059374931e-16,4.722441091627773e-14
SHANK2 (22941),0.8526161904684467,0.48107347926608685,0.09940895037563545,4.83933767983929,1.3027253951943404e-06,1.4317608689623116e-05
ZNF860 (344787),0.525291768725936,0.4809179071251767,0.1059341801787348,4.539780326932818,5.631286653604934e-06,5.379577078739038e-05
CNTN1 (1272),0.7654924801316224,0.48088794617786657,0.1597212043348779,3.010795893885307,0.0026056393656763194,0.012488859183004438
LAMB3 (3914),3.2186039650994553,0.4800371132078997,0.0702515702330386,6.833115781120904,8.308984010509624e-12,2.5461705381288757e-10
SPATA17 (128153),0.4194554715260053,0.4789787205222755,0.11788952844631015,4.062945427255776,4.845736151569063e-05,0.00037389203146927236
CHDH (55349),0.6315222140251141,0.47832018398765025,0.12586916652480712,3.800137851023108,0.0001446156185637775,0.0009927313744509763
HPGD (3248),1.2240185417960732,0.4774502130950987,0.12947092844110072,3.687702087594913,0.0002262883620749772,0.0014835445297516807
TMEM37 (140738),0.6472534180737969,0.47696125677577283,0.13549950142319464,3.520022227138078,0.000431510635506682,0.002624296290150985
NEURL3 (93082),0.370405870637609,0.4767958452197248,0.18597687935829638,2.5637372068231508,0.01035519152581811,0.039324636975633334
ERICH5 (203111),0.5849209871651551,0.47571772333522355,0.14667506972929426,3.243344108942409,0.001181354383681387,0.006316509615092447
RGL3 (57139),1.686535369797541,0.4754802208395859,0.08836356211873415,5.380953522456269,7.409232412515208e-08,1.064749865126111e-06
CEL (1056),0.50035619895101,0.47353624040725395,0.14305921942445227,3.3100714676925964,0.0009327215287723641,0.005165155731287814
MAGIX (79917),0.543979588871312,0.4733145653550933,0.10149898737691881,4.663244211466158,3.1126300774994697e-06,3.1389163636767446e-05
CITED4 (163732),1.1917942998600712,0.47271129233203446,0.091629348469633,5.158950709866679,2.4833767234452995e-07,3.166515778047286e-06
TBX6 (6911),0.31809394261585167,0.4723828789742287,0.14517246837840359,3.2539425984197305,0.001138152750087647,0.006126885967019227
MESP1 (55897),0.5659454573582614,0.470433129746194,0.11073657824620108,4.248218043186039,2.1547762165601575e-05,0.00018081853293008438
CPAMD8 (27151),0.37329306132651796,0.46955043038456173,0.18392254321502002,2.552979217102387,0.010680586908307711,0.040385238901231406
PARD6B (84612),1.0664618696413777,0.46789631891056277,0.07515913432674459,6.225408569455366,4.803026888109878e-10,1.0674496685155277e-08
IGFBPL1 (347252),0.7430916229127923,0.4678456119494667,0.17673885774968073,2.6471010275062836,0.008118509496115976,0.03223417704988162
LRRC75A (388341),0.5741641612669871,0.4678249581020415,0.11445357121120768,4.0874649270553345,4.361125819266285e-05,0.0003412246441845061
HOXA6 (3203),0.7650848902544054,0.46781506848119114,0.09574444338517525,4.886080611479392,1.0286309632449132e-06,1.156710125036096e-05
TCTE3 (6991),0.81632588169855,0.46739495576025475,0.0820867032950429,5.693917979387046,1.2415674533265891e-08,2.0942403478421368e-07
GPR158 (57512),0.6828463544283788,0.4661953344968018,0.1121279397347373,4.157708913582884,3.214552601899174e-05,0.00025891947777395596
ZNF185 (7739),2.076381176402657,0.4660690538138881,0.06623067579494815,7.037057197737944,1.9634227277117772e-12,6.55025684282736e-11
ZDHHC23 (254887),1.553808586934863,0.4656072618109672,0.05955925241105431,7.8175471142171284,5.386257225709683e-15,2.8336232943366395e-13
ZNF837 (116412),0.36031806827275015,0.46495386488970186,0.11960521665972786,3.887404562064189,0.00010132180485057921,0.0007238783835621153
CXCL3 (2921),1.1700984650354387,0.464774869331342,0.10758620352479045,4.320022959303017,1.5601296814455574e-05,0.00013513938507213503
SPTBN2 (6712),2.3439700048259633,0.46410140227130636,0.05043864061394503,9.20130670894794,3.5362294606891674e-20,4.926491524586038e-18
LRRC69 (100130742),0.4368522696672658,0.46407326526034726,0.11169583946707001,4.154794551655297,3.2557995259856056e-05,0.00026182127027247153
ELL3 (80237),1.4044013364017822,0.46402497802525094,0.07100246690321144,6.535335999773032,6.346689407520326e-11,1.6554934565572066e-09
H3C2 (8358),0.5396416244863305,0.46382784176550296,0.10132239940939027,4.57774237946557,4.700210380033332e-06,4.5891865916925055e-05
KCTD14 (65987),1.0855633627041774,0.46281746342134533,0.10780516681975685,4.293091667815381,1.7620221487523045e-05,0.00015071850625427615
STEAP2 (261729),1.1525296585972584,0.4613485898162638,0.08861295267542715,5.206333565095143,1.9260828721442007e-07,2.5199863386331866e-06
H2AC13 (8329),0.9462422729685824,0.4612283553659354,0.07719850159962013,5.974576524270323,2.3068863049500342e-09,4.5018691756521685e-08
GLB1L2 (89944),1.7965028316551686,0.4612001409992907,0.08488378301738568,5.433312755450931,5.531732660440222e-08,8.20813112514631e-07
SLC16A5 (9121),1.6310576366619245,0.4609138712372302,0.08211392347165614,5.613102525740683,1.9873076917101385e-08,3.2255697442794765e-07
HAP1 (9001),0.4208409240215069,0.4607262666652156,0.16812312799022083,2.740409794731005,0.006136262330290659,0.025631927546239105
TIGD3 (220359),0.2827070787184988,0.4605709524108507,0.15076686315081683,3.054855309618846,0.0022516912344340946,0.01102112762306291
MAGEA3 (4102),1.8233755846454898,0.4605301385051924,0.15219161458204636,3.025988913843351,0.0024782138900715125,0.011951027625005122
ANKRD18A (253650),0.9453260674658315,0.4597666261397122,0.0872073718936912,5.27210734776165,1.3486615143810842e-07,1.8330588207206677e-06
RIPK3 (11035),0.6475535214511118,0.4593014301395103,0.14280300154637507,3.2163289648386892,0.0012984190266911914,0.006883725396615809
TNFRSF25 (8718),1.8339049607528237,0.45867621254689545,0.05898262882211398,7.776462692604282,7.458056496236611e-15,3.8038616285551203e-13
SBK1 (388228),0.7968600377617163,0.45800002233128045,0.12463249694074066,3.6748041929148454,0.0002380318947582976,0.0015537648106435339
KCNMB4 (27345),0.6590243712524175,0.45718040387287046,0.1089326502972631,4.19690884803853,2.7058277173930276e-05,0.00022162157776753124
ISL1 (3670),0.5580360728597478,0.45706993034638166,0.1596709980982679,2.862573264965016,0.0042021609625660875,0.01862867231666746
HTR1D (3352),0.4828127440156943,0.4569503130209489,0.1387135553701671,3.294200857310189,0.0009870194119409364,0.005421940150442983
PABPC3 (5042),0.34591557632050324,0.4568267455354787,0.12227644442540461,3.736015940618622,0.00018695882168362035,0.0012460266818786303
FMO5 (2330),0.7303554238869773,0.4555527725084802,0.08889620937330348,5.124546656376191,2.982544905509745e-07,3.727190253181032e-06
S100A2 (6273),3.8391364711936067,0.4553592011087934,0.06160145511035207,7.392020209475063,1.4461453906173913e-13,5.833432586388544e-12
PTPN6 (5777),2.7971450864802927,0.45529517107751355,0.07333820462603881,6.208158127119743,5.360919514433173e-10,1.1751572321814928e-08
CA9 (768),1.1034904222958857,0.4551232874858323,0.1440266393176921,3.1599938014378517,0.0015777249539933617,0.008121262284565214
TMEM154 (201799),0.8984975194385628,0.4533456290131498,0.09045732992116806,5.011706949654963,5.394932073772676e-07,6.411702052289391e-06
H1-4 (3008),0.6576957361977183,0.4533435880968221,0.09128889907518595,4.96603193476401,6.83367066561827e-07,7.940267346984312e-06
CYSRT1 (375791),1.1324571761887339,0.4531268240895818,0.08998256494248177,5.03571802358854,4.760609244967848e-07,5.744035821955593e-06
ISL2 (64843),0.7084681990511916,0.45309987065938917,0.09018919649686168,5.023881886730809,5.063738601890213e-07,6.056360175201919e-06
ADPRHL1 (113622),1.234879787310199,0.4528460322816951,0.06839902593301679,6.620650310505408,3.576220611562278e-11,9.747792630718484e-10
SLC37A2 (219855),1.2112860857761911,0.4523503079561501,0.11076296100929696,4.083949217628643,4.4276710838877446e-05,0.00034463910568119507
FGD6 (55785),1.6406617456074577,0.45226146534169515,0.05821860341304307,7.768332437194331,7.952611833279926e-15,4.0287877994454466e-13
LTB (4050),0.7846739193177077,0.452053146230348,0.1767323069566357,2.5578410309625337,0.010532422798071654,0.039900434866224584
DMKN (93099),3.467633983865853,0.45180553740477936,0.07747250632812412,5.831817748237282,5.482678530004121e-09,9.939631223046961e-08
JPH1 (56704),1.1398211803216893,0.4515608877738895,0.0805217095743666,5.607939649577932,2.047493923811559e-08,3.3089789020052325e-07
MAGEA2B (266740),1.0350886256283856,0.45071868727105435,0.17457534591640622,2.581800339017382,0.009828642890845968,0.03777311901294213
C19orf73 (55150),0.5899505514201708,0.45050131487159417,0.09646704593202679,4.670002180734644,3.0119653811010657e-06,3.057896836980205e-05
ARHGEF4 (50649),1.1946034871370026,0.45014654550290306,0.08907611869123008,5.053504262610197,4.33776630647879e-07,5.284698935002419e-06
CTSV (1515),2.8741422158908576,0.44947387820910656,0.05168618004809122,8.696210046687437,3.431529769919398e-18,3.0193448490179686e-16
FHDC1 (85462),0.8131482832565635,0.4490992840261166,0.0923751718496268,4.861688211602834,1.1638884427072503e-06,1.2895335426342627e-05
THSD8 (10535),0.3122521975508184,0.4488356981696026,0.12520131244839225,3.5849120859225163,0.000337191769481946,0.002121868408040719
DTX4 (23220),1.4868810497719742,0.4481812593495512,0.07973913316595022,5.620593572503635,1.903024845651641e-08,3.102157294439284e-07
ASAH2 (56624),0.47249236228693653,0.4475637770927718,0.10645497523758385,4.204254203186924,2.6194441802439885e-05,0.00021583875759009338
FBXO2 (26232),1.5573735867709988,0.44677071398946144,0.09446760273108053,4.729353779213354,2.252356035643675e-06,2.3533992300204675e-05
MNX1 (3110),0.7167456168480283,0.44607494731734254,0.10845555305419298,4.11297471411582,3.905931825787577e-05,0.00030865887736764643
ZNF774 (342132),0.7378716430588158,0.44591638548907836,0.08591034883571048,5.190485099086498,2.097469082925529e-07,2.7205620535946126e-06
AKR1C1 (1645),2.27547309736498,0.44576923570989285,0.09088577943872483,4.904719291211343,9.35610432423718e-07,1.063232217994506e-05
HKDC1 (80201),1.2956558326147207,0.44545139811599166,0.12969770754692908,3.4345356332131933,0.0005935700269914081,0.0034858917354069967
KCNJ11 (3767),0.48502990281350433,0.4452747772628162,0.14264402929164272,3.1215801984423064,0.001798832452088838,0.00910061636655301
GPR39 (2863),1.6349276054084465,0.4452120590250159,0.06791801469895845,6.555139472176643,5.558989611561982e-11,1.4648083659467877e-09
RBP7 (116362),0.999441140761949,0.44513363832375624,0.13943163212366963,3.1924867517074076,0.0014105341513309692,0.007387015955769497
ZNF296 (162979),0.8978469628774437,0.4448383428615314,0.08208244174537406,5.419409235430076,5.97962984726977e-08,8.794673575955128e-07
F3 (2152),3.41893248765514,0.4447609607585307,0.06877537542131149,6.46686343817052,1.0005799580764996e-10,2.5302060586922712e-09
LY6K (54742),1.4919436229484455,0.4441724103841112,0.13229525381526044,3.3574326937258223,0.00078669894237437,0.0044565784212969774
FAM183A (440585),0.3073008136377523,0.44363470278487105,0.17181854223081144,2.5819954995830248,0.009823086588414047,0.03776141052868619
SPNS2 (124976),1.4923492889873562,0.4435985171542907,0.09420348246089195,4.708939686369324,2.4900873377043026e-06,2.583852005730961e-05
HOXA2 (3199),0.43684336025399867,0.4434739202888199,0.1293647727854771,3.4280887349775155,0.0006078467443444051,0.0035600086085659476
CMTM1 (113540),0.6601762296892274,0.4422761842768145,0.0904034096982286,4.892251141335884,9.968912472078746e-07,1.1252232337201561e-05
H2AC8 (3012),1.2169521835765613,0.44220852068909394,0.06772448357875695,6.529522224777819,6.597982110199008e-11,1.7116075660354186e-09
GALNT6 (11226),2.090800577497468,0.44192143793839783,0.06649253790823373,6.646180937600744,3.007954608833692e-11,8.304162393488392e-10
PIPOX (51268),0.45605937264313257,0.44189450977794575,0.17530011897791462,2.520788419051891,0.011709223478677564,0.0434361381805184
FAM221A (340277),1.6621901458813926,0.44165731147927934,0.06547666519606735,6.7452627612715705,1.5275033173802043e-11,4.515287802220541e-10
MEF2B (4207),1.023334495183567,0.44155516636661046,0.08768921974969486,5.035455528364956,4.7671379909545887e-07,5.747304343902463e-06
PCDH1 (5097),2.1618949894089057,0.44132471075024715,0.08300908076667174,5.316583519226726,1.0573370198894237e-07,1.4675915868317592e-06
KRT8 (3856),6.142773718559998,0.4413181131399106,0.05013696110947827,8.802250941700583,1.3409891753343549e-18,1.2933668674410707e-16
HPDL (84842),1.3258610569679237,0.4412468926216983,0.09543079249535998,4.62373706729044,3.768875494943933e-06,3.733146852990548e-05
C1orf226 (400793),1.163880847749967,0.4410548558245325,0.07419549234226669,5.944496652032839,2.773076371573244e-09,5.3286982230767595e-08
PLEKHN1 (84069),0.9713857837943708,0.44081939591810343,0.07838338440382071,5.6238882675320685,1.867064372681449e-08,3.053462016452726e-07
VSTM2L (128434),0.8524059569988488,0.44073049524041,0.12963434040484131,3.3997974137410782,0.0006743579646767835,0.0038904869388523334
HOXC11 (3227),0.6182457756285429,0.44055340717870717,0.11976168418757774,3.6785839324761556,0.00023453251104619158,0.0015322519154151101
GDPD3 (79153),1.1533956492188278,0.43985819757768485,0.07506597143286495,5.859621732479288,4.639227018653461e-09,8.53322857245232e-08
HOXA13 (3209),0.4914293088153088,0.43979296111722305,0.14389631705629263,3.0563183972608194,0.002240731717706566,0.010974625463741209
B4GALNT3 (283358),1.4166099386449216,0.43804361793834756,0.0814350270833729,5.379056575862375,7.487717760245877e-08,1.0750019219528574e-06
ENHO (375704),0.5715786943013983,0.43798296045995794,0.13615644583883665,3.2167625833769353,0.00129645834823281,0.006878177823522871
MAOA (4128),1.3859976121985906,0.43756906439470394,0.09664817418766994,4.527442634819351,5.970180074554766e-06,5.672340782311544e-05
RDM1 (201299),1.3679519921835817,0.4368004658698783,0.06336043872011705,6.893899011642944,5.428356758993972e-12,1.7051159873867078e-10
H2AC15 (8330),0.3129248781297773,0.43675115574035533,0.1331174013859783,3.28094712782126,0.001034591362711196,0.005643422811670667
RGCC (28984),1.1354945843654694,0.43647259219659057,0.10541009463129725,4.140709613469959,3.462330499261022e-05,0.0002765086236299434
SPIRE2 (84501),1.919964202091057,0.43626289561310605,0.05343250347808445,8.164747433030927,3.2210844292802716e-16,2.125633172059253e-14
HHIPL2 (79802),0.48013132162758704,0.43621424617633897,0.16994879443891778,2.5667392794193726,0.010265976871207592,0.039104275444098585
KIAA0040 (9674),1.7857712278926334,0.4359910600294967,0.07322978345686124,5.953739577645122,2.620837289655486e-09,5.0425981918358615e-08
ZSCAN31 (64288),1.919460203727048,0.43553145722532904,0.054928874131009366,7.929007541398987,2.2090413345331678e-15,1.2401953701263448e-13
PKIB (5570),1.513937162751439,0.43533059805630014,0.09119741458784437,4.7734971437921105,1.810541182346698e-06,1.9224701926315043e-05
FAM110A (83541),2.2916841945379307,0.4349911802027954,0.048989984786627444,8.879185860076708,6.735149016188101e-19,6.893677013439876e-17
COCH (1690),1.9214056140202413,0.43487482533008665,0.0844131036627733,5.151745480978792,2.580731289076391e-07,3.2767664958180066e-06
SOX9 (6662),2.23846817746522,0.4347584525147825,0.06789205933567304,6.4036716041450825,1.5168418926439957e-10,3.657436396910506e-09
FAM47E (100129583),0.4387976492416327,0.4339102947184754,0.12787271096583536,3.393298628308633,0.0006905631057375758,0.003967244172939124
IL1A (3552),0.9356893191076735,0.43345789712891963,0.17111307478532972,2.5331664320375005,0.01130372683148239,0.04224438000657825
JUP (3728),4.276331726892418,0.4325973759480899,0.04236977841771726,10.210045747305486,1.787805260704658e-24,4.719178588168822e-22
LHFPL5 (222662),0.877171507897255,0.4313208913378743,0.07849564102172416,5.494838767142542,3.9106753907128834e-08,5.967547862947875e-07
OTULINL (54491),0.8096102428944872,0.4308782841410543,0.1025636930023241,4.201080046242978,2.6564463922307083e-05,0.00021852866275288814
SYCE1L (100130958),0.45726305021195857,0.43085991234509424,0.12177657257169042,3.538118237737764,0.00040298955848076703,0.0024758599007356553
CCDC88C (440193),2.2160800076410507,0.4308187757305024,0.05173846302009857,8.32685686011091,8.301702148209743e-17,6.034174421350908e-15
PATJ (10207),2.1366930957182597,0.4307754690142973,0.05110270245025911,8.429602513362054,3.4684131668643046e-17,2.6625379851347103e-15
B3GNT5 (84002),2.4131795497514825,0.4300901262773092,0.05125799128282604,8.390694124243035,4.8328021614659766e-17,3.661503156456633e-15
CFB (629),2.0244653235926333,0.4297727174042179,0.08850358173665296,4.855992367439197,1.197853154656e-06,1.3232671486750497e-05
H2BC7 (8343),0.2813792444104011,0.4296546293905254,0.16605311348032709,2.5874530166001866,0.009668838054415018,0.037263662235330015
EFNA1 (1942),2.9004890930139076,0.4295605002909247,0.05502020543044443,7.807322726811106,5.841555438172882e-15,3.0518070528732355e-13
MCF2L2 (23101),0.37569046416281887,0.42946709524959853,0.1314836815544098,3.2663148017488317,0.0010895705090301238,0.00589700643124721
ADAT3 (113179),0.9788053734545258,0.4292680269320023,0.07428633796317248,5.77855954004372,7.534288175626002e-09,1.3352285028323774e-07
GADD45G (10912),0.8097371456022904,0.42851066209860306,0.1307085867403694,3.2783665770158414,0.001044097094521998,0.005681549686863647
LRRC61 (65999),2.1010239532262647,0.42805416359578197,0.06452197817012868,6.6342380648514485,3.2618301931369815e-11,8.955747643419531e-10
KIAA1522 (57648),3.134888174220585,0.42643377091404383,0.04224422674559794,10.094486365725238,5.843618481333766e-24,1.418664848794468e-21
CCL20 (6364),1.1015548620928892,0.42638113973789277,0.13499031742386866,3.158605356849847,0.0015852599767448136,0.008146113937876525
MUC1 (4582),2.839162100337496,0.42588089283182073,0.05883163511553437,7.2389776689950915,4.5207945038568055e-13,1.6962562120954987e-11
UNC5CL (222643),0.36230656983505954,0.42563780653060546,0.1540987814068552,2.762110138994718,0.00574291019025568,0.024271861438928916
PARD6A (50855),1.4725605818318561,0.4247590871496477,0.060986653984507304,6.9647875297036475,3.2889975010177888e-12,1.0688176328361481e-10
C17orf113 (110806298),0.23549422574474152,0.4239680366025891,0.1604993747866954,2.6415556893355197,0.008252623870536237,0.03261596500028585
PCDHB8 (56128),0.5435570086824014,0.4239652659138299,0.13995356593494646,3.0293280709324577,0.002450983649163924,0.011846289747934597
GIPR (2696),0.857320472720163,0.4236246503235469,0.09485786615691881,4.465888465409552,7.973714521559395e-06,7.337768115680896e-05
RHPN1 (114822),1.758612610303053,0.4231899385395121,0.06709268805556937,6.307541861923999,2.835019145014115e-10,6.552334570796065e-09
SLC25A21 (89874),0.5256456148705075,0.42225489176676906,0.11914929583648534,3.5439142867134605,0.00039423338959536017,0.0024303082604069997
KRT7 (3855),4.264627256831678,0.42143077414946556,0.07072928011541275,5.958363685616401,2.5477603275994238e-09,4.9082716887401954e-08
CLMN (79789),1.5735746027126443,0.421339047518522,0.05933989303809942,7.100434900480855,1.2436490630852552e-12,4.3015962765932766e-11
CEP126 (57562),0.7209607525342543,0.42105722874754437,0.08709634238293758,4.834384742544948,1.3355805844832883e-06,1.4657290644883703e-05
MAGEA6 (4105),1.6797367560672964,0.4193861735081082,0.1606672524503845,2.610277870019707,0.009046870434291185,0.035236658699028
PTGES (9536),2.4980362800687588,0.4192565019532599,0.08589458694334912,4.8810584796196315,1.055179429593083e-06,1.1812670905995184e-05
DGAT2 (84649),1.8845636543249673,0.4188597687644146,0.05428135406553275,7.7164576303445545,1.1960731189611749e-14,5.767985944836486e-13
RAB11FIP4 (84440),1.786981656769272,0.4182791480936339,0.06002350333603741,6.968589383260873,3.2013456181970544e-12,1.042585414965214e-10
NR6A1 (2649),0.6813162812206781,0.4168578428856263,0.08963977055539245,4.650367133950115,3.313446541902558e-06,3.323607777964393e-05
ZNF497 (162968),0.4574567482702366,0.4164029955054181,0.10778051808980597,3.8634347179372304,0.00011180378235697745,0.0007897651217573158
KCNMB3 (27094),1.0797336674856504,0.41638908841948796,0.07127136131266977,5.842305811906349,5.1483183618298885e-09,9.37791744214195e-08
ABCC3 (8714),2.5595056234052747,0.4162157237496398,0.0841868223461161,4.943953366459871,7.655402328637334e-07,8.792609422647126e-06
CFAP92 (57501),0.37199059348088576,0.4162009439650409,0.1316138811635275,3.1622875967613164,0.0015653488386859703,0.008071363477336911
TIMP4 (7079),0.5931260163861882,0.41608211642588344,0.14936164078716965,2.7857361115815045,0.005340632948433711,0.02285679376268685
PPP2R2C (5522),1.0572397430757843,0.4160682831296184,0.12076728006881232,3.4452070369767847,0.000570622147310684,0.003362938044824344
PROB1 (389333),0.6008347640780201,0.41546538802757055,0.09803098732695295,4.238102658722699,2.2541669817925378e-05,0.00018779732230371274
C16orf74 (404550),2.4145335771555563,0.414946741271705,0.05002989908573368,8.293975179934542,1.0952531657221754e-16,7.773197703516912e-15
PPIL6 (285755),0.5057326977921152,0.4148463034004029,0.10591626053375662,3.9167385754540214,8.975498831746551e-05,0.0006483214374577946
ZNF141 (7700),1.0008816402732503,0.41449378187317765,0.07374206344665793,5.620859554235364,1.9000969666193695e-08,3.100743921882325e-07
PCED1B (91523),1.1768787342493272,0.4142517235525456,0.0818954972832985,5.058296698773777,4.2301790889987946e-07,5.157801829260605e-06
HAS3 (3038),1.4749615566264718,0.41405923862654725,0.09120298725015476,4.5399745239796925,5.626102566367125e-06,5.3780393401245076e-05
DLG2 (1740),0.4104337218490631,0.4140102527238557,0.1627368709196236,2.5440470274762568,0.010957633083467613,0.041258395238702124
TPD52L1 (7164),3.3471999862577984,0.413947021579285,0.06216063630852303,6.659311200173918,2.751138587903891e-11,7.665487258074435e-10
LYG1 (129530),0.42470507845159905,0.41285712197368074,0.11350442977744656,3.637365720291173,0.0002754407059650175,0.0017695477634285456
ZBED6CL (113763),1.7682490495785947,0.4128432694607691,0.06618765898585657,6.237465953418721,4.447158557807974e-10,9.957135068568271e-09
H3C10 (8357),1.2475123151083514,0.4122355249650134,0.06643950453915798,6.204674881674515,5.481009349744799e-10,1.1986521319223872e-08
PDGFB (5155),1.362661573976202,0.4113942967174491,0.09479405535084491,4.3398744277246735,1.4256415899925781e-05,0.00012478303294373663
RAET1G (353091),0.6467032771681543,0.4112539309742942,0.12634213384417958,3.255081408404122,0.0011335986675197584,0.00610674026190558
F11R (50848),3.8658911439708254,0.4110556801797303,0.03850687975662204,10.674863369292886,1.3345370259929128e-26,5.426876781916045e-24
DEF6 (50619),1.9105624834575599,0.41077749629156207,0.07802013684422489,5.265018915715579,1.4017492400469962e-07,1.8966473979988402e-06
ARHGAP27 (201176),2.593517745618723,0.4099547448909726,0.046296101794102054,8.855059691941477,8.363904042845745e-19,8.389553348577139e-17
ZBTB42 (100128927),1.1836182204006567,0.4088252242962276,0.0677987102424075,6.02998527309021,1.6397462089252437e-09,3.293941449865049e-08
ADAM8 (101),1.4453315617842708,0.408765270225823,0.08953267224931498,4.565543057707076,4.982029200456597e-06,4.823655814032816e-05
AMDHD1 (144193),0.31598670895636166,0.4086248838709628,0.15447980973308276,2.645166928785085,0.008165062605004794,0.03235489385169927
NAPSA (9476),0.44029294526125956,0.4080578953673267,0.16378904048449505,2.491362634278056,0.012725416374622142,0.046665029191461066
NELL2 (4753),0.9431151487084304,0.40596088369304373,0.15148723398189828,2.6798356074119973,0.00736583244466873,0.02981606536521004
SLC40A1 (30061),1.3578299312117665,0.4059566279432239,0.10010364309132619,4.055363175672468,5.0056466960945304e-05,0.00038484905564352737
SIX4 (51804),1.566091020087929,0.40528915791266923,0.058946555856597194,6.875535848076355,6.17572739074906e-12,1.931808613746577e-10
TMEM191C (645426),0.440820621176297,0.4049479183262459,0.11292588429078414,3.585961897659398,0.00033583799566893723,0.0021168908600062127
PDE6B (5158),0.7455239523817577,0.40492603627001333,0.1412648926659801,2.8664307785760914,0.004151289337126367,0.018441186703986808
SIM2 (6493),1.119359710411786,0.4048867711009777,0.0925772824809718,4.373500282687576,1.222700864524074e-05,0.0001082799129348394
SRGAP3 (9901),0.9533000744032235,0.402910988822265,0.07576807747518484,5.317687900345951,1.0509413274266322e-07,1.460061238454396e-06
RAB26 (25837),1.3138688436878385,0.4015258715791104,0.07312923811028775,5.490633868953492,4.0049380216641116e-08,6.092851109601438e-07
HOXC13 (3229),0.9901112722804445,0.40142560891511103,0.10558117072486965,3.8020568076591257,0.00014349981240525936,0.0009863399622885027
TRIM7 (81786),1.6976529337643735,0.40137662188484846,0.06359649341198666,6.311301148078662,2.7669916710492773e-10,6.4148161298316525e-09
PTPN20 (26095),0.4773571147594655,0.4009318719458181,0.15021958687018355,2.6689720049110144,0.007608379152710879,0.030575767289446547
H2BC17 (8348),1.0814115318575448,0.4007072128847774,0.07086674951487873,5.654375509358553,1.5641391657759428e-08,2.591854392980709e-07
DNAJA4 (55466),1.8184470250432758,0.40063305576550523,0.0912124311793029,4.392307611864349,1.1215386198707881e-05,0.0001000870111184809
H2AC16 (8332),0.3510533635395165,0.4005742009176196,0.12550739819099047,3.1916381559280445,0.001414684367939261,0.0074061729297195955
TNNC1 (7134),1.275250852668725,0.40049435823727464,0.12594250478337063,3.1799777122596633,0.0014728638001060537,0.007655483950242513
OVGP1 (5016),0.5633527015821599,0.4001984401172488,0.10205073163440571,3.92156365474135,8.797620021370324e-05,0.0006379228474290983
ERBB3 (2065),2.464862813776597,0.40006756999006426,0.08559872351600575,4.673756261274822,2.9574028665952785e-06,3.0066956870801588e-05
GABRA3 (2556),0.617764919769079,0.39931845414386763,0.1369108722786874,2.916630706515692,0.003538344351100889,0.016142489116635527
ABCG1 (9619),1.1864468131176646,0.3988599622711289,0.102297640124407,3.899014305570141,9.658506886856193e-05,0.0006926687064806401
MASP2 (10747),0.2899161607706209,0.39884479561947056,0.1375725316111677,2.899160108114879,0.003741637754008272,0.016946623012284306
SLC4A11 (83959),1.651570016824223,0.3978095778636579,0.06793279789140257,5.8559280673173015,4.743535144437087e-09,8.703808510146391e-08
PLPP2 (8612),3.4370285289219424,0.39779006968951236,0.060984127175502126,6.522845994741206,6.89856869726644e-11,1.7865036939599116e-09
CCDC68 (80323),0.7222039198178173,0.3974779422999808,0.11680255808948033,3.4029900440663305,0.0006665270924748714,0.0038537157876690764
ICA1 (3382),2.265120386076023,0.3973227867651227,0.07171025251405583,5.540669190744294,3.013179572967422e-08,4.7176170504545097e-07
CSTA (1475),1.5653039263432458,0.39678875996079194,0.13813660431560149,2.872437482640346,0.004073186617735192,0.01814430981272022
RHBDL1 (9028),0.8157729301585247,0.3962736629763834,0.08223736589474351,4.818657050416453,1.4452773617101555e-06,1.5746302088552498e-05
CRYBG1 (202),1.9607869608670796,0.3960712945622119,0.06316821425477426,6.270104343376729,3.608062392958303e-10,8.200439088285594e-09
ARHGAP32 (9743),1.8658960762999537,0.39589771439647975,0.05397217342304722,7.335219045068571,2.2135914323955044e-13,8.696004358178265e-12
TLCD4-RWDD3 (100527978),0.5139934608472451,0.3958531155887153,0.10189642754067867,3.884857645580209,0.00010238986457991532,0.0007311617951919345
RIMS2 (9699),0.6110944272210899,0.39502349821022387,0.13188967488790612,2.9951055573224883,0.002743498811130942,0.013035247977914258
SRCIN1 (80725),0.9310108487238362,0.3941075844334204,0.09040325628123665,4.359440142370382,1.3039561380439972e-05,0.00011473288919888878
CD24 (100133941),4.739547480931505,0.39386394418038856,0.06242518778632426,6.309375400335983,2.8016381235152327e-10,6.485145724063106e-09
CA2 (760),1.6912234527342598,0.39371415140136545,0.11184685206408303,3.520118305840075,0.0004313543500386469,0.002624296290150985
FZD5 (7855),1.1623178663208644,0.39283636757626283,0.0686566113856035,5.721755846205892,1.0542874346332026e-08,1.7924077674001318e-07
SLC37A1 (54020),2.1341360685520736,0.39263010924186287,0.05267499556800706,7.453823299044235,9.0673421687905e-14,3.779147652953514e-12
DNAH17 (8632),0.29084006142491553,0.39261297150684976,0.14667939980113304,2.6766742435485273,0.007435689096463486,0.030050329880577382
STRA6 (64220),1.4434430407345782,0.39217901033557895,0.11151358039109394,3.5168721958361626,0.00043666397851038964,0.0026502808473849626
EPHB2 (2048),2.115511155537358,0.3920133776894755,0.061338383849742543,6.390996193342334,1.6480848569571188e-10,3.942302823175963e-09
ODF3B (440836),1.1619559153637722,0.39193900010841504,0.07892371242835027,4.966048707658438,6.833079976283323e-07,7.940267346984312e-06
SERPINA1 (5265),1.7052066732187257,0.3915171416662494,0.11404184799337502,3.433100642923584,0.0005967205530194179,0.003500295298530278
KHDC1 (80759),1.707857651480375,0.3906352572953875,0.05639529283522072,6.926735152112251,4.3066375307277145e-12,1.3816133963183195e-10
ATP6V1C2 (245973),0.8187948509407984,0.39037600760172186,0.08258065162081753,4.727209097285847,2.2762683094276117e-06,2.3750855051073403e-05
CARD11 (84433),1.2175885280948675,0.3900594169431299,0.1307610652937334,2.9829935697367183,0.0028544399133465354,0.01346329245649278
ARAP2 (116984),1.1386919764587242,0.389835360549094,0.06968335860961766,5.594382479941045,2.214083785908004e-08,3.5401811522605555e-07
NKX2-5 (1482),0.6051054794598185,0.38789721889273215,0.1573177185063586,2.4656931372740054,0.013674843029703322,0.04938830730314839
LFNG (3955),2.262041240439386,0.38780855718845536,0.06129799776193621,6.326610514989286,2.506048363395738e-10,5.836842674249578e-09
DOCK3 (1795),0.3786603301194014,0.3873830447073759,0.13999277938398524,2.767164466710284,0.005654622018887403,0.02396604025244503
VAV1 (7409),1.3302073228404818,0.3873309655865507,0.13431793719913612,2.883687567449047,0.0039304849727157375,0.017626848554241722
TUBA4A (7277),4.507060769701902,0.38726136514063547,0.03674950733059798,10.537865491823835,5.77957721068869e-26,2.0223143886516752e-23
BTBD8 (284697),0.5534438693692251,0.38704968343698465,0.09879402221795701,3.9177439560369844,8.938157107693839e-05,0.0006462446508522897
TSACC (128229),0.6548509699700377,0.38606733977413915,0.0912140505690112,4.232542435795528,2.310642971888271e-05,0.0001920769842819388
CATSPER2 (117155),1.0609517945994802,0.38532806415676896,0.07144303931786901,5.393500442252216,6.909815565051524e-08,1.000626419555007e-06
CATSPERG (57828),0.4609517135202435,0.3852299382472973,0.11983213427633188,3.2147465333377134,0.001305597494632776,0.006919344806003785
PGBD5 (79605),0.691087354445242,0.38431152875775565,0.13913118942052397,2.762224130753128,0.0057409053765098556,0.024270205758630876
SAPCD2 (89958),3.16372382700675,0.3836401048828629,0.04137134241125653,9.273088145635807,1.8083287849819025e-20,2.5912490379845432e-18
ZNF628 (89887),1.2604306190304888,0.3827357709724451,0.065264962377655,5.864337571478992,4.509292642797002e-09,8.340891924962008e-08
OAS1 (4938),2.467510709590037,0.38266728433766983,0.0672400419063936,5.6910625497585166,1.2625124473439658e-08,2.1271850260624086e-07
HS6ST2 (90161),1.1977392526933759,0.3825919709392802,0.11455390279409755,3.339842306612302,0.000838259738035614,0.004699126683488766
ZNF891 (101060200),0.4571515005186321,0.3824670805990978,0.10741844460072,3.560534524780619,0.00037010064433418274,0.0023000967759818727
TP73 (7161),0.7758115190636587,0.3823157238784928,0.10514123717185651,3.636211006853441,0.0002766777219456769,0.0017767362374710436
MROH6 (642475),2.084993147349969,0.3822766386414661,0.05261419192361144,7.265656368845864,3.7123121088306205e-13,1.4104911108450887e-11
PRKAA2 (5563),0.7528524475299926,0.38113842978954626,0.0875802586567312,4.351876046443406,1.3497756979088471e-05,0.00011841822245327415
ELAPOR2 (222223),1.559629110348547,0.3809837972403803,0.07246471501633811,5.257507700878732,1.4602078179544378e-07,1.965141934610239e-06
LRRC8B (23507),1.5557189200065273,0.3809373488528344,0.05892181326622939,6.465132821551606,1.0120987125917327e-10,2.5515696718798404e-09
H2BC13 (8340),0.5251643135608902,0.3805143769801787,0.10127683771951684,3.757170795893152,0.0001718452138585367,0.0011584153618797238
NPIPB15 (440348),1.0097685659846674,0.3801573985996795,0.07591550424418961,5.0076384578421065,5.51019121406583e-07,6.538354653535842e-06
RBM14-RBM4 (100526737),1.8864271271027013,0.3794645704358985,0.05332188769455332,7.116487934740909,1.1071186290492493e-12,3.847045471749424e-11
PRTFDC1 (56952),2.3141602943635706,0.3790458920154513,0.06589746288344274,5.752055927948169,8.816462036430221e-09,1.53710878099802e-07
ZSWIM5 (57643),0.4185943675119013,0.3789034860775086,0.13469046214137023,2.8131426684082057,0.004905987900941895,0.021309322736019563
MORN1 (79906),1.7519372986755781,0.37785313567979517,0.055400462719328594,6.820396746396967,9.078942242613406e-12,2.7708268759099655e-10
OSBP2 (23762),1.3654027389200771,0.377006204863045,0.06967593097703557,5.410852780529077,6.272532359929481e-08,9.17167365281817e-07
MX2 (4600),1.4258292569859286,0.37682594877350806,0.10489177598380936,3.5925213892047485,0.0003274937635711817,0.0020703660364252098
ICAM5 (7087),1.224405135268172,0.3767298267886909,0.0812205564539337,4.638355648331008,3.5119208813510338e-06,3.501680687926286e-05
SSC4D (136853),0.5410542266888686,0.3763829352751604,0.11807106363245887,3.187766110473906,0.0014337645978673335,0.007490424353997187
RALGPS1 (9649),1.4224179321247525,0.37623435024402596,0.061630655898456954,6.104662440456774,1.0301817098847986e-09,2.15279361207315e-08
ZBED9 (114821),0.33263488468345614,0.375267797244668,0.12323065943456193,3.0452470104969542,0.0023248928170609157,0.011342521830576699
ATP2A3 (489),1.6943334499395044,0.37492960930372926,0.1016063007149451,3.6900232236147286,0.00022423358032034848,0.0014707142325631924
USP41 (373856),2.0762609738260878,0.3741872896831208,0.07168738015214635,5.219709367101449,1.7920412626453935e-07,2.363107172459473e-06
SMKR1 (100287482),1.2696677690288207,0.37382915237340664,0.06763855897264011,5.526864528923821,3.260044938853482e-08,5.041175349433658e-07
DNAAF3 (352909),1.233788698651838,0.37371281430414915,0.07241933825630308,5.160400844613114,2.464216509074829e-07,3.1447499232858246e-06
LTB4R2 (56413),1.3330593791188161,0.3734127527198944,0.06347419107487483,5.882906838141706,4.03122859668041e-09,7.525293482090999e-08
CTU1 (90353),1.0520676449049742,0.3733114546317766,0.07140415884586475,5.228147220914939,1.7121715380943127e-07,2.2677229720217453e-06
PLAC1 (10761),0.5411259179002669,0.37274355865586817,0.12711438171788328,2.932347651134649,0.0033640993105973982,0.01544590730157109
ANKRD61 (100310846),0.30826599262599946,0.37261405395907715,0.12516425249264754,2.977000593527816,0.0029108344658819335,0.01369922282566768
MARK1 (4139),0.9816261204693718,0.37257608167990347,0.09257082080147466,4.024768047362591,5.7031500573333344e-05,0.0004325080431584544
BCAM (4059),3.1738071445168288,0.37218047504249263,0.05524399510426943,6.737030410998088,1.616563563704677e-11,4.732065248930072e-10
FBXO27 (126433),1.4576361453349196,0.3716622747983097,0.07627016636121299,4.872970553625509,1.0993261367829468e-06,1.226127579987859e-05
ELOVL7 (79993),1.6069888007552366,0.3712822471296543,0.06705879132068868,5.536667748067626,3.08280570438779e-08,4.806621204996755e-07
GPR160 (26996),1.95457530535309,0.3711217773964377,0.06526897880006066,5.686036218420086,1.300218314750486e-08,2.1858195266743925e-07
TBC1D3B (414059),0.8308574599198126,0.3708260016160541,0.08054961064132157,4.603697009378492,4.15056190239779e-06,4.084326643785294e-05
UCP3 (7352),0.35578925821820057,0.3702797818168842,0.12111761855454954,3.0571917301207154,0.002234213181002881,0.010949827857123567
SYNJ2BP-COX16 (100529257),0.6651340468780879,0.3701606156551046,0.09038985614625286,4.095156596512071,4.218831314232074e-05,0.0003316433435419842
IFI44L (10964),1.195993852429011,0.36984029610852054,0.12611078446401366,2.932661926419594,0.0033606962138811084,0.015434992440187775
LIME1 (54923),2.058702747393891,0.36892928143672915,0.051473168708432354,7.1674095590756,7.643012564920566e-13,2.7643453618219914e-11
RTN4R (65078),1.3348151698753175,0.36877407949040897,0.0702197648589309,5.251713391966827,1.5069081717669584e-07,2.0171655117798627e-06
CXCL16 (58191),2.34718412026184,0.368540994777537,0.06260487967903715,5.886777463146226,3.93798383302747e-09,7.378692995234285e-08
KLHDC9 (126823),1.007586131742665,0.36851480252825236,0.08560595666407707,4.304779911219574,1.6715182749774113e-05,0.0001437123655160579
LRATD2 (157638),3.279928040762505,0.36848567875009514,0.056766423384777026,6.491261150141641,8.512077945227875e-11,2.1781075640118813e-09
GOLGA6L10 (647042),0.5519198910193721,0.3679354549957587,0.09848963387926801,3.7357784825029063,0.00018713535175221053,0.001246409252972005
LRFN1 (57622),0.6680443252104867,0.3672365173891205,0.0978477316037386,3.7531428820071797,0.00017463125024570314,0.001175616013958322
TRPM2 (7226),1.3694024790380248,0.3670449460623319,0.10962232541028598,3.348268198914632,0.0008131827487742507,0.004582452298897894
HOXA1 (3198),0.9785621413263532,0.3670270147505485,0.07513214729743196,4.885086184181156,1.0338362213660243e-06,1.161695279064466e-05
FAM184A (79632),0.7932314779360423,0.3667515220063592,0.10533065796396697,3.4819066841092257,0.0004978571535459324,0.002978432895527673
PPP1R9A (55607),0.8484409809491931,0.36644711685654363,0.08597547767715277,4.262228332508861,2.0239847964896322e-05,0.00017108356880889329
RNF128 (79589),1.2267359768102941,0.3657741865053228,0.12966178678145454,2.8209867809537177,0.004787617567048219,0.02085538329872829
EFNB2 (1948),2.381339085028122,0.36548865858041785,0.05874256402356376,6.221871051352256,4.91260727292786e-10,1.088587467282365e-08
IL17RB (55540),1.1281168061917102,0.36524519619193446,0.09581265882943386,3.8120766154934254,0.00013780414480100427,0.0009497943942628998
MX1 (4599),2.0773263757180764,0.3641646971894804,0.07905812594410483,4.606290534219719,4.099155694457389e-06,4.0390240064705885e-05
TGFA (7039),2.0834399174357596,0.36403807350228323,0.08850229512797277,4.113317886003866,3.9001273801013154e-05,0.0003083621469311844
ZDHHC11B (653082),0.5822029639570729,0.36376676985682227,0.13015934246383196,2.794780328257298,0.005193499189453539,0.022326111087005128
PEX11G (92960),0.8654551325518652,0.3636532141627513,0.07918955582628943,4.592186562587403,4.386259848409868e-06,4.30219463358376e-05
FAM95C (100289137),0.7214108712135476,0.36359152254721644,0.11319099849758145,3.2121946742521694,0.0013172508242456575,0.006974816834584145
PIH1D2 (120379),0.8041555108939042,0.3631389482917597,0.08180398130402214,4.439135388070714,9.032098838103384e-06,8.176712341642811e-05
OPLAH (26873),1.4518074046816076,0.3630945404845368,0.06923249707189431,5.244568025727603,1.5664890317836752e-07,2.089485281224927e-06
USP2 (9099),0.7461513584797141,0.3630868341231471,0.1000858402770343,3.627754266918624,0.0002858971690219895,0.0018304718319595123
TBX19 (9095),0.6600213065643707,0.3628358139040125,0.09021518629631269,4.0218928630516215,5.773231788422023e-05,0.0004373819007482264
CMPK2 (129607),0.9826744012873264,0.36087248086478063,0.10087280884386784,3.5775000716332133,0.0003468961243626385,0.0021738438513787
SMIM1 (388588),0.8602397210322263,0.3603958944929457,0.09651941492194198,3.7339212508116444,0.0001885214614784303,0.0012545306985424424
GPT (2875),0.35010371600816664,0.36036338641116017,0.1418802559063976,2.5399121541541483,0.011088031484780018,0.041613998932402134
MGAT4A (11320),1.5072249150523835,0.36016949529289055,0.06976238549417618,5.162803604572234,2.432783462954556e-07,3.1152051049884465e-06
H2AC17 (8336),1.1764760834078232,0.3588060523127151,0.06762613857593214,5.305730297018802,1.1222278288655273e-07,1.5476663531723852e-06
KCNC3 (3748),0.7248260533961571,0.35664066313696413,0.11731403083323534,3.0400512249377676,0.002365379140156793,0.011502745488946059
BCL11A (53335),1.2273142050753296,0.3561085140756839,0.10179222638802765,3.4983861411795174,0.0004680829004528929,0.0028216247276499303
SH2D2A (9047),1.033296857786923,0.35605757243869873,0.09713898850790023,3.6654445131445947,0.0002469093428299013,0.0016040578463811293
PPARG (5468),2.131966590767066,0.3560185849494523,0.08079667280155721,4.406352051449707,1.0512605341023471e-05,9.403844230739546e-05
WWC1 (23286),3.2206447557069553,0.3558052832670752,0.04442957490395144,8.008298167071388,1.1630664506907103e-15,6.862548163565658e-14
CXCL2 (2920),1.405022091844041,0.35563737553288904,0.10646139655717748,3.340528933808284,0.0008361896723312131,0.004691017826210079
PROSER2 (254427),1.84803547883701,0.3550607842926541,0.061219300738694006,5.799817704684038,6.638704891277491e-09,1.1877045635453167e-07
LIPT2 (387787),0.9811569861129719,0.3549809554308038,0.07408213629369717,4.791721367530342,1.6535643998402282e-06,1.7758408251246307e-05
EGFR (1956),2.939794922261821,0.3546956299733235,0.06500863198225838,5.456131272999625,4.866202318204952e-08,7.285261699473803e-07
TNFRSF10A (8797),2.1414229856025404,0.35460070088463763,0.05095748120166658,6.958756447974519,3.432893883531631e-12,1.1131750295607094e-10
EPSTI1 (94240),1.2318939402157505,0.3536436867843174,0.09869389545166886,3.583237698399486,0.0003393615289870998,0.0021328461007267766
FRMD3 (257019),0.7409352802471632,0.35294584163794657,0.11787902330620995,2.994136121412478,0.0027522312643435856,0.013062542321934113
PLAC8 (51316),2.3469576636316454,0.3529023332753005,0.09547177604521336,3.6964048213387555,0.0002186741871551308,0.001438640935695714
DLX4 (1748),0.6954239821578819,0.352896192833084,0.10783913010946997,3.27243174601697,0.0010662661389805746,0.0057854454839890825
KRT18 (3875),6.434483368047212,0.3516559526971764,0.047181033514200575,7.453332970998502,9.101120055788587e-14,3.78274730274572e-12
SAMD10 (140700),1.7562430722268194,0.35095608923769817,0.05550891692963966,6.322517329649083,2.573361531325988e-10,5.984358207160868e-09
ID1 (3397),4.857869683176487,0.3509532994379809,0.03721494623065194,9.430439513813395,4.0837415953183384e-21,6.269793473791808e-19
COL9A2 (1298),1.2013622259686918,0.3507146512205323,0.09421695558956311,3.7224154508701055,0.0001973259944705695,0.001306763605987759
TMEM38A (79041),1.8540414339460267,0.3501820885910666,0.05396727651880314,6.488785634180688,8.653098012022953e-11,2.2104331526128584e-09
TRIM36 (55521),1.0593416848066788,0.3498605925610232,0.075660833429085,4.624064746642511,3.7629232421788428e-06,3.729706396694524e-05
GRAMD1C (54762),1.1314886493712824,0.34970894222745114,0.06922630818705823,5.051676904140162,4.379480580569505e-07,5.326892871079125e-06
C3 (718),2.492353577128732,0.3496277760842403,0.10146756625961902,3.445709688056068,0.0005695618881728299,0.0033593211169927082
LY75 (4065),1.1219201685688411,0.3493753072818912,0.11673323583595888,2.992937742022812,0.002763061078029722,0.013102116917754553
SULT1A4 (445329),1.0801277302946284,0.3487088160889741,0.07760163488297525,4.493575639415763,7.003712847179129e-06,6.557427722380658e-05
BDH1 (622),3.2019066260564593,0.34786695559565634,0.04119075808171663,8.445267137485978,3.03350953615049e-17,2.340624845175399e-15
RBP5 (83758),0.6456634334866568,0.34751403001421016,0.09501858235784608,3.6573270342578885,0.0002548591265145722,0.00165000448258961
GALNT12 (79695),1.9603608901130594,0.34633424794270523,0.05654101375300264,6.125363253224531,9.047694862919858e-10,1.911960911622081e-08
SYP (6855),0.9542163631608993,0.3462834535104747,0.11764147708740505,2.943549010806738,0.0032447244303717418,0.015003111179893433
IL15RA (3601),2.01801026254335,0.346218878242805,0.057400564657688544,6.031628439676518,1.6231564094101048e-09,3.264974777538026e-08
KIAA1671 (85379),2.0539295813693177,0.3461714187956303,0.05134628882803448,6.741897548915448,1.5633130626620187e-11,4.594064129064987e-10
FAM81A (145773),1.4170467856351934,0.3459520614767008,0.06381547617779773,5.421131082887104,5.922311176375088e-08,8.735989603896037e-07
GUCA1B (2979),0.4093539264425256,0.34578444622147025,0.12061936910549863,2.8667406303463006,0.004147227457217344,0.01842858367433318
LZTS3 (9762),1.4833957939004747,0.34519515100147635,0.060309619088595515,5.7237163195207845,1.042187182739437e-08,1.7758491904300758e-07
PGM2L1 (283209),1.1193732472118447,0.3449234233008017,0.06965207327407603,4.952091259990958,7.342015576933355e-07,8.47146981369166e-06
TGFBR3L (100507588),0.47432431496562005,0.34452079732977164,0.11858611336019328,2.9052372792025376,0.003669747836465289,0.016656116424572168
ZNF620 (253639),1.033819742622646,0.344515974582987,0.07186316022133336,4.794055445403495,1.6344306945945838e-06,1.759058957859092e-05
ENPP4 (22875),1.4958449553509197,0.3443622062297758,0.06058691349437636,5.683772061795809,1.3175585732342304e-08,2.212498470187749e-07
FAM227A (646851),0.3219923862914386,0.3443514738090801,0.12714114056682976,2.7084189450705543,0.0067604623414524966,0.02784503596755934
CRABP2 (1382),3.474750306374069,0.3441591057439866,0.0634288667645064,5.42590658322421,5.7661112327977184e-08,8.530669578040755e-07
TRIM73 (375593),0.6239548377856756,0.34397356467321455,0.09714670801906441,3.5407639814795573,0.00039897029843304353,0.0024551430730152383
METTL27 (155368),1.3380836820987219,0.34392747537744695,0.06899589103899813,4.984753007726952,6.204101433927154e-07,7.281350247649606e-06
RNF208 (727800),1.332473929665533,0.3437307638007793,0.06432301284127712,5.343822507956309,9.100668468479565e-08,1.2827812859770313e-06
SLC2A9 (56606),0.685864260856856,0.34370913207001447,0.12764396098862954,2.6927175356195026,0.007087228446728977,0.028945287516146632
PRDM11 (56981),1.081456408720648,0.3435360036629868,0.07028407991147864,4.887821027118279,1.019581532127348e-06,1.1482502793703652e-05
REL (5966),1.0056574030523748,0.34226007718371976,0.07289743546031806,4.695090780937418,2.664883491117741e-06,2.7406587154721485e-05
CFAP69 (79846),0.6642262045224794,0.342107232184789,0.09026608093819265,3.7899865445475367,0.00015065544540747525,0.0010289431827511905
EGLN3 (112399),1.7323823601273503,0.3418707693751385,0.07798710690912265,4.383683187190364,1.1668943775221882e-05,0.00010388812310176831
FRAT1 (10023),0.7528661317506571,0.34179809180592274,0.08455754596853553,4.042195026959607,5.2953160612275656e-05,0.0004052559789279245
ETV7 (51513),0.5378955642041583,0.34122292191381187,0.13078207152614382,2.609095558221068,0.009078188764790036,0.035331202316355635
CHN2 (1124),1.2498194697044307,0.3411750926200846,0.08625756490397425,3.9553063316811214,7.643664719590823e-05,0.0005621044935042206
RALGAPA2 (57186),1.7197195942065406,0.3409344673394823,0.05578414739194917,6.111672998137216,9.859204566964425e-10,2.066038884603715e-08
PPP1R13L (10848),3.2685131910591805,0.34073903385921867,0.04103849694928808,8.302912123713384,1.0159001764845629e-16,7.278682883517492e-15
AP002495.1 (100133315),1.4436290403929486,0.3406991960234523,0.06083838801578221,5.600069415630651,2.1426598774694482e-08,3.4460389111158376e-07
SIK1 (150094),1.1270807282789421,0.34052589441592246,0.08328743824584287,4.088562472179521,4.3405465776880554e-05,0.00034024893630817186
PCSK4 (54760),0.8575460733254414,0.34041798896716624,0.07924629574007531,4.295695915979766,1.7414616018148553e-05,0.00014912937541779347
RAB27B (5874),1.1478497673201753,0.34039758148767607,0.09071847739621505,3.752240902379586,0.00017526092793548252,0.001179327335293949
KYNU (8942),1.7556961024086581,0.3403019723664603,0.11107461057940703,3.0637241993585844,0.002186003380300146,0.010755594133419229
ZNF460 (10794),0.6375375679964205,0.339172423481746,0.09116499672404607,3.7204237993712823,0.00019888874625290158,0.0013159542990858213
GPR75 (10936),0.602565205575425,0.3391240099289778,0.0933618424729138,3.6323620115719617,0.00028083875924916733,0.001801378184490716
ZYG11A (440590),0.6425605605022536,0.3387790040330414,0.10182810508394015,3.3269695410100684,0.0008779596948496561,0.004892511692114047
DSG2 (1829),3.425605629413175,0.3386006739988045,0.05787340043177657,5.850713306503568,4.8946928745516965e-09,8.937566625061266e-08
TMEM182 (130827),2.0538518063795705,0.33852272281844287,0.051116219956616034,6.622608696530336,3.529143658894321e-11,9.636932031165872e-10
MAST1 (22983),1.263333817965887,0.3382485404876939,0.07318068405113251,4.622101376523815,3.7987228316269887e-06,3.760235771359189e-05
ANK3 (288),1.9186876360986418,0.3380896755937787,0.06511961796313336,5.191825231302553,2.0824243411979193e-07,2.7057130084338426e-06
FAM241B (219738),2.470413207786352,0.3380822619653291,0.04700227771114136,7.192891034835753,6.343356731660497e-13,2.327857204501557e-11
CCDC183 (84960),0.37160620054434057,0.33743811018912684,0.13650048761088113,2.4720652365070963,0.013433499997346075,0.04873667723490802
DHRS2 (10202),1.6917507337962259,0.3368364431225822,0.08520788711696652,3.953113432565231,7.714084459091755e-05,0.0005667290760326881
INHBE (83729),0.9171800382277286,0.33639123197739174,0.1296343690919207,2.5949232007976573,0.009461205705471184,0.03660408872319862
HSF2BP (11077),0.6205942718118396,0.33635528394707,0.09297279218494495,3.617781891265345,0.0002971386289593833,0.0018927806144466049
H4-16 (121504),0.9808375543120303,0.3363196639753582,0.07400553920287917,4.544520148057697,5.506054081030275e-06,5.269980261016636e-05
SLC16A13 (201232),1.3814529910799516,0.33583563968877805,0.062339311568787914,5.387220860118136,7.155548410649264e-08,1.031248863856598e-06
REEP6 (92840),2.157809981911246,0.335642334209024,0.05042947889813774,6.655677225754926,2.8199851878578816e-11,7.813903708381158e-10
ASS1 (445),4.442734893154946,0.3348724768836426,0.05183546161267693,6.460296994861638,1.0449768986986201e-10,2.62921779562198e-09
ATP1A3 (478),1.2770404513275229,0.33457405710035165,0.10425438055715336,3.209208623295542,0.0013310087710986368,0.007036668295836293
PLA2G4B (100137049),1.3018107440176103,0.3342101772189743,0.06438101879315379,5.1911290545547235,2.0902267745772488e-07,2.7135075108101195e-06
DAGLA (747),0.9951421432792735,0.3340618919922769,0.07319663881812127,4.563896613099307,5.021281343314683e-06,4.858533703634259e-05
BATF2 (116071),0.5355799790176062,0.3330071233057487,0.1210920756756157,2.7500323324031215,0.005958938462793448,0.025016235522095486
PRKCH (5583),1.9806933881739268,0.3327836719635307,0.05771628779573052,5.7658537073853156,8.124551272594816e-09,1.4297309759937028e-07
ZNF713 (349075),0.8389059107255784,0.3318590736369871,0.07940309545806151,4.179422372925822,2.922504547571641e-05,0.0002375580952067148
F8A3 (474384),1.5300196582802392,0.33165149095364643,0.06314675092032916,5.25207530268792,1.5039494728954697e-07,2.0149976642195223e-06
LAMA5 (3911),4.435217559720871,0.3309899176532458,0.0377662319865775,8.764176361859,1.8814709853245824e-18,1.7474452126662757e-16
PMEPA1 (56937),2.960854599525671,0.3307529040006158,0.057974921023180116,5.705103140517791,1.1627266085744681e-08,1.970088350519307e-07
ZP3 (7784),2.058992225527912,0.33057649656337623,0.052244122790653984,6.327534637494449,2.491090657091484e-10,5.811000004123794e-09
ELFN2 (114794),0.9058293667717897,0.32966183625510215,0.10570405975134356,3.118724456095566,0.001816357364721836,0.009170776144162666
ARG2 (384),2.1643795764665636,0.32943514929558815,0.050065981367871985,6.580019811755674,4.7038558715947743e-11,1.2593276769397682e-09
G0S2 (50486),1.6062992221921113,0.32939918311586736,0.12725886640873146,2.5884183350957986,0.00964178063016596,0.03719596416034971
ZDHHC11 (79844),1.5781511255376064,0.32939090024132933,0.05998902754379454,5.490852472993665,3.9999836718393837e-08,6.091473109969167e-07
RAB20 (55647),2.13025519244427,0.3293348427219683,0.05358769950653405,6.1457171282714205,7.960303748560185e-10,1.711010431440522e-08
PCLO (27445),1.0627191333476254,0.32877568558588127,0.0933074121334701,3.5235752237516706,0.00042576622005602706,0.0025946045147683208
MT1F (4494),2.526506169918635,0.32764181132102527,0.06705419073997797,4.886224227081514,1.0278813054767019e-06,1.156710125036096e-05
P2RY1 (5028),0.5254916087326988,0.32717040886227966,0.1311166068789983,2.4952629315995853,0.012586382764603337,0.046222776440376326
ITGA2 (3673),2.192384887173625,0.32695982152958797,0.06873756108922605,4.756639839245559,1.96841899505009e-06,2.071107146819836e-05
HES1 (3280),3.0560610711034686,0.3267323598156537,0.04296021378985792,7.605464009417683,2.838835001560329e-14,1.2637015217004943e-12
COMTD1 (118881),2.694028744216341,0.3265649573577396,0.04479274412736611,7.290577161987823,3.086299823089582e-13,1.187633430644651e-11
RPH3AL (9501),1.3673111484495624,0.32615304354471325,0.06812028164404844,4.787899222862487,1.6853623849355946e-06,1.8035535166245347e-05
CHURC1-FNTB (100529261),0.42211228737596135,0.325712305089412,0.12123366116644818,2.6866490870239756,0.007217273157677912,0.029309336553420204
ACE (1636),0.6233592195141466,0.3256602544178337,0.1308516168971963,2.488775164877703,0.012818400068886614,0.04694879441004576
TSSK4 (283629),0.8402331000865659,0.3252901145657783,0.07917938292426172,4.10826786661032,3.9863759999432874e-05,0.00031452025849578765
ZNHIT2 (741),2.3129292024637014,0.3250339690283301,0.048155021342941216,6.749741978381972,1.481083054750852e-11,4.38668811846089e-10
PPP1R13B (23368),2.1278867998078743,0.3245536112483563,0.05020098262536214,6.465084830518594,1.0124199748187324e-10,2.5515696718798404e-09
LMNTD2 (256329),0.7395648740765938,0.3243132604292798,0.08540418241625246,3.7973931867716453,0.00014622575217341274,0.0010018727992719345
SLC45A4 (57210),1.3208859363994037,0.32384764180507625,0.06362813829477212,5.089692241265599,3.586451062163912e-07,4.423093662403133e-06
RASSF7 (8045),3.4348438387730957,0.32361147061042805,0.03961969626463824,8.167944258049776,3.1368878740998145e-16,2.0883900421993723e-14
CA13 (377677),1.0388510014797743,0.3233897477201567,0.07209742945487543,4.485454615584609,7.275863296962039e-06,6.791106648020523e-05
SLC29A3 (55315),1.7430910504523542,0.3227211672149702,0.05563479064428101,5.800707857038452,6.6035561519421166e-09,1.1828226888347749e-07
JMJD7-PLA2G4B (8681),1.1801540928631455,0.32259367463516314,0.06723685946225899,4.7978694605187435,1.6036223036642107e-06,1.7320962800381705e-05
TMEM86B (255043),1.2376871272342882,0.32254632601344313,0.0657599554544855,4.904904873858794,9.347262806146921e-07,1.0630303566234812e-05
RCAN3 (11123),2.0902386603828607,0.3224330808347094,0.05059064880195948,6.373373112823588,1.8491527518463024e-10,4.3953163197913845e-09
PRODH (5625),1.067300396507744,0.3223760790567818,0.12366900126735242,2.606765444477527,0.009140194790684331,0.03553575473401459
ZIC5 (85416),0.5129948397353586,0.32227854702462644,0.12163771289213711,2.649495286962594,0.008061209659240025,0.03204463950671742
ADRB2 (154),1.2156568209285934,0.3222661530169249,0.10168362679670258,3.169302307255778,0.001528053698498238,0.00790072025690876
MMRN2 (79812),0.6968309986563871,0.32198889170355716,0.1052299662080382,3.0598593091533406,0.0022144098816449967,0.010874024503665345
TNFRSF21 (27242),3.58715689059412,0.32192726173061287,0.039678963285651056,8.11329820824805,4.926397353960872e-16,3.101362953460053e-14
FEM1A (55527),0.4473491194940716,0.3214879317930289,0.10756610448192398,2.9887475552027043,0.002801234716479219,0.013258061511213065
TTC39A (22996),1.1795110998879899,0.3213033058298302,0.10366218847532478,3.0995226953587958,0.0019383272704135064,0.00969228052862799
ABLIM1 (3983),3.217916096909586,0.3200413701200285,0.04113619923046673,7.780042301112642,7.250030241482025e-15,3.723001877588346e-13
MFSD13A (79847),1.7694210283662999,0.31964019109358277,0.05492280211766704,5.819808508837242,5.891508529010783e-09,1.060330590041821e-07
MTCP1 (4515),1.1212696260741841,0.3195249030940118,0.06875443191759069,4.647335367078526,3.36250260064264e-06,3.363844024552471e-05
CRIP1 (1396),3.368730415048912,0.3187398736867496,0.07887734311167728,4.040956009832464,5.3233744368524606e-05,0.00040698928748415716
ZNF711 (7552),1.25196472249847,0.3183788513885016,0.09195735470499324,3.4622445633618666,0.0005356901411558645,0.0031759982268829015
N4BP3 (23138),0.6280263947104456,0.3169721481155702,0.10795065758229788,2.9362688029382453,0.0033218633563707315,0.015308041672267694
ADD2 (119),1.2109479513091557,0.31684287619619017,0.11780910118157256,2.689460092797568,0.007156770361442061,0.02915018052470418
TSSK3 (81629),0.604461801014406,0.3164657970444776,0.09343400282606712,3.38705168859775,0.0007064807609436641,0.0040514918246656005
CELSR3 (1951),1.798730873349634,0.316464189495828,0.0548462332596078,5.77002595598287,7.925932343222603e-09,1.398048980493872e-07
SHROOM3 (57619),1.939783589936943,0.3155570758062433,0.0597812961162802,5.278525162660498,1.3022778541863683e-07,1.7748254161311681e-06
RAPGEFL1 (51195),1.8283456861080098,0.3155450692347075,0.05435686136611489,5.80506418701012,6.434135077453299e-09,1.1552266870568298e-07
PRKCZ (5590),2.4571702765982297,0.31544824484411144,0.047430318858161784,6.650772173542521,2.9155929803608054e-11,8.06397279090233e-10
ACBD7 (414149),1.136886774985989,0.31509577044115067,0.06967207042117714,4.522554999964173,6.1097603600289504e-06,5.781600904213559e-05
VAMP8 (8673),4.659774688122004,0.3149397318039174,0.05028448814408382,6.263158747912428,3.7725620935573303e-10,8.548489346334878e-09
AOC2 (314),0.4755190978075643,0.3139423179871937,0.10954590180924471,2.865851782697175,0.004158889131477054,0.018464044223134773
ARHGEF19 (128272),2.2549954004112256,0.3139051536053897,0.04874385445682578,6.439891902340777,1.195586217068089e-10,2.9489820036076177e-09
DNASE1L2 (1775),0.3725275321041113,0.31351182301874914,0.11722538367294802,2.6744363140105287,0.007485499223208152,0.030186765294127543
KIAA1958 (158405),1.249852765126134,0.3135047061487206,0.06506437746414552,4.818377096153436,1.4473063491075464e-06,1.5756998067056542e-05
BEND3 (57673),1.0548934917627601,0.3132871787684226,0.07079702473618639,4.425146112224862,9.637702915419756e-06,8.667595819809065e-05
DLX2 (1746),0.6709702434377233,0.31242392066616553,0.1207041626981833,2.5883442101940677,0.009643855921143443,0.03719596416034971
NAGS (162417),0.5858758743885416,0.31228524652176504,0.09875738845377025,3.162145652200496,0.0015661120946979716,0.008072532571711437
C2orf81 (388963),0.9085822365175826,0.3117386030735804,0.07669808040983249,4.064490289819775,4.813754281266704e-05,0.0003718056823200145
SLC25A27 (9481),1.6116348512631031,0.31169051167180706,0.0640450295036618,4.866740074715494,1.1345408419984527e-06,1.2598008493511968e-05
FAM241A (132720),0.827887428553514,0.31156257513835384,0.08081897608007764,3.855067092530957,0.00011569789496918517,0.0008123195388069984
HSPE1-MOB4 (100529241),1.254776644336849,0.3114174042782709,0.06491528360036264,4.79728943642066,1.6082712918611825e-06,1.735871582305836e-05
ANKRD18B (441459),1.090359398399296,0.3114117530133696,0.07991983995601698,3.8965512591710856,9.75721640214908e-05,0.0006992869580366291
GPRC5A (9052),3.2854508337759927,0.31114555151983847,0.07447818613696854,4.177673593548971,2.9450587775672797e-05,0.0002391330510916206
NEURL2 (140825),0.6250913264040574,0.311014965422754,0.09203929073718016,3.379154303903349,0.0007270918612847796,0.004156468140156077
PPP4R4 (57718),0.5640424604185454,0.31083364333173424,0.12506932907050383,2.4852907234875445,0.012944567249582394,0.047353260111163795
H2BC15 (8341),1.006582407075689,0.31070370537141523,0.07292178441035967,4.260780339973071,2.0371437729551802e-05,0.0001720026105941843
MIPOL1 (145282),1.3860110218432367,0.31059843637882784,0.062103371513994095,5.001313597102196,5.694100428973751e-07,6.724759423417509e-06
FUT4 (2526),1.2262586253313392,0.31047627930435856,0.07001984361255525,4.434118433944733,9.244979689818252e-06,8.349337599820253e-05
OTUB2 (78990),0.7696769482507699,0.3103895726508162,0.08361162465391676,3.7122777357284145,0.00020540241371915055,0.001356070520762764
SEMA4A (64218),1.0897387848730613,0.31000230682198127,0.10980693381892635,2.823157846599931,0.004755315302094186,0.020732678654102905
OCIAD2 (132299),5.215246050468007,0.30965813347307575,0.033982394346338325,9.112310637006132,8.064575841204202e-20,1.0551270270152908e-17
BTBD11 (121551),0.7815946475723903,0.30960622750157324,0.11337141109814527,2.7309021251711165,0.006316122619185651,0.02626655083700036
TSPAN13 (27075),3.898757147018991,0.3095984381216053,0.03870340600611139,7.999255622947466,1.2517361435877384e-15,7.328257593938175e-14
BMP2 (650),0.8636641960426021,0.30916972172123103,0.1087158288031064,2.8438335532644805,0.004457432659005238,0.019610097013857547
ULBP1 (80329),0.8523305115186636,0.3090175700762152,0.09306122451487128,3.3205835372049495,0.0008982947133314654,0.004994731063113537
MYO15B (80022),1.7064358299257925,0.3089993200668671,0.07262748759924748,4.254578125735259,2.0944352404494158e-05,0.0001764438556987789
DUSP8 (1850),0.9525614073117491,0.30874285631487447,0.07791715962023152,3.9624500921194783,7.418451797899412e-05,0.0005474155259989924
JSRP1 (126306),0.8175453164674686,0.30865518659984736,0.10464133907088961,2.9496486698316033,0.003181354697679933,0.014737273023796882
PLEKHG5 (57449),2.001757543521526,0.308424885188286,0.05207371504300999,5.9228515755702125,3.1640640082931424e-09,6.026239660387104e-08
RPP25 (54913),2.1542280064026884,0.3083428719153496,0.054775491013158574,5.629212376047477,1.8103438202549984e-08,2.967149577293759e-07
CCNJL (79616),1.4862959003989296,0.3083191460281726,0.060230621108782745,5.118976699099886,3.07197908745172e-07,3.831811009786566e-06
STOX2 (56977),0.540746937114809,0.30831251022054923,0.11526287202854554,2.6748640285849703,0.007475956412974674,0.03016260422276029
PLEKHG1 (57480),0.8578517619806385,0.30751063108812604,0.10477525112606624,2.9349548465231288,0.003335962285292151,0.015354202674978801
SLCO4A1 (28231),3.0472199569091827,0.30647916838718886,0.04438078868710203,6.9056719687421415,4.99663377914236e-12,1.5827231966521254e-10
ZNF681 (148213),0.5220890654820413,0.30631099688906455,0.10203695455604082,3.0019613797943387,0.0026824620464356652,0.012788442316435684
ANO7 (50636),0.5310910365175309,0.30606047644799067,0.1009928684871544,3.0305157288102915,0.0024413647074920937,0.011811181153995513
BIRC3 (330),2.305437893401652,0.30530278143601386,0.07238428364614877,4.217804833553224,2.466921944644529e-05,0.00020405336766971734
PFKFB2 (5208),2.0951397366629663,0.30464976073628264,0.05055424558378362,6.026195371294507,1.6786425145117521e-09,3.366882461455478e-08
SLC16A14 (151473),0.908594336306901,0.3041203382105515,0.10425149674260749,2.9171795869886807,0.0035321234073470847,0.0161189956890944
FGF11 (2256),1.208820747632961,0.3039975074312416,0.07874466642048783,3.860547275772666,0.00011313334836123865,0.0007976577268776254
KREMEN2 (79412),0.9105955619000264,0.30398952700091225,0.09811915158022749,3.098167096892945,0.0019472160322955066,0.009730259854506209
DENND2D (79961),2.030350241966793,0.30373644243379877,0.07365226387957272,4.123925408870417,3.7246955970187094e-05,0.00029526749184796366
KCP (375616),0.5368692377705396,0.303006420154523,0.11743856040808534,2.58012716693402,0.009876393838624474,0.037908219820393836
PFN4 (375189),0.39097566521625055,0.302807411210862,0.1148959030562606,2.6354935481257984,0.008401502297429326,0.03313473225874748
BCL2L11 (10018),2.2556358840362756,0.30206311037897765,0.0486464690829236,6.209353239267493,5.32031097913334e-10,1.1703128507608222e-08
NECTIN1 (5818),2.715236763230055,0.30097350376286564,0.044543747664362955,6.756806949219907,1.4106594617032155e-11,4.186347585953961e-10
RAB17 (64284),1.7621935213995497,0.30073823020518375,0.0969060872759623,3.1033987508830347,0.0019131168345005356,0.009582142440710739
ZNF695 (57116),1.7070397426854418,0.30041856387000543,0.055974193617038474,5.367090518987992,8.001690400193123e-08,1.143337452623986e-06
DNHD1 (144132),1.718820171906926,0.3002388196539539,0.055692959070052866,5.390965476916055,7.008013847649292e-08,1.012896987048331e-06
VAV3 (10451),1.4278243653512221,0.2995908874083928,0.10171015038629243,2.9455357825207673,0.0032239585496032456,0.014916260866337771
TFAP2C (7022),1.5550329302586314,0.29955703330955136,0.09739890912578973,3.075568669076944,0.0021010154191422746,0.010384979630885239
SOX13 (9580),2.289325666380707,0.29955523428389186,0.04877777054554153,6.141224392455803,8.188780809573604e-10,1.7551053569920864e-08
GCA (25801),3.2235047359016225,0.29937858795256617,0.040764584464577286,7.344085359503998,2.0717088257946877e-13,8.181346717298392e-12
EPS8L2 (64787),3.6943418994120463,0.2988725130813082,0.05074326021244612,5.8898957581760145,3.864392997968777e-09,7.258883526521626e-08
PDE9A (5152),1.3865198329146986,0.29879425990350494,0.08300210588039875,3.5998395068921534,0.0003184136491510904,0.0020172007432114974
AQP11 (282679),0.5503081109550205,0.29817892388440975,0.09807217320362745,3.040402941467405,0.002362618275619711,0.011496751156201222
FGFR4 (2264),1.8931033621581579,0.29809869890454466,0.07404586086838316,4.02586580004001,5.676605843823516e-05,0.000430712110570694
SLC6A9 (6536),2.0765581532342363,0.2978688321007778,0.05113517171171605,5.825126270819393,5.706943376275865e-09,1.0283433537658283e-07
ZNF525 (170958),1.755698735811307,0.2972634199768136,0.05509030807581442,5.395929526618808,6.816970159760008e-08,9.893276483484142e-07
ZC3H12A (80149),2.309238822293025,0.29712496012117845,0.04838786297664223,6.140485275504035,8.226976101236832e-10,1.7607835337014135e-08
GAREM1 (64762),0.8415572068072239,0.29680370806839546,0.07969598817468672,3.7241988570093065,0.00019593644072837888,0.0012992770767735516
TENT5B (115572),0.9639883376481921,0.2962937140668192,0.09411484164694375,3.148214552369073,0.001642710736090213,0.008401164423933835
TLE2 (7089),1.6049132802103137,0.296206839476314,0.0781457547060206,3.7904405759548347,0.00015038030790004772,0.0010275304780491
SERINC2 (347735),3.618344564651443,0.29611405736990054,0.046385130270534626,6.383814287959475,1.7273055053721217e-10,4.125244227591895e-09
GAN (8139),0.9596069469319827,0.29554238546135986,0.07429159657552882,3.9781401811831523,6.945642067508179e-05,0.0005168354626494959
DLG3 (1741),2.701875906797091,0.29506784578484835,0.04445968406374622,6.636750845142771,3.206730040543545e-11,8.8205594497291e-10
GNG4 (2786),1.512946379679579,0.2950189950362008,0.09537186573246383,3.0933545524188975,0.001979075372944957,0.009876340982198946
LRRC1 (55227),2.414221159667312,0.2949111027278268,0.04707523171798806,6.264676603071024,3.735999372037493e-10,8.478408228005448e-09
ZFP3 (124961),0.6493225946490137,0.2948860456404685,0.09195831476508766,3.2067360781215966,0.0013425009998534038,0.007082965820629064
MCOLN3 (55283),1.2458058918331685,0.29443769726686847,0.08464103867839912,3.478663563966999,0.0005039208063850976,0.003009921577161643
MYEOV (26579),2.636396977749266,0.29422755437746984,0.07721714894912561,3.8103913234522704,0.00013874699506946116,0.00095585498526333
WDR31 (114987),0.7558068445898959,0.29419007910925987,0.0836391420536846,3.517373228439277,0.0004358404821464837,0.002647418608952763
CLCN2 (1181),2.115134670544302,0.29389176375650367,0.0501271107137191,5.862930449651261,4.5476874297770645e-09,8.385356013287464e-08
HSD17B8 (7923),2.620894130249857,0.2936157469877453,0.045361681417556136,6.472770360626632,9.622213646190968e-11,2.4414136006844742e-09
ZNRF2 (223082),2.2130965847465016,0.29324939946889406,0.04908835536534964,5.973909642853755,2.316341287734098e-09,4.514465157415446e-08
ITPKA (3706),1.1558762886042158,0.2931824915506965,0.0731847587191261,4.006059412942714,6.174012546987628e-05,0.0004642388444876355
FBXL18 (80028),1.6869300360823967,0.2929255105232921,0.05590104108621667,5.240072543041022,1.6051348533866658e-07,2.1372441596509535e-06
CEP72 (55722),2.3911165576909665,0.29268455627450984,0.04707067905695148,6.21798032529734,5.035946851249229e-10,1.1110096235175352e-08
SLCO3A1 (28232),2.324358085356575,0.29229936987901234,0.05069030880342876,5.766375798035005,8.099434869760417e-09,1.4269800591383517e-07
TPD52 (7163),4.469727587030898,0.2910138605704758,0.03460900866953708,8.408615899669693,4.148773242416357e-17,3.1686518885988075e-15
CARD10 (29775),2.2700498932045945,0.290695823492079,0.05277453024979249,5.508259801009258,3.6239829691675684e-08,5.548651741850226e-07
PTPRU (10076),2.3945291452063846,0.290649183713487,0.052224990554660435,5.5653276453785825,2.616602955808014e-08,4.1267723347051757e-07
PPP1R32 (220004),0.4503664883310752,0.2901690726347241,0.10967451248271153,2.6457293136403472,0.008151501615437921,0.03231818005425006
RHPN2 (85415),2.7992175798208976,0.2900084918823467,0.04373031770100077,6.63174902741925,3.3173228187505944e-11,9.091518967380954e-10
FGFR2 (2263),1.4955840242200393,0.2899689366965999,0.10840763183791426,2.6748018730835033,0.007477342496723992,0.03016260422276029
TEN1-CDK3 (100529145),0.7484761557566686,0.2899026572219279,0.0838526300084822,3.4572875912491057,0.000545642201464111,0.003229635154692767
GPR157 (80045),1.605183193723414,0.2896802085128994,0.057804479485468976,5.011379932687048,5.404109780435998e-07,6.417540312268352e-06
H2BC11 (8970),2.3122175975849637,0.2891865612194818,0.048009316088140234,6.023550943499478,1.7063136877920212e-09,3.4139887960796216e-08
LPAR2 (9170),2.705320946986337,0.28867562482268855,0.044457272173547224,6.4933274289927105,8.396093191095263e-11,2.1520888952848267e-09
CELSR1 (9620),2.4553965298013747,0.2885167734381255,0.054422447653700586,5.3014295732159535,1.1489937231504679e-07,1.5802339633018228e-06
CEBPA (1050),1.1272429280658762,0.28809736507140266,0.10092747586886446,2.854498862586526,0.0043104786056811775,0.019041532912824132
IKZF2 (22807),0.9817163313970583,0.2878008250781554,0.09222752491799736,3.120552409208085,0.0018051217345971225,0.009122720789245689
STXBP2 (6813),4.222613107811836,0.28742538490283426,0.0357821824251251,8.03263986215143,9.539738785802715e-16,5.718522301640942e-14
CATSPER1 (117144),0.7790673922984187,0.2864979014156191,0.10496858000347373,2.7293681728964803,0.006345581434115783,0.02634536927640896
PPM1L (151742),0.8358529760363204,0.28615024486030316,0.08296778865398394,3.4489318023611424,0.0005628088247998088,0.0033232715627810197
MCIDAS (345643),0.39887223762186114,0.2858577853183777,0.11394188566252693,2.5088033575732744,0.012114090070184384,0.044673676273528
NMB (4828),2.7375044843625633,0.2857101054043231,0.044295221889571905,6.450133743919358,1.1175148752162379e-10,2.793044653239787e-09
OSR2 (116039),1.445016627284057,0.2855990333086443,0.0661002201323375,4.320697158600289,1.555370149137004e-05,0.00013480471926218527
RAPGEF3 (10411),1.3066325541926165,0.28532313636349693,0.08896628987562902,3.207092672543344,0.0013408379422237997,0.007081168016391468
DENND2C (163259),0.5308675211545616,0.2851595861388098,0.11341686458894475,2.5142608832673163,0.011928216031129087,0.04415053835285812
STARD10 (10809),4.2111693609994925,0.283333542036182,0.035713532682776855,7.9335064540624955,2.1304348494181237e-15,1.2033660662032506e-13
ARHGAP26 (23092),1.902344773012885,0.2832520980553144,0.05296459257136486,5.347951986483396,8.895505446802373e-08,1.2591707973821467e-06
ADORA2B (136),2.6075414181237186,0.2832420681743777,0.046740712860222064,6.059857688123244,1.3624203555695182e-09,2.788976417673329e-08
GRB14 (2888),0.9063962562413649,0.2826781181265962,0.10475833590512917,2.698383051660863,0.006967721488558692,0.02854242785648083
PLEKHG3 (26030),2.38710064950474,0.28261369885772886,0.047383091033769226,5.96444201279132,2.454714214525915e-09,4.759488411308881e-08
SSH3 (54961),3.1470499670962253,0.2823645068212444,0.0414539477125755,6.8115227234579185,9.65710394740937e-12,2.935369413994371e-10
AIF1L (83543),2.1415132558811627,0.28207863799661054,0.07052277932125645,3.999823045992581,6.338986402182777e-05,0.0004756927152480901
MYRF (745),1.9586696822629952,0.2820175422768286,0.0690370835868184,4.085015293587454,4.407391355491784e-05,0.0003435938359312403
ANKRD23 (200539),0.8202878332555062,0.2818126884594441,0.07992344960936532,3.526032595400158,0.0004218350470997375,0.002574819520755639
MEST (4232),3.7324204337562605,0.28095774190612544,0.05473529240735076,5.133027148465435,2.851187610031017e-07,3.580882202047302e-06
TMEM102 (284114),1.6000529870342164,0.280668355705393,0.05777607918556274,4.85786435600717,1.1865865025723316e-06,1.3117840204043572e-05
GAD1 (2571),1.4290276411412524,0.2806049264427211,0.07367275429854982,3.8088018985363843,0.00013964177671867717,0.0009615790263200076
KBTBD3 (143879),1.193558830426584,0.2800986034515717,0.06673608416169426,4.197108760126281,2.7034412477933935e-05,0.00022154671576415794
ZNF793 (390927),0.7755188152276027,0.2793748112897241,0.09763763724274499,2.8613434243103124,0.004218498186943517,0.01868458160752198
CCDC191 (57577),1.018888614202412,0.2789437120880041,0.07220997690706213,3.862952517586575,0.00011202478867512827,0.0007909549368399718
HR (55806),1.4010389433015806,0.2787867421679127,0.09338730035702442,2.985274669062033,0.0028332379262992454,0.013375870046783322
AKR1E2 (83592),0.9478861268882124,0.27860702624743494,0.09637699694836575,2.8908041863630536,0.0038425746028063323,0.017341145013144592
TNFSF13 (8741),1.829001378836512,0.27842618773940353,0.057711484503984986,4.824450282857966,1.4038992991109672e-06,1.533991928425825e-05
DBNDD2 (55861),3.7956081900921874,0.27835740143688464,0.037757818591806484,7.372179109343162,1.6786127960597425e-13,6.7171298216794914e-12
PHKA1 (5255),1.808373562631067,0.27791196186829986,0.05416867813036346,5.1304918536035,2.889860670353923e-07,3.617374679379794e-06
IRAK2 (3656),1.3841775043844768,0.27747814918351327,0.0701038151964284,3.958103398595773,7.554725471359191e-05,0.0005563798308471385
EPB41L4A (64097),0.7817858852786954,0.2773806454350288,0.10803615457345873,2.5674798083119947,0.010244075533430945,0.039030731951380605
SLC26A1 (10861),0.5111719471663808,0.2773666047651732,0.10209610818915976,2.716720643761259,0.006593223179657447,0.0272382306318303
ZNF594 (84622),1.4158719425610504,0.2772563229283818,0.06089955114267345,4.552682535850467,5.296616965946172e-06,5.1019781606674836e-05
KCNK6 (9424),1.2911360923123407,0.2771385692187933,0.07663867559231441,3.616171170455165,0.00029899270671762316,0.0019029798076452445
CYB561 (1534),3.738474072530191,0.2768141131515611,0.0379103980150495,7.301799180311234,2.839448609417078e-13,1.0954447122381885e-11
LGALS9 (3965),1.8665507149485787,0.27668471698244085,0.09329268992938075,2.9657705999460555,0.0030192560386982916,0.014112372276562441
CMTM8 (152189),1.9254473607832714,0.27635197664209227,0.052750278177065145,5.238872403942033,1.6156068787588914e-07,2.1492856850403433e-06
AC131160.1 (55486),0.6234287798721116,0.27614105940941375,0.09180166742132989,3.0080179060587855,0.002629576438812216,0.01257216622128014
KLF4 (9314),2.3555120846977413,0.27601199628079953,0.061661364790996986,4.476255062085478,7.596372626855348e-06,7.031990598130302e-05
E2F8 (79733),2.0809186853190766,0.27521371478196704,0.050313569260239506,5.469970006668872,4.501117446777195e-08,6.779160470891859e-07
CCDC113 (29070),1.0286242323870203,0.27498980753392666,0.07180606890553236,3.8296179100919954,0.00012834237777855712,0.000893950409257103
CPVL (54504),2.147464890235096,0.2748285545502807,0.08576944187979886,3.2042712244232363,0.0013540485337569246,0.0071309115291938
CCDC85C (317762),3.0792936123316346,0.2739930499912846,0.041509600968090254,6.60071510207751,4.091792193170068e-11,1.1033172999719865e-09
NANOS1 (340719),1.2079740703053066,0.27366048950877225,0.06947207414926446,3.939143790651738,8.17729126880673e-05,0.0005975499000993981
CXCL1 (2919),2.0889532581017147,0.27314102891087055,0.10691474718407266,2.554755411249394,0.010626243763308313,0.04019167010124104
MBNL3 (55796),1.250573490355634,0.2721550275451441,0.0699009646582211,3.8934373635019037,9.88337301118106e-05,0.0007067739083946304
EPHB3 (2049),1.4479246175981768,0.27215178136145957,0.08275463484599795,3.288659080762302,0.001006658777815169,0.0055157454034851445
RTKN2 (219790),1.5859442941273894,0.2720764396697791,0.05768902774003162,4.716259752129252,2.402197181442551e-06,2.4978202344149706e-05
KIAA0895 (23366),1.687869037661347,0.27196546731629456,0.05598077987026671,4.85819361478286,1.1846154154864368e-06,1.3105679074565388e-05
C19orf57 (79173),1.1884553570305776,0.27176854336035106,0.066958413769439,4.058766151422645,4.9332685069435216e-05,0.0003800612286506514
HSD17B6 (8630),0.883643747369236,0.270844928874972,0.07928304836265095,3.416177032397798,0.0006350694621702778,0.0036921387665432765
GRIP1 (23426),1.2229766580809773,0.27082661093555027,0.08246492710255353,3.284142973882094,0.001022930141140829,0.00558860090907949
TEDC1 (283643),3.231937023690763,0.27056504863302716,0.04048327206202277,6.683378957573031,2.3349472987264283e-11,6.641137439818117e-10
PSORS1C1 (170679),0.952299428400017,0.26939434981010846,0.0890224760533469,3.0261385860428476,0.0024769874382389438,0.011948942929061606
SPTLC3 (55304),1.0128757341363566,0.2693530242609834,0.09244001361057455,2.9138141995056035,0.0035704233923991996,0.016276866006054904
LIPE (3991),1.463266849759087,0.26901826679712215,0.06047617504330058,4.448334680632608,8.653861693520423e-06,7.881384530286473e-05
GSDMB (55876),2.3322960757557403,0.2680094400598615,0.0480779357130408,5.574478938935929,2.4827183799980707e-08,3.9279685326446866e-07
EHHADH (1962),1.5582167351350025,0.26773995594054056,0.05845365678728445,4.58037992242057,4.64132032296286e-06,4.5375767108056654e-05
ZNF888 (388559),1.3372419739724248,0.267268541319385,0.06297887342359398,4.24378091874945,2.197849322162829e-05,0.0001840130620325085
NXPH4 (11247),1.5481714819212686,0.26700504433852923,0.06656438436866494,4.011229832153624,6.04032720918304e-05,0.0004553244648765933
B3GNT4 (79369),0.5438764544573187,0.2667984420986234,0.09900293434501341,2.6948538835107927,0.007041950405681745,0.0288217254205337
CFAP300 (85016),1.0414466543798218,0.2662506686743401,0.09350142015320671,2.847557483491429,0.004405613696219976,0.019416187367699404
ZNF114 (163071),0.8779338141172032,0.26591882139795847,0.10132117653912429,2.624513753995704,0.00867727879098269,0.034035019991951396
C3orf52 (79669),1.9877187735009043,0.26583436287718515,0.05183763850087456,5.1282112874933565,2.925080516058451e-07,3.6584174101924737e-06
ZBTB46 (140685),0.6702462896937754,0.2652193789125615,0.09123479753246212,2.906998054313587,0.003649154674901999,0.016585633864957466
BMP8B (656),0.9322239425430232,0.2650013128383232,0.09279629346811968,2.855731656236516,0.004293778656755501,0.018984482418320094
LY6G5C (80741),0.8835069791593911,0.2644724853646233,0.07739366823401986,3.417236724907806,0.0006326024685300915,0.003679217913221398
LTB4R (1241),1.9390883369175813,0.26433970856537475,0.052320544609718043,5.052311869786542,4.3649421331627146e-07,5.313504800612153e-06
GCH1 (2643),2.13764693333479,0.264302798261377,0.04986223147165256,5.30066125122453,1.1538400320311234e-07,1.5854499654739983e-06
RAB3IP (117177),3.435514547228223,0.2639581006851694,0.03934717638579775,6.7084381887297075,1.9671846378468558e-11,5.661421227498195e-10
RHOF (54509),2.8116820012399812,0.26395199502673455,0.04627829249515497,5.703581113204827,1.173161718660806e-08,1.985533320469121e-07
CTSS (1520),2.3744092890693156,0.2637792905939218,0.07173398668438263,3.6771871017639923,0.00023582007226317009,0.00153999514204499
NEURL1B (54492),1.3969209086177408,0.26332976167669697,0.06722845773439806,3.916938905798547,8.968046449664266e-05,0.0006480942693643061
TRPV1 (7442),1.0669273225944873,0.26286672355631746,0.07025343936949,3.741691878938478,0.00018278553891138257,0.0012217642018927863
RSPH3 (83861),1.3226017863589319,0.2625002983622002,0.06325309921280549,4.1499989981369545,3.324767298207839e-05,0.00026651277980199863
ZNF865 (100507290),1.6751903362958507,0.2624948710933279,0.05609575391549393,4.679407134607126,2.8770563378097735e-06,2.936783558933911e-05
CNBD2 (140894),1.7273467939247977,0.2622210361022841,0.05551054815837794,4.723805561316698,2.314717383845994e-06,2.4135299901141252e-05
EEF1A2 (1917),3.5638589648103807,0.2607119061912159,0.06978029195476533,3.7361825078092377,0.0001868350864574313,0.0012460266818786303
CCDC24 (149473),2.1246103277446666,0.26052715965947776,0.049962695789211725,5.2144335997925175,1.843797316210572e-07,2.422862394733997e-06
JHY (79864),0.8381069918312629,0.26033830301429806,0.07947718924956178,3.2756355058911892,0.0010542452597730597,0.0057326252904031285
PPM1J (333926),0.5884913317311298,0.25985441002837867,0.09883148731390663,2.629267423680817,0.008556904102258662,0.03360667687877417
DMTN (2039),1.8648412415095164,0.259474995907717,0.06799424049943521,3.816131984147574,0.0001355600123697533,0.0009373326958250495
TDRKH (11022),2.45602619873551,0.2594333050486315,0.0463584179634387,5.5962501838013035,2.1903755815486056e-08,3.505999042551098e-07
RASSF5 (83593),1.713519048206923,0.25934017657519987,0.07163781975828507,3.6201573058790166,0.0002944239646870061,0.001877873239796818
PLEKHB1 (58473),1.5515590592742785,0.25920475110831415,0.08657156001689091,2.9941097406323847,0.0027524692507561034,0.013062542321934113
ATP8B1 (5205),2.1184067408220066,0.2589339065694871,0.06903637849853211,3.7506878576342575,0.00017635012425081884,0.0011855960542796337
PIK3C2B (5287),1.772968815696941,0.25885171374160243,0.05468772156892002,4.733269302788295,2.209320444539651e-06,2.3116436306358545e-05
PER2 (8864),1.3126097696214265,0.2586603696358201,0.0634170492591777,4.078719723756098,4.5284390916685756e-05,0.00035163763679734334
ANKRD36C (400986),1.3708249737931315,0.2586495718177755,0.061752793739317344,4.188467535730227,2.8084447552114547e-05,0.00022902905033556396
ASRGL1 (80150),2.420514061986825,0.25823838297058826,0.05294652666484657,4.877343222252265,1.0752424793720375e-06,1.201046647708365e-05
EIF5AL1 (143244),0.6470877613553991,0.2582009024300002,0.09000491189222772,2.8687423497416575,0.004121073486719983,0.0183394474064445
ABHD8 (79575),1.9396082399473542,0.2581861868797143,0.05214379598313509,4.951426761550303,7.367134546823162e-07,8.487435405168553e-06
SAP25 (100316904),0.9596175864234258,0.25811343157097805,0.08477592888370795,3.044654714725062,0.002329475808855893,0.011353836417248384
NAPRT (93100),3.7881983709879856,0.25808743984137333,0.03756806372047697,6.869862704707333,6.426372352208259e-12,2.00308479367397e-10
GNB1L (54584),2.1120648777701687,0.2578314232139508,0.049995159557701924,5.157127719862053,2.5076676183685825e-07,3.1947812858572135e-06
ADM5 (199800),0.7667061551700802,0.25780866370733097,0.08313181099676614,3.101203505807901,0.001927357807103539,0.009643839562913151
MANSC1 (54682),2.2174236053571925,0.25778545220762256,0.05596910938855624,4.605852317891819,4.1077985219458714e-06,4.04489113620403e-05
USP18 (11274),2.254237886271583,0.25767870497464257,0.048559112611306056,5.306495343875931,1.117530142461727e-07,1.544018229887892e-06
GATM (2628),1.2806122058616418,0.2574751876013866,0.10142581322252038,2.538556797533444,0.011131073343038447,0.04175470693576576
OAS3 (4940),2.755012006454524,0.2570173373272731,0.04476962431842181,5.74088662212686,9.418213396347044e-09,1.6288096409360647e-07
GPAT3 (84803),2.0544904639261934,0.2569710793595738,0.06358174475724612,4.04158584104108,5.3090939278454557e-05,0.0004061038497120627
HIC2 (23119),1.1497686994846072,0.2566286784498854,0.06753177838772584,3.8001172866569832,0.00014462762015130532,0.0009927313744509763
L2HGDH (79944),2.4744936410636504,0.25641380099828776,0.04616081667170306,5.554793426249571,2.7794025636113967e-08,4.36522870272412e-07
ZHX1-C8orf76 (100533106),0.9056807762943553,0.25580082622626166,0.07629651679541716,3.3527195862973747,0.0008002173584345049,0.004520068086636887
ZNF736 (728927),1.544663976011885,0.2551807728280722,0.05845800600253313,4.365198033217462,1.2700764269726936e-05,0.00011227243171244883
OBSCN (84033),1.89945333238308,0.2540232518104316,0.053246371438552494,4.770714791402831,1.835733152487689e-06,1.9458770129191636e-05
LBX2 (85474),0.9661283276180622,0.25381826760424125,0.07415870761921878,3.4226360700285774,0.0006201704894652519,0.0036152984054607443
TMEM144 (55314),1.3190263900994448,0.25380327334102787,0.06420848829743339,3.952799389472203,7.724219278034322e-05,0.0005671516015257064
FAM83G (644815),2.1668912577680994,0.25345930930127125,0.04951292163470565,5.1190537930933,3.0707237356520125e-07,3.831811009786566e-06
FANK1 (92565),0.9608614864619351,0.2532946749497882,0.08067903691151386,3.1395351834404464,0.0016921609330234992,0.008615990997723035
PTPN3 (5774),1.9659180181954263,0.25311512850298573,0.05215822281746895,4.8528326854382735,1.217103701996043e-06,1.3415781904932207e-05
CGAS (115004),1.7135750764613331,0.2523984622569668,0.058053539303994935,4.347684314909602,1.3758243838825002e-05,0.0001205629218398142
MDK (4192),5.592077752658437,0.2523569273384232,0.035035549599173745,7.202881936362564,5.895301697273251e-13,2.17403699355817e-11
SLC22A23 (63027),1.5559844496588457,0.2521593049265883,0.05847221683235456,4.312463569656562,1.614454901796797e-05,0.0001392039452861582
FAM72D (728833),2.4489837160620405,0.25207951661902184,0.04642771489442941,5.429505139165645,5.6510525909960884e-08,8.376919929470655e-07
DNMT3B (1789),1.7786092439468113,0.25195945714616125,0.054518737811093544,4.6215203664324775,3.8093792723542407e-06,3.768305097425503e-05
MROH1 (727957),2.843410430190615,0.251585783661548,0.043136827368562294,5.832273697645675,5.46771340205898e-09,9.935654087847754e-08
ARHGEF39 (84904),2.4839637575435085,0.25095949368755466,0.04609794744496051,5.44404919518797,5.2082825723930345e-08,7.76648360596884e-07
BAIAP2L1 (55971),3.161353902770938,0.2509331787425726,0.041182368488313144,6.09321872329376,1.1066269552680745e-09,2.287130380352122e-08
STEAP1 (26872),2.5985766402549424,0.25044437744900416,0.06496500967758934,3.8550656529094423,0.00011569857581173717,0.0008123195388069984
TYW1B (441250),0.8844495479237171,0.25033976120746715,0.07723320646508153,3.241348801446566,0.0011896552377416618,0.0063518639840528905
TMEM216 (51259),3.1616355313131854,0.2503105179794083,0.0410520385218391,6.097395573821423,1.0781050143762048e-09,2.2374024891454313e-08
PRR7 (80758),1.5977086214522618,0.25026792828485767,0.05769197344272426,4.338002556513689,1.4378348296759818e-05,0.00012575255625894407
CCDC30 (728621),0.6950267738631166,0.2502268150660024,0.08702884497857477,2.8752170056675417,0.004037498989223962,0.01801014224484546
HCN3 (57657),1.5231065543299835,0.249463188002219,0.05870354301895857,4.249542279273565,2.142077768302736e-05,0.00017990149568686945
VSIG10L (147645),0.7873666762911556,0.24937923016170352,0.08285014043575316,3.01000371091811,0.002612444978979008,0.012510135949623856
MIB2 (142678),3.2304656265264575,0.24860098103835276,0.040496705618819136,6.138795174559235,8.314969443549773e-10,1.774567804931204e-08
MICALL2 (79778),2.7353318704191043,0.24849447170977457,0.044285328658943246,5.611214350999111,2.0091171418843177e-08,3.2567601897537003e-07
CTXN1 (404217),1.7846355843628654,0.24830280244003358,0.06007085101635166,4.1334989972498315,3.572818555064189e-05,0.00028472790243377005
H4C15 (554313),1.8620308362840043,0.24805982630977863,0.053581788042476305,4.629554842647883,3.6645266531459622e-06,3.639370826616115e-05
PROCA1 (147011),1.0881925757386037,0.24773954342057194,0.06964329406473728,3.5572634342982736,0.0003747383119191623,0.002323939755430399
AGAP5 (729092),1.288743397938268,0.24772509260891548,0.06390647099465273,3.8763694623294644,0.00010602665065443679,0.0007534053045004516
SLFN13 (146857),1.8120287358670906,0.2477135306344446,0.07867994713028235,3.148369307166255,0.0016418412217654678,0.008399572602068422
GATA2 (2624),2.054619227165789,0.24748554049879926,0.06587870994656343,3.7566846815844395,0.00017217921848272966,0.0011601471210439544
SLC39A4 (55630),4.107494192960424,0.24728280290311727,0.03609162314194114,6.8515290080084075,7.30647784248327e-12,2.2527308528279362e-10
CALML4 (91860),2.3084471750268163,0.24697443180434253,0.04801764872019249,5.143409525183274,2.697966143789468e-07,3.39979887767641e-06
TYMP (1890),2.2002198640702653,0.24679586280997037,0.06080200739041982,4.059008467027297,4.928152691520689e-05,0.00037986160551547283
ADGRG1 (9289),3.709507545950817,0.24673372197013996,0.05550001853232183,4.445651163637871,8.762603906207156e-06,7.966292348809236e-05
DENND11 (57189),2.48752971129657,0.24644560922831557,0.04604080623171607,5.352764849251204,8.662038495241305e-08,1.2306801812974567e-06
SEMA4B (10509),3.6273433901689875,0.24590685418446118,0.03829810274659676,6.42086256365044,1.3550432573209044e-10,3.3151188373415166e-09
PRR19 (284338),0.5737691343412068,0.24570448451023405,0.09528356331570383,2.578665994009264,0.009918263460785191,0.038039814435629364
LRFN4 (78999),2.8755587894357064,0.24557621981608516,0.04285914848341525,5.729843650792856,1.0052324423490778e-08,1.7206743262325627e-07
AMIGO3 (386724),0.701953178568096,0.24549980666833882,0.08610050469743703,2.8513166970512156,0.004353858127809019,0.019204969038702578
RAP1GAP2 (23108),2.04215525882645,0.2451300233915657,0.051292031805097706,4.779105345700172,1.7607692531961725e-06,1.8749139549603406e-05
ZNF844 (284391),0.5988693642370647,0.2449054900289707,0.09395335476223145,2.606671051275977,0.009142714611239389,0.03553636890744197
ABCA7 (10347),2.4041088056509676,0.24471981400466494,0.04692729914823079,5.214871054727879,1.8394514570410722e-07,2.4192645649160814e-06
TTC39B (158219),1.0172409363185617,0.24430884124935412,0.07237392551722863,3.375647230730857,0.0007364227766855586,0.004203420750383504
CPTP (80772),2.8705723673623824,0.24374475649471297,0.042896353634007046,5.68217892304671,1.3298942252014456e-08,2.2282392552762752e-07
HELZ2 (85441),2.642281641636966,0.24343215321688505,0.04472180626014112,5.443254053757821,5.2315949246693916e-08,7.785813772163765e-07
C21orf58 (54058),2.168863694061601,0.24327861045754934,0.04911320358773388,4.953425813955835,7.291816601891649e-07,8.420005571148254e-06
WNT3 (7473),1.1358847005308306,0.24303244501018695,0.06815707546730912,3.5657698535899636,0.0003627896435248545,0.0022602621020600252
CHD7 (55636),2.5480271600394677,0.24253020356847263,0.04549081838145118,5.331409989919284,9.74531214956289e-08,1.3601852189454845e-06
DEPDC4 (120863),0.9772201909932592,0.24213696914788682,0.07331569897823957,3.3026619472011602,0.0009577176827045191,0.0052841291727070755
POLR2J2 (246721),0.5975911633566326,0.2409988931511242,0.09340119288203827,2.5802549808490722,0.009872738856948407,0.03790386038317064
DNLZ (728489),0.7924619986854267,0.24090568220364725,0.08119952652380771,2.9668360459345,0.0030088135798836168,0.014067933226516127
KHK (3795),1.5558252437107316,0.24090370985549237,0.058182417280674734,4.14048987846898,3.465649016329314e-05,0.0002766268175049913
FBXL16 (146330),1.3333710193413926,0.24088642081975592,0.08338660741213588,2.8887902781460073,0.0038672690489929187,0.01742123656022379
RASA4B (100271927),1.6569259941645325,0.24052654605912016,0.057000029967319434,4.219761747441613,2.445606343510913e-05,0.00020273604983176417
C1orf159 (54991),2.548791990012348,0.24029836983466135,0.04547043290291019,5.2847170016558564,1.258992308199753e-07,1.7189472113587553e-06
E2F2 (1870),1.8917416320072113,0.24021864733695875,0.05286247931078011,4.544218327799309,5.513948450538577e-06,5.2741810798985015e-05
SAXO2 (283726),0.6871701464626468,0.2399128073487653,0.08762197539324998,2.7380438100377176,0.0061805841899708535,0.025759853108670766
ZCWPW1 (55063),1.3786116182948451,0.23946547091053202,0.06194623929415372,3.8656982835297313,0.00011077181085965541,0.0007848225683351797
YDJC (150223),3.757138707551348,0.23915404105392712,0.03752274151072609,6.373575901578608,1.8467081542165067e-10,4.3953163197913845e-09
SAMD13 (148418),0.6529978510765589,0.2388192120499719,0.09300108577557734,2.567918536201513,0.01023111966881333,0.03900112149403733
SEMA3F (6405),1.9039231070133633,0.23861841489092073,0.06838873491891094,3.489147959438824,0.0004845628548926068,0.00291047214160246
C11orf71 (54494),1.7459357587810902,0.23849494592163878,0.054986833494511125,4.337310057060218,1.4423708748268147e-05,0.00012596002334143468
FBXL14 (144699),1.8813173147081979,0.23822065908471152,0.05270541996885582,4.519851264357225,6.188309201898126e-06,5.852250172957838e-05
ADORA2A (135),1.0591004039544403,0.23797088411142495,0.09291225828992306,2.5612431394021393,0.010429833447750086,0.03954820414688705
SLC2A8 (29988),2.61672314694269,0.23796349287129376,0.0448950969411384,5.3004338799688036,1.1552780000217885e-07,1.5859774441904954e-06
BRICD5 (283870),1.8674097173623145,0.23778682231152112,0.053097601096594296,4.478296898553726,7.524090850294446e-06,6.981254377356916e-05
MSX2 (4488),1.161933114246654,0.23760870201427334,0.09576742570493167,2.481101483779754,0.01309770770706557,0.04775240094176472
C17orf100 (388327),0.9578412944856632,0.23740945253234694,0.07411069777273278,3.2034437627396883,0.0013579455854627839,0.007146432066762171
B3GALNT1 (8706),1.8044332991552967,0.23722363235366475,0.06632697397331301,3.5765785493110673,0.0003481207448024125,0.002179702341363753
VSIR (64115),2.29214052010803,0.2365634424272025,0.06738031943623395,3.5108685207566683,0.0004466452482988487,0.0027054043502030907
KLHL26 (55295),1.1792892710360927,0.2365174599943419,0.06656474887680723,3.5531939049611636,0.00038058382201921153,0.0023555179704241283
AUNIP (79000),2.15262633450712,0.2363787442989443,0.04938891027587825,4.786069240616403,1.7007940182046647e-06,1.8174820168968313e-05
NINL (22981),1.9406745973645183,0.2363421145762648,0.05272117542813499,4.482868840783458,7.36461978399665e-06,6.856934979580049e-05
ULBP2 (80328),2.097899994774092,0.23585088337704316,0.05614715060447757,4.2005850846905615,2.6622609339303827e-05,0.00021888731154052753
CELSR2 (1952),2.0957313403968825,0.23567733772305402,0.05037460713854333,4.678494803440944,2.8898849321293297e-06,2.9478785551740947e-05
AMIGO2 (347902),2.7885799553690034,0.23556174002672084,0.07062430382039593,3.3354203480118674,0.0008517054933908289,0.004767396150877385
TUFT1 (7286),3.068978917404626,0.23519529938398195,0.04161224462188723,5.652069517544694,1.5852744679103743e-08,2.623986759535697e-07
HTATIP2 (10553),4.4926249191722345,0.23511730689288174,0.034950042783030766,6.727239458689241,1.7291205942334933e-11,5.051718147735367e-10
TMC6 (11322),3.275069469632416,0.23431341622456925,0.04706229324278402,4.978793001348189,6.39820269115398e-07,7.485797643165069e-06
CAPS (828),1.8667279892755213,0.23425614461237834,0.05773731247824663,4.057274829004862,4.96486460555251e-05,0.0003822996563722777
SH2B2 (10603),1.06392801407628,0.2340373294504424,0.07742037931471886,3.022942170033364,0.0025033007597131235,0.012056550329911542
TET3 (200424),1.9944275252193975,0.23349393833114132,0.051240778785490486,4.556799171781094,5.193904105415544e-06,5.0126671693445975e-05
ANXA2R (389289),1.3800990016667338,0.23286265736238307,0.06475841402486995,3.5958672068922817,0.00032331270578355223,0.0020456530577036697
TRMT61A (115708),2.5797146406080267,0.23238808394356888,0.04517481654278451,5.144195410809848,2.6866976685158917e-07,3.39106137543394e-06
H2AC18 (8337),3.5455595335132424,0.2321731143197692,0.038701208646725715,5.999117920039741,1.9839225323840414e-09,3.922483366918566e-08
FOSB (2354),1.8952763326692126,0.2313687820358621,0.0911581445107155,2.5381032411060653,0.011145509973212026,0.04178802468401399
TIGD1 (200765),0.9843665876597537,0.2312261138120418,0.07300854086716607,3.1671104649624695,0.0015396182244268378,0.007955046636238392
ITGB8 (3696),1.514026418527552,0.23116718512264384,0.0835080339438082,2.768202940548141,0.0056366344688191464,0.023937003166201773
BMF (90427),2.0188748290740604,0.23105230890333903,0.0547917795140116,4.216915583919907,2.4766663549614485e-05,0.0002047468240480767
L3MBTL1 (26013),1.2625242703368806,0.23100688972203887,0.06438619243006131,3.5878327480378216,0.0003334380585662393,0.0021044081498270287
ARHGAP11B (89839),1.6448388881543978,0.2307163519824941,0.056304671126109145,4.09764140999499,4.1738119202333936e-05,0.0003284475635556048
TPRN (286262),2.7136596042856804,0.23065938434559713,0.044061034817165314,5.234996983224206,1.6498755846079387e-07,2.1909998275384857e-06
PDF (64146),1.606795889385647,0.23042342409974342,0.05697222366243808,4.044487107700206,5.243779370044952e-05,0.0004015160529348415
BEX2 (84707),2.4222637537561775,0.2302677593537197,0.07377457309482079,3.1212347248388923,0.0018009442351835747,0.009108237634478005
ERFE (151176),1.5381820784411833,0.2297306468262641,0.06406927223439145,3.585660314445527,0.000336226377635312,0.0021176681005080854
ZNF718 (255403),1.1757936895285692,0.22971893980213248,0.0666835741025623,3.444910427998573,0.0005712486567435765,0.003364061714001813
CKLF-CMTM1 (100529251),1.3902656522192267,0.2294529757040736,0.061232272188567125,3.747255613795686,0.00017877987826684264,0.0011990486896023584
MAP2 (4133),1.6715178337158236,0.22939204323838386,0.08402841452632126,2.729934207749791,0.0063346966422027015,0.026321967875885626
UQCC3 (790955),3.0581785263671013,0.22910985861484204,0.041515642494825866,5.5186393572831305,3.416344933207182e-08,5.255861540392154e-07
PBX1 (5087),2.188822257586097,0.22870026327460521,0.06783678257976664,3.371331224408903,0.0007480585901676714,0.004263367252902569
TMEM79 (84283),2.164867194342377,0.22864189371760296,0.04940126892072539,4.628259530833235,3.6875171560007965e-06,3.6597878053554075e-05
FBLIM1 (54751),2.856542792474259,0.2282868973956442,0.05887263845524932,3.8776399934779757,0.00010547463723355187,0.0007506960226187424
MMP15 (4324),2.1144660191205067,0.228043091172602,0.05437105084413964,4.1942005466532475,2.7383563667760943e-05,0.00022392016247017998
MXD1 (4084),1.8047010142750406,0.2277917124068533,0.05424148457285967,4.199584768017789,2.6740490832805865e-05,0.00021961649840087174
SHTN1 (57698),2.7171359529174492,0.22774593338822124,0.04411033633555295,5.16309673215205,2.4289753650344006e-07,3.1129781381863364e-06
KIAA1217 (56243),2.0669223440677085,0.2277373492122674,0.05217256293416789,4.365078815461486,1.270769315474547e-05,0.00011227243171244883
TRIM14 (9830),2.740469139017957,0.2272837504934751,0.04379496840397446,5.189722901429214,2.1060725545170168e-07,2.72701959167496e-06
SMAD6 (4091),1.7011804813584432,0.2271779770601734,0.0591533029794549,3.8404952152727088,0.00012278636565465946,0.0008576804353017671
RPS6KL1 (83694),1.468447480280252,0.22716892241645292,0.0653817496295708,3.4745005097524824,0.0005118053914353018,0.0030545910033857797
DRC3 (83450),0.7804498302565964,0.22640187432580175,0.08153993355809643,2.7765766348643464,0.0054934682884462014,0.02342157094586612
ALDH2 (217),3.341015467572664,0.2263328152012643,0.051457997316353206,4.398399218877809,1.0905224543303112e-05,9.749257782444363e-05
PXMP4 (11264),2.056945123476447,0.2261031956820022,0.05050479689907598,4.476865754629714,7.574684579211781e-06,7.022101304918081e-05
DPF1 (8193),1.1639835593943633,0.22596474042479645,0.06750143727380095,3.3475545047764363,0.0008152795399126896,0.004590829325421529
CENPS-CORT (100526739),1.3453312890185307,0.2259315982808233,0.062323448399743735,3.6251459776694945,0.0002887982739449454,0.0018474739922515512
RNF207 (388591),2.0604137073141446,0.22590234773037884,0.05558608071086368,4.0640092778879575,4.823690712310142e-05,0.0003723819931114335
DHRS3 (9249),2.981102996595735,0.2257518912434046,0.05917398761036157,3.8150528696814523,0.00013615377987952565,0.0009405738163761905
H2AC20 (8338),1.2155732519082798,0.2256954139153743,0.06576754363746425,3.431714207839256,0.0005997792536281084,0.0035168661925520333
HERC6 (55008),1.6106506609621778,0.22539659282202118,0.05855373646012549,3.8493972622142403,0.000118408834541651,0.0008294130933490135
DNM1 (1759),2.2955119657296916,0.22538789936013442,0.056864190523370765,3.9636174767580954,7.38225095315201e-05,0.0005455468950939348
RAB11FIP1 (80223),2.598782046802517,0.22537707749088584,0.04510489050375092,4.996732615327899,5.830982889220935e-07,6.8756244946095766e-06
TLCD4 (148534),1.3046664628525368,0.2253525700098675,0.0649582204259135,3.4691924829881673,0.0005220253038474091,0.0031020508379494935
TBC1D8 (11138),2.794759427213638,0.22521227289350784,0.04350024899433755,5.177263995036531,2.2516350006233954e-07,2.903007730880858e-06
ISG20 (3669),2.672080109290801,0.2252098986693956,0.04962171156595068,4.538535483002759,5.664626504087008e-06,5.407993044447533e-05
HOXB9 (3219),1.669702323176629,0.22490627566605537,0.08876953103862019,2.5335976549003885,0.011289827768313025,0.04220291890733858
CPLANE2 (79363),1.4701441951321963,0.22462371878676776,0.05949572388152293,3.7754598840426445,0.00015971272765608,0.00108391416342507
IMPA2 (3613),3.514421853651666,0.22455047195522135,0.03877613113557938,5.790945753976551,6.999118164197152e-09,1.2462571822308918e-07
OIP5 (11339),3.3632654566814217,0.2237761688577196,0.03949228186278155,5.666326641626942,1.4589128959494721e-08,2.424739762695465e-07
SPAG1 (6674),1.955505829571583,0.2237477708023923,0.05185954758454882,4.314495232292701,1.5996798604840637e-05,0.0001381675268705122
IBA57 (200205),1.285806827171964,0.22368326840678154,0.06357647570321699,3.518333879514858,0.00043426561088615956,0.0026399839924820833
TMEM160 (54958),2.6552408097286073,0.2236083629957733,0.04451402081812606,5.023324311892315,5.078468097939589e-07,6.069152581540831e-06
ZNRF3 (84133),1.5966274679171235,0.2233528084863113,0.057193863497547716,3.9051883336380646,9.415203097229579e-05,0.0006765097698229047
SECTM1 (6398),1.7278246581789523,0.22318965876882393,0.0854293972435281,2.612562723960131,0.008986620028364851,0.035038270263482135
TNNT1 (7138),3.843833861617559,0.22274214654409594,0.05104323336713605,4.363793824383928,1.2782605599364082e-05,0.00011280180870852314
RFX2 (5990),1.9125744710662296,0.22235987875830707,0.05232391899574934,4.249679363206166,2.1407673109956675e-05,0.00017990149568686945
PRXL2A (84293),3.729552894190647,0.22233764345547188,0.038386465960203536,5.792084212336096,6.951826768366651e-09,1.2407732569020715e-07
SLC1A3 (6507),1.8320161219574245,0.22184012480549287,0.08342463943817473,2.6591679184888375,0.007833391042852782,0.031293648591956394
IFIH1 (64135),2.204077763748844,0.22173842467242436,0.049253185789858135,4.502011821498928,6.731323666556387e-06,6.326014733729381e-05
EPB41L1 (2036),3.2019692398428505,0.2211189469035655,0.0407576845580265,5.4252087502360355,5.788684729232781e-08,8.555653284482949e-07
C8orf82 (414919),2.302728233583788,0.22083407679408318,0.04773380644672965,4.626366368676911,3.721367806479072e-06,3.690949242998294e-05
MAGI3 (260425),1.6507142682457299,0.2205941751784989,0.05623827902353969,3.9224915663967,8.763796191170484e-05,0.0006357766513613843
PCSK6 (5046),1.578326398430376,0.22058825650939592,0.08343632791847594,2.643791523578657,0.008198313363980428,0.03246100601959198
RELL2 (285613),2.1542950499542424,0.21976651162050387,0.0493781702711723,4.4506815544926495,8.559819227592263e-06,7.810251067213655e-05
IL18BP (10068),1.5789821614816206,0.21965869785035647,0.057532611509770584,3.817985870727466,0.00013454562918175479,0.0009320320150408299
PODXL (5420),2.766978564313468,0.21965648160115217,0.05115991888375621,4.293526776307991,1.758570947563801e-05,0.00015050886505713851
CCDC189 (90835),2.14695245289611,0.21956505132240434,0.04939345804530032,4.445225339781519,8.77997885112459e-06,7.977268224276605e-05
SPATA2L (124044),1.7314390300769502,0.21955161062035078,0.055000838889002854,3.991786580990659,6.557737740544869e-05,0.0004906400897276883
ACTR5 (79913),2.2752455474476867,0.2195398239092412,0.04800525171519388,4.573245969247899,4.802258235849937e-06,4.670638488467883e-05
H4C12 (8362),1.9702433984085475,0.21932172918380666,0.052012319210677886,4.216726585396732,2.4787421163683296e-05,0.00020480589721514491
LMTK2 (22853),2.2934364673928367,0.21855011908638258,0.04778482635970838,4.573630077489652,4.7934585082679984e-06,4.6650955184605635e-05
FAM229A (100128071),1.215528035854306,0.21826181718067986,0.06554012847267539,3.330201241086616,0.0008678323791487613,0.004841455682859571
KIF24 (347240),1.360157497481678,0.21792398201008212,0.06175766111291045,3.5286955186281346,0.0004176133247309508,0.0025552704692565617
MPLKIP (136647),1.78832377820088,0.2176823689410094,0.05422556259057914,4.014386546518346,5.960060309368375e-05,0.0004501760412387378
RNF144B (255488),1.393076498666089,0.21760285654631767,0.0821164698770435,2.6499295071030664,0.00805085669951323,0.032011942362810804
FBXL8 (55336),2.050016896017832,0.21753946677263655,0.05051132426707527,4.306746455951364,1.6567332225159888e-05,0.000142522630451547
MET (4233),3.697251192980977,0.2171853494046094,0.04844188924978409,4.483420295288698,7.345604731505223e-06,6.843465559766414e-05
HOXA10 (3206),2.0684925742383347,0.21712267430096843,0.0684826722029254,3.1704760827322613,0.0015218936099756055,0.0078715748558587
NEK8 (284086),1.4859054051071445,0.2169446540711776,0.05939439543741681,3.6526115380662425,0.0002595867813952551,0.0016770041704048983
ITPR3 (3710),3.547086504160956,0.2164723378447791,0.038546802542600525,5.615831238026597,1.9561951974086084e-08,3.1785003175172703e-07
FBXO16 (157574),1.4362390310987228,0.21638312093932413,0.060442751756733665,3.5799680631717403,0.00034363620376705203,0.002155210638549006
SHB (6461),1.8972627039636971,0.21597995030190395,0.05263129228571327,4.103641406512292,4.0669767967243454e-05,0.0003207113882783779
EEF1AKMT4 (110599564),3.447722368859868,0.2158845310662738,0.03911088532788076,5.519806807144235,3.3937256877474025e-08,5.226407031509459e-07
NET1 (10276),4.273717186881384,0.21543702232935436,0.03514938292471241,6.129183627229128,8.83311323414387e-10,1.8718735453651926e-08
SPAG4 (6676),1.8258649028389144,0.21512824204326889,0.05418658499977284,3.9701384031521965,7.183089388753286e-05,0.0005329228941971496
FAM72B (653820),2.876143818663788,0.21497458913772294,0.04271780415772998,5.032435383241072,4.842878641188464e-07,5.829276162825731e-06
ZNF239 (8187),1.522743281874071,0.21492035354601594,0.05886488409981834,3.651079193183686,0.0002611406955534684,0.001685595411968033
PHOSPHO2 (493911),1.6644937566764901,0.21474179403408336,0.05601995274732045,3.833309089043366,0.00012643092929250758,0.0008823189991350041
HIP1R (9026),3.314458110459494,0.2145537323604968,0.03985290211676558,5.3836413652354045,7.29938701999132e-08,1.0509720296917647e-06
ALDH3B1 (221),2.645539517245782,0.21448022105245523,0.05159527490350019,4.156974092174186,3.224905458712579e-05,0.0002596143795173326
TOR4A (54863),1.8598448291529726,0.21446753991400397,0.066465365813736,3.2267563307337013,0.0012520203200820082,0.006656500966768161
ZGLP1 (100125288),0.852034721450452,0.21420319692004824,0.07856632316427398,2.7263996620049498,0.006402941675333561,0.026546889073317377
TRIM47 (91107),2.8866169312645575,0.21418850286461566,0.04298106627870902,4.983322225552033,6.25017374398428e-07,7.328233169717557e-06
SRD5A1 (6715),2.892856010790041,0.21412948705538928,0.042630421500450495,5.022926809511524,5.088994166528642e-07,6.076905256316663e-06
HOOK2 (29911),3.725430117697397,0.2137378348901409,0.03762536664944462,5.68068444040786,1.3415679364402133e-08,2.2452982393414293e-07
DDX60 (55601),1.4913252813232614,0.21364467387422043,0.06522871795675889,3.2753161577673313,0.0010554378403739705,0.00573703675804435
TLCD1 (116238),3.033834040383712,0.2135864622445808,0.04177021182555608,5.113367945955762,3.1646501367566425e-07,3.935150905590119e-06
ZIC2 (7546),1.2889175900892866,0.2135214662536814,0.07940945396227199,2.688867075639722,0.007169496164636803,0.029170427066826758
PPP1R16A (84988),3.7225000255763394,0.21307711736878296,0.0375778325744825,5.670287581021225,1.4255802190277275e-08,2.3779689551542334e-07
CAMK2N1 (55450),2.6708201524833837,0.21246153332882617,0.05710348928065398,3.7206401220880516,0.0001987184471588767,0.0013154059639034134
FBXO41 (150726),1.880644386603578,0.21194963775155476,0.052810550095902756,4.013395758360007,5.985144031260295e-05,0.0004518397915232799
PLEKHH1 (57475),1.6461392249255224,0.21156066946013197,0.06668188481612466,3.1726858058003407,0.0015103587918363956,0.007817288745087858
CROCC (9696),2.469208082762093,0.211086831915539,0.045990761555981696,4.5897659611179975,4.437432673889898e-06,4.349551271097551e-05
NUP210 (23225),3.327590923682004,0.21049159798947611,0.04589827123360887,4.5860463222707235,4.5171842065854686e-06,4.424840727362302e-05
CARMIL1 (55604),2.40184517199429,0.21015679373048443,0.046896545554381705,4.481285161756413,7.419489672327649e-06,6.899483412227552e-05
ACP6 (51205),2.7772717891535716,0.20981220404804354,0.04355239550355123,4.817466447532963,1.4539252988581035e-06,1.581761391657196e-05
PPP1R26 (9858),2.5630435924098958,0.20980693600596442,0.045303486943210416,4.631143211315392,3.6365222208917452e-06,3.6187244269535186e-05
DDR1 (780),4.495284815872444,0.2095345462871794,0.034531916231719265,6.067851690625602,1.2963252662003924e-09,2.6645505403348504e-08
IER5L (389792),1.858219280078088,0.20943298546149064,0.05553098190035265,3.7714619532085143,0.00016229390602500422,0.0011002016536669624
ZFAND4 (93550),1.2716822199719662,0.20922560370078327,0.06407010323331218,3.2655730698432825,0.0010924281653995952,0.005908222205823979
TMEM25 (84866),2.0889415419156268,0.20884491248420547,0.05080028047179011,4.111097626718402,3.937826435893347e-05,0.00031085276261516944
GOLGA6L9 (440295),1.5820869487715814,0.20883915799043237,0.05748557079210976,3.6328970055055416,0.0002802569044641262,0.001798952809115718
CEP170B (283638),2.546948440800472,0.20881919276772873,0.045457354628211905,4.593738339497007,4.353752380303335e-06,4.2758850074441245e-05
LNP1 (348801),1.2164184886709146,0.20869288271722083,0.0655373950975365,3.184332889743819,0.0014508805605958216,0.007564084863036983
RPS6KA5 (9252),1.4592508549613123,0.2082573961531605,0.05976515208393442,3.484595770135128,0.0004928810403993277,0.002952184766659349
FAM50B (26240),1.4802744990483774,0.20800801910486388,0.06924773269459426,3.0038242554777788,0.0026660928089768873,0.012722496797927765
LRTOMT (220074),2.314615633393922,0.20799988005553613,0.0475402934611218,4.375233405440321,1.2130261224501795e-05,0.00010754974094511137
CEBPB (1051),3.396612248486325,0.20764207218185518,0.039479773367131765,5.259454512338315,1.444833635813733e-07,1.9461922009358483e-06
ZNF530 (348327),1.4581247335289074,0.20733827102704167,0.05972551506345715,3.471519179143938,0.000517522362019887,0.003080158804964881
LRIG3 (121227),1.9667143132682665,0.20728772441782226,0.051847273218388244,3.998044864282375,6.386784747863905e-05,0.0004788020095483823
C1orf74 (148304),1.3187502249498877,0.20723898538191635,0.06319484861856309,3.2793651683982548,0.0010404091324729208,0.0056676306325805816
H2BC5 (3017),3.401104096431854,0.20709207082105657,0.039448150711756155,5.249728240349172,1.523237608431788e-07,2.034347136059561e-06
SH2D4A (63898),2.527843164795709,0.20687809125911932,0.06105055212019339,3.3886358775564824,0.0007024121776608549,0.004032237170959642
TSGA10 (80705),1.812440122845795,0.2061165066747654,0.05382309976026835,3.829517578750053,0.0001283947118439851,0.000893950409257103
KIFC2 (90990),3.123925098747231,0.20585858679626146,0.04099141334409278,5.0219929005187,5.113807406920454e-07,6.101692802896523e-06
CHTF18 (63922),3.674299754102377,0.20562245071091947,0.03777306025169809,5.4436270013805865,5.220648095093324e-08,7.777214974136055e-07
TSNARE1 (203062),2.1430679721617585,0.20552423619040133,0.049497337441924014,4.152228115937469,3.292538142704643e-05,0.0002640699834495419
ARVCF (421),1.8691131089189934,0.20549939723952992,0.05308672828515064,3.871012659429833,0.00010838416254059373,0.0007692208064083837
EFNB1 (1947),2.4464578710764355,0.20548921943131604,0.04690836413298703,4.380652005871408,1.1832471438429864e-05,0.00010521948301573034
ANKAR (150709),0.7738127083179202,0.2053766397430394,0.0820569759908971,2.50285411158489,0.012319631449946479,0.04535384751551131
MID2 (11043),1.1719150519753558,0.2053528247033991,0.06794173815790482,3.0224841205288904,0.002507092361655203,0.01207094773550854
CDR2L (30850),2.2706123010735713,0.2052698480681238,0.04816539059151522,4.261770652064098,2.0281353029638083e-05,0.00017133814580793633
IRF7 (3665),2.2895720649302094,0.2050068529112531,0.04833470484754503,4.241400740066081,2.221291226726643e-05,0.00018536632167126494
PAPLN (89932),1.129180997823122,0.20477072607081115,0.07891732494848938,2.594749964022074,0.00946597538688715,0.03661312742187765
GCLC (2729),4.01211650400782,0.20457766887672818,0.036202768683885986,5.650884623301936,1.5962420976828232e-08,2.6392372089819516e-07
PAK4 (10298),3.9158704745283015,0.20404513369757837,0.036575123855674505,5.578795426715185,2.421898684166653e-08,3.839819557636613e-07
ZNF19 (7567),0.8795606358002104,0.2039218165761063,0.07715500998445289,2.6430145834625325,0.008217149595488773,0.03252578441003652
RDH13 (112724),2.9004725009254204,0.20312648006575496,0.0425085215146947,4.778488473082661,1.766178862484385e-06,1.879344212513441e-05
CBFA2T2 (9139),2.3337734234072394,0.20247242895548473,0.04730695977010861,4.279971275673035,1.8691743614197255e-05,0.0001590701212778348
AGAP9 (642517),1.8327577388000278,0.20228596619996098,0.053482656208132744,3.782272245655606,0.0001554032612915728,0.0010594460667843245
ANKRD9 (122416),2.0209107130482575,0.20225569296214074,0.050918575151841595,3.9721396829939706,7.122992935590337e-05,0.000528985941307464
NEK11 (79858),1.1126068030176657,0.20215062998621344,0.06868473826022838,2.9431666350728163,0.003248735005998985,0.01501702647463816
STK26 (51765),3.195453351233567,0.20200295733294737,0.0406312668373642,4.971613564044403,6.639795202310653e-07,7.75037692893453e-06
TMEM54 (113452),4.1310581055524205,0.20135000632043956,0.03584372209252689,5.61744134162951,1.9380593661063627e-08,3.1524368889120364e-07
RFX1 (5989),1.5379580438411913,0.20124647058711817,0.05812639902027458,3.4622215375310468,0.0005357359763278482,0.0031759982268829015
CEP128 (145508),1.8468741611094448,0.20101966498046717,0.053090582354010686,3.7863526084543184,0.0001528747042509729,0.001042680326455185
CEP131 (22994),2.8699726740852363,0.20096078487811617,0.042678745941994424,4.708685329021762,2.4931961679403682e-06,2.585294937479723e-05
SLC35F2 (54733),3.817104237049389,0.20045624406106727,0.037111229852093953,5.4014982758583185,6.608657454543967e-08,9.625736695166363e-07
SIX1 (6495),1.4194741044781771,0.20042606771676105,0.06736627093148818,2.975169397762796,0.0029282679590455986,0.013751160958739099
PERP (64065),4.36159208696525,0.2002019264443017,0.042799639115325805,4.6776545452836045,2.9017486210737107e-06,2.9579749154928897e-05
MBOAT1 (154141),1.6641320505009543,0.2001423909024171,0.05622932724481518,3.5593950827656737,0.0003717099913842741,0.002309144727649789
CEBPD (1052),2.157384605786088,0.20011818858505948,0.056326926021119446,3.552797972856292,0.0003811570690118245,0.002358095912973648
SFMBT1 (51460),2.182788749375467,0.19976226322544927,0.04882562407977942,4.091340704607165,4.288864964142015e-05,0.00033679677583758227
PRELID2 (153768),1.9055514644207807,0.1997602740842823,0.05250835299075493,3.8043523117065545,0.00014217570726024546,0.0009781324606482182
CCDC150 (284992),2.2626518209946864,0.19964857670398853,0.04792487927976808,4.1658649892159865,3.101742356912316e-05,0.00025077278614778453
NUDT14 (256281),3.285977166541215,0.19964855448532026,0.0400268231547914,4.987869102507611,6.104890767914894e-07,7.170506361752341e-06
IFI44 (10561),2.771565469024358,0.19949659235189143,0.06854920457781069,2.9102685228891527,0.0036111835227622883,0.016449853855126064
NUDT8 (254552),2.2782752285285244,0.19946700107970183,0.048117663379356745,4.145400816891628,3.3921981037787684e-05,0.0002717732304017857
TPGS1 (91978),1.7702760583086907,0.1993577750992847,0.054374893799613765,3.6663570476840324,0.0002460303506261617,0.0015997288917550686
CASP10 (843),1.136744198063254,0.19927411877592294,0.07088002322059009,2.8114285199336018,0.004932204849198462,0.02138424338580594
ISG15 (9636),4.915397350040444,0.19851999542178111,0.03302377960788148,6.0114256387055764,1.83898862783305e-09,3.655141729772268e-08
TBC1D2 (55357),2.29311385128949,0.19822038184810706,0.055592761143816075,3.565579002908661,0.0003630537726856653,0.00226097146681644
ARNTL2 (56938),2.7846703922022598,0.19821574211312618,0.04349525681328517,4.557180636132795,5.184483466066854e-06,5.006786792711289e-05
PTPRH (5794),1.3831487048852287,0.1979876210777515,0.07880014579169102,2.5125286138573113,0.011986938378351698,0.044291619558123684
LRP5 (4041),3.682166531205913,0.19787571398754522,0.037834603829846714,5.230019451966518,1.694922046478234e-07,2.2468543710406616e-06
RAB3D (9545),1.9151996384301868,0.19785043842032182,0.05248658471573793,3.769543007834477,0.00016354672629659804,0.0011069383912994215
ERMP1 (79956),3.1213974367221633,0.19777002234372063,0.04108082646634091,4.814168539324815,1.4781402095655213e-06,1.60578321972006e-05
CCDC146 (57639),0.8999701674698299,0.19774064588829862,0.07775963471842495,2.5429729268191186,0.010991374511497402,0.04133906799103374
MTARC2 (54996),1.6145822267237462,0.19763586283799514,0.06071059810355081,3.2553766395267303,0.0011324207957807157,0.006102579976116278
FBXL15 (79176),2.3814037085460074,0.19761921161570006,0.04685006924339606,4.218119947465313,2.463477682368752e-05,0.0002038805567047318
PDIK1L (149420),1.8995966529157364,0.19758125476914196,0.05241912216857279,3.769259129020654,0.0001637328328167092,0.0011076997313669993
C11orf80 (79703),2.9372581802776856,0.1975018768090359,0.042322800700426454,4.66655971581403,3.062846592501426e-06,3.1053631961439656e-05
MCM8 (84515),2.971939638178844,0.19703279731882783,0.04182282429898714,4.711130838755897,2.4634600920240704e-06,2.55798623496164e-05
RBM38 (55544),3.4439288491294207,0.1969940211098709,0.03902899647810421,5.047376025165986,4.4791923616397217e-07,5.434994215583166e-06
MFSD9 (84804),2.428575001160818,0.1968716876194831,0.046395277973639674,4.243356139203204,2.2020155554984596e-05,0.00018406403360016568
DGKE (8526),1.4544242748445435,0.19655570074520487,0.05993558514725216,3.2794490996008285,0.001040099710547416,0.0056676306325805816
CACFD1 (11094),2.0883043427085424,0.19621418038112876,0.05004732083065281,3.920573112096585,8.833862928844792e-05,0.0006402423007100132
C1orf56 (54964),1.34129187635818,0.1955232308977532,0.06255249137242075,3.12574649878708,0.0017735436337075984,0.008984760105307922
TONSL (4796),2.7097807572485415,0.19521185615430858,0.04381744430210723,4.455117345694227,8.38473207154362e-06,7.672014509010606e-05
RSKR (124923),2.50475941605235,0.1950683323374078,0.045610832307183255,4.276798349647447,1.896004001974426e-05,0.00016108004637892273
MLF1 (4291),3.187353265413029,0.19500779499642276,0.040909493056724734,4.766810351964682,1.8716533235504382e-06,1.9789807383091986e-05
OSBPL7 (114881),2.1067281404902536,0.19495308420426785,0.049830000738541234,3.912363662749869,9.139713885075605e-05,0.0006579719383485529
TAF4 (6874),2.823498514994067,0.19464047195233616,0.04299264252557919,4.527297242464954,5.974287763801481e-06,5.672340782311544e-05
ZSWIM1 (90204),2.1546443498064543,0.19457671465750492,0.04922916410482639,3.952468383236854,7.734915159883053e-05,0.0005671517226881112
NDOR1 (27158),2.5561222070822396,0.19441146863740538,0.04511053510465371,4.309668865296821,1.6349917387001226e-05,0.0001408133125385349
JMJD7 (100137047),2.006591885432135,0.1944061559243638,0.05111558110108396,3.8032660831912404,0.0001428008307918785,0.000981984140811062
TLE3 (7090),3.3986298471431002,0.1940805065828476,0.03923147723606121,4.947060887231913,7.534241527915042e-07,8.66006096478302e-06
CCDC186 (55088),2.061380591335147,0.19382056864488809,0.05035411210421232,3.8491507554290534,0.00011852804592918168,0.000829861786435769
SLC12A8 (84561),1.975355525640534,0.1933426316302074,0.06387627711899801,3.0268299962131584,0.002471329053527714,0.011925470474463755
PAWR (5074),3.5941088178100036,0.1932088139603879,0.03828219361554328,5.04696297972699,4.488882869243138e-07,5.442363549607756e-06
EFNA3 (1944),1.8486957590849908,0.1924584630028658,0.05348429908042369,3.598410492646979,0.000320168000924812,0.0020266082212514604
ARHGEF26 (26084),1.1994586714189268,0.19197316900590594,0.06853650946990394,2.8010351050954245,0.005093897738983232,0.021954392833211604
MFSD3 (113655),3.023559445102926,0.19194027537604744,0.04161659386800728,4.612109198191766,3.9860348419546655e-06,3.9327134578393376e-05
SYNE2 (23224),3.4064012067734293,0.19143954453726528,0.03922705402537327,4.880293697646432,1.0592797115128731e-06,1.1849756534886757e-05
RELT (84957),2.3138391279626043,0.19141884868603196,0.047430123403408055,4.035807519578953,5.4414814256181345e-05,0.0004151835959891579
ETS2 (2114),3.7696988964362204,0.19122254045982434,0.03741682838050255,5.1106026014612205,3.2113285028865637e-07,3.986604674458023e-06
GFOD1 (54438),1.332207348863069,0.19114998850394477,0.06293130876308758,3.037438633662486,0.0023859798070762373,0.011584205284694763
NFIA (4774),1.3815130690018955,0.19108152527058894,0.06175050189975402,3.094412505031803,0.0019720309077865803,0.009844451572182113
RNF217 (154214),1.3787537709670228,0.19101879556101092,0.061778097176217246,3.092014877313954,0.001988028853267848,0.009914445517490236
AMH (268),1.3487818547535901,0.19091230639466344,0.0770543947542534,2.4776303415727643,0.013225809160129507,0.0481479614380132
DNASE1 (1773),2.350596871885703,0.1907457916170871,0.04706750090448999,4.052600795698735,5.065138982690954e-05,0.0003892241120202661
TRIM45 (80263),1.4514209617724396,0.19066289823234361,0.05987455164456278,3.184372876212723,0.0014506801329315906,0.007564084863036983
H2BC4 (8347),2.374160462469541,0.1906041460690992,0.047095697040616134,4.047166897322253,5.1841278914535206e-05,0.00039735297124202584
CABYR (26256),1.6443186916755403,0.1905952810788658,0.06614433174957797,2.8815058832321165,0.0039577984591985796,0.017722927266994593
PDCD2L (84306),3.338417208132633,0.19022913004761471,0.03960516893134081,4.803138963436674,1.561974009920094e-06,1.6907525865653048e-05
FBXO46 (23403),2.3640299980540243,0.19017821698467957,0.047017726466760536,4.04481950268538,5.236345157216013e-05,0.00040115096352073387
LRRC45 (201255),2.9510404317317174,0.1900125831132224,0.04201080057702035,4.52294601634319,6.098479839175541e-06,5.7781944370425184e-05
ZNF519 (162655),2.0509981583070007,0.18964659626134872,0.050297562305514965,3.770492794648908,0.00016292550679221867,0.0011032300518432593
SLC25A10 (1468),3.6528671026120154,0.18959008444305847,0.0378057113432136,5.014852986679518,5.307403105512705e-07,6.317657209299379e-06
ATAD5 (79915),1.6913776529420237,0.1894675400088265,0.05531394948850177,3.425312091450124,0.0006140935631947131,0.0035882142725544284
TTC30B (150737),1.2140952097383533,0.1894655749057007,0.06545926469769497,2.89440426470865,0.0037987872989150425,0.01716928618187916
ARHGAP29 (9411),2.629369954447371,0.18927021343679018,0.062121961635890795,3.0467520415105476,0.0023132845020055015,0.011293211751192335
CAMK1D (57118),1.4762715324422824,0.18914512428143218,0.0666424480999049,2.8382079241429023,0.0045367618855828434,0.019912520224760637
ARHGEF10L (55160),1.9784982918140888,0.18886964702579165,0.051603197573259624,3.6600376702947264,0.0002521781723890978,0.00163405373891747
CFAP44 (55779),1.2412192167514913,0.18852428388412845,0.06478195781302214,2.91013563418783,0.0036127193705443672,0.016451869143223535
PLAU (5328),3.6044291404440787,0.18852275048651712,0.07295740080058749,2.584011332884532,0.009765858535049724,0.03756061030632877
SPATA33 (124045),2.3702341817751003,0.18851323297893902,0.04688750627085582,4.020542954235006,5.806416045420923e-05,0.00043923245761389243
SIK1B (102724428),2.0349464829315242,0.1884298326186978,0.05339090194512388,3.5292498488294757,0.00041673948191745316,0.002550961043502848
UCP2 (7351),3.9127400897897924,0.18800513055379492,0.04206200358939678,4.469714100856296,7.83242216441728e-06,7.218485088750752e-05
SYCE2 (256126),0.9231454152795372,0.18784976456765676,0.07536525439624699,2.4925247857587176,0.012683847756749663,0.04654390999740227
NEIL1 (79661),1.9919585815864003,0.18779637303852836,0.05135522606113969,3.656811340192565,0.00025537219033122454,0.0016526150433219804
PM20D2 (135293),2.8183189470687364,0.18760039745933768,0.04301980094593221,4.360791852456873,1.2959260117983863e-05,0.00011422672978042485
BCL9L (283149),3.2312381547068534,0.18756046319424374,0.04021608090784447,4.66381753169933,3.103966319763528e-06,3.134381023299466e-05
H2AC19 (723790),3.1692645925852436,0.18724823675347835,0.04096411162427763,4.571031308353934,4.853297575616814e-06,4.714184333294421e-05
NR1H3 (10062),2.690266998460347,0.1869282287173184,0.044169025357054595,4.232111240993516,2.3150784867326185e-05,0.00019233943076410259
MAP2K6 (5608),1.2951334356984987,0.18674641011989504,0.07270192310033596,2.5686584639881698,0.010209302254753659,0.03893768358048759
ELF4 (2000),2.9674764167569885,0.18620428334992964,0.042013576392814216,4.4320026842984275,9.336185528549196e-06,8.416551675407501e-05
ME1 (4199),2.6001850243267706,0.18616223522494174,0.051932109573418136,3.584723146317753,0.0003374359560816777,0.002122517305687677
DHRS13 (147015),2.2279698711174833,0.18614899531656148,0.04832420453124749,3.8520860740955074,0.00011711583879443759,0.0008216090820564886
CRTC1 (23373),1.5435312732627793,0.18611110605300665,0.05793972842379113,3.2121501276589686,0.001317455100617316,0.006974816834584145
FBF1 (85302),2.251792850324605,0.18610450775479254,0.048031598383427306,3.874626579551963,0.0001067883249537289,0.00075825254235668
EPB41L5 (57669),2.3714230301261794,0.18603809834919963,0.04693923376214071,3.963381662596513,7.389550107450422e-05,0.0005455503970397402
ARRDC1 (92714),4.202682491665868,0.18585673768169222,0.03536177564068976,5.255865530344927,1.4732991333897617e-07,1.979219532230567e-06
THAP10 (56906),1.3815144823260839,0.1858218216812492,0.0613621988845113,3.0282784036305666,0.002459513851102192,0.011879886164906449
GALNT18 (374378),1.5496698385144119,0.1856730327217796,0.07351298179181577,2.525717610633645,0.01154622490239264,0.04295858058392672
USP31 (57478),1.6418325114936838,0.1853661138872137,0.056314956264816085,3.291596516839079,0.0009962042610586503,0.005462423218618241
TES (26136),4.3124890281063015,0.1850497971944942,0.03601035296183188,5.138794318140461,2.765068497014896e-07,3.481441054902604e-06
ZNF726 (730087),1.2674129537592953,0.1850113093879312,0.06568127346680357,2.8168045414259373,0.00485040340197857,0.021103161226859127
PTPRK (5796),3.334837820048738,0.1850091358157043,0.03978678548901819,4.650014660439704,3.319114346318854e-06,3.3270749137050955e-05
ZNF607 (84775),1.3272639476333938,0.184989279562733,0.0626028128420434,2.9549675352366296,0.003127019541194342,0.01453479642162807
FBRSL1 (57666),3.6183460988404765,0.18490218987924714,0.037967157133362996,4.870056223323802,1.1156649908102821e-06,1.2418976577378753e-05
PARP12 (64761),3.1524873620050218,0.1848066509605823,0.040811788121123155,4.528266451156327,5.94695624913129e-06,5.6559989712028686e-05
ZNF341 (84905),1.150807167812854,0.18472127577778924,0.06727815756881016,2.7456351727358412,0.006039388218760583,0.025311597531886276
FAM72C (554282),2.0945464356331325,0.1846105251534392,0.049931766854839105,3.697256011190956,0.00021794252275272776,0.0014350823620733226
CKB (1152),4.765330070981268,0.1842221577926389,0.03332562003682829,5.527943893888671,3.240056280299445e-08,5.030948069492823e-07
UBE3D (90025),1.6315011785396778,0.18411763247179924,0.056591281110454215,3.2534628808356634,0.0011400761906550261,0.006130659887275026
MOCOS (55034),1.3218699467881914,0.1840784355588986,0.07104492301774541,2.5910146389055835,0.00956934208064956,0.036946451358853806
CNNM4 (26504),2.2391553331926217,0.18339039646630356,0.04825842158528082,3.8001739477164955,0.00014459455440915946,0.0009927313744509763
IFIT2 (3433),1.761458314939491,0.1831544948885675,0.07040708192193432,2.6013646623168505,0.009285369417248992,0.03603499310083269
ITGA6 (3655),3.894379823551666,0.18293762064035946,0.04003964072427942,4.568912640852666,4.902610605993616e-06,4.7559432093990935e-05
RBKS (64080),1.4991616061683837,0.18291217835196774,0.05926681990287012,3.086249247922105,0.0020269883137672,0.010075343960667754
TRERF1 (55809),1.671118713625582,0.18289538002680464,0.05588391970223674,3.272772937211924,0.001064979943449167,0.005782637397739506
SASS6 (163786),2.2415542050355346,0.1828328197549603,0.0481537072999905,3.796858643010366,0.00014654129520983957,0.001003121168210758
POLQ (10721),2.081285498479599,0.18267644857796034,0.04988885609135265,3.6616684143540437,0.00025057805148644065,0.001625085070114218
NPHP4 (261734),1.9533943326179413,0.18264289220300767,0.051497090944808054,3.546664264953432,0.0003901414358433329,0.002409715945689157
PITPNM1 (9600),3.3827327521775894,0.18231781284597276,0.03930114248387165,4.638995238390133,3.5010711884000307e-06,3.4931775265694206e-05
HAUS5 (23354),2.939658179018353,0.18200257213410784,0.04209072318052178,4.32405428990901,1.5318757208826055e-05,0.00013307506984064482
SOWAHC (65124),2.0028197687788167,0.1817476120814327,0.05126526197245311,3.545239116872025,0.0003922570685793987,0.0024207956742598987
DVL1 (1855),4.124608925325529,0.18150171915006474,0.03562815576506771,5.09433382819162,3.499696360009895e-07,4.323188130764276e-06
GARNL3 (84253),1.3200529607564846,0.18123017602069025,0.06279152693768586,2.886220241156782,0.003898992079293126,0.017516940825632838
FRS3 (10817),1.3452960418135977,0.18113393725547744,0.062156691759501864,2.914150224666479,0.0035665823316810502,0.01626638307440833
GPSM2 (29899),3.47233738795894,0.180998282508204,0.0388008078634152,4.664807061372169,3.089067381906559e-06,3.1277326936854704e-05
FOXP4 (116113),2.820500676138462,0.18073045099977372,0.04297263856483868,4.205709889726251,2.6026391843411144e-05,0.00021457155708272006
EPB41 (2035),3.3217774122076498,0.18058425563609795,0.039616079867709104,4.55835752146924,5.155522113764164e-06,4.982015781868698e-05
GCHFR (2644),2.8443765818663485,0.18046238310785606,0.050042628083442814,3.606173177135038,0.00031074579742507613,0.0019702828773947305
ZNF600 (162966),2.000994205747946,0.18033665522534056,0.0512176915281783,3.5209836649144024,0.0004299491018720988,0.0026178448202040243
TNFAIP2 (7127),3.999300010271343,0.18028034425866749,0.05585557952722632,3.2276156793036477,0.0012482655809637872,0.006638884387126597
MAP3K5 (4217),1.7375921226289215,0.180228880482008,0.05491729170339168,3.281823900847556,0.0010313799476620493,0.005630675868114367
TM7SF2 (7108),3.251683351782771,0.17968991184492125,0.040202061491078994,4.4696690960684995,7.834070327385147e-06,7.218485088750752e-05
DUSP28 (285193),1.5429509391377598,0.17958699710730253,0.058172730822239616,3.0871336890831653,0.0020209668354093757,0.010048733313142585
FAM185A (222234),1.741860301836948,0.1795727862676434,0.05462073262808023,3.2876304953721176,0.0010103435206489167,0.005527864949703127
CBWD6 (644019),3.455298864097726,0.1794745915571049,0.038886020140899216,4.615401393786211,3.923362884540875e-06,3.8785097214718794e-05
CEACAM19 (56971),1.188414553744636,0.1793161911059954,0.06873143516937717,2.608940009241776,0.009082316308211063,0.03533812546504878
SEMA4D (10507),2.3292517044054994,0.17918176320163728,0.047443885257738905,3.776709310973002,0.00015891401790507742,0.0010794674101127742
SLC9A3R2 (9351),3.632169615554799,0.17909615142906316,0.03843871125361128,4.659265245585913,3.1734007317968037e-06,3.193778422114696e-05
PPFIA3 (8541),2.4970710609971727,0.17903334717429178,0.045677029988567895,3.9195487801877764,8.871490476535644e-05,0.0006423505568332787
RBM15 (64783),2.416891595396217,0.179007366142284,0.0463697612741369,3.8604332052519483,0.00011318617884379437,0.0007976577268776254
RGS9 (8787),1.271671046180738,0.17871774164828058,0.06447771436999807,2.771775386185823,0.005575149182093641,0.023702654589935267
GMEB2 (26205),2.5361783309345336,0.17838291179036062,0.045319801285713446,3.936092099472506,8.281919992809816e-05,0.000604315073772146
CBX2 (84733),2.462949444959391,0.17812444735205898,0.04594693758833923,3.8767425360959153,0.00010586427752327202,0.0007527570508578218
JUNB (3726),4.437845874329635,0.177744725611382,0.03443420651412514,5.1618650059053905,2.445015887848982e-07,3.1282065517496416e-06
ME3 (10873),1.7381149275834467,0.17763966072756823,0.07132394852942872,2.4906032880985687,0.012752642268161106,0.04672173788447783
CFAP20DC (200844),1.022198930772873,0.17752420592753038,0.07144465056748085,2.4847795393702055,0.01296316868470179,0.0473982590595439
RAB40C (57799),2.755967482174521,0.17721287135625124,0.04350814260135776,4.073096683992227,4.6392154345009286e-05,0.000359431696331107
TIGD5 (84948),1.256070440944439,0.17717037930153567,0.06429308422348258,2.7556677586922405,0.005857245943968988,0.024671926784142605
ABHD11 (83451),3.900955129885214,0.17713346537668315,0.036645317488072725,4.833727131285911,1.3400023094935793e-06,1.4684395301267586e-05
PDK3 (5165),1.5959677655557578,0.1765898594746099,0.05706204321546414,3.0946991997432196,0.0019701258951512583,0.009838205847476213
A4GALT (53947),1.7570091662915863,0.176508953388098,0.07085578220726323,2.491101613581574,0.012734769304176332,0.0466879480873872
SLC45A3 (85414),1.56180897260897,0.17638508777515005,0.05790975225373883,3.0458615502669866,0.002320146438180043,0.011323037077151127
KMT5C (84787),2.6381186415067788,0.17617931357956224,0.04444571752307747,3.963921011919426,7.372865668170222e-05,0.0005451210655689885
NDRG2 (57447),2.372443066648434,0.17606035288107147,0.05830210698777843,3.0197940002061694,0.0025294666327793686,0.012166993272633753
FAM24B (196792),2.469361996602298,0.17576356684279487,0.046102519932582735,3.8124503194146406,0.00013759589226434036,0.0009492287001417997
IFI30 (10437),4.745659213560275,0.1756828376801578,0.03344826074009279,5.252375872255008,1.5014965225070887e-07,2.0135041602176164e-06
CDT1 (81620),3.5103412412786876,0.17541903877117762,0.038528134690980424,4.553011459759142,5.288339121797697e-06,5.097267804392579e-05
ZHX2 (22882),1.9448178402721379,0.1754104786415432,0.05202238514166345,3.3718269195823787,0.0007467135858780837,0.004257314366472772
MYO6 (4646),3.0421906481353216,0.17531426145009163,0.04155212350895972,4.219140843964071,2.4523504575079126e-05,0.00020314373340188407
CMIP (80790),3.44589080500992,0.17509605276115114,0.03893220417244742,4.497460559529989,6.876991290156761e-06,6.454847844772216e-05
LRP5L (91355),1.6536057837614861,0.17504289097133308,0.05615552857087276,3.1171087767505377,0.001826341709826113,0.009215002470168912
CDH24 (64403),2.0701464598516113,0.17476245205441607,0.050096921226885915,3.488486872535091,0.00048576267384700466,0.002916514441620923
TBC1D31 (93594),3.2175817022846815,0.174579257017293,0.04024494449093884,4.337917699367172,1.438389933016368e-05,0.00012575255625894407
ZNF487 (642819),1.2961788743191731,0.17454043943418104,0.0635077466655031,2.748333055390706,0.005989912980188746,0.025125238555873956
ARHGAP33 (115703),2.2511953677007304,0.17421765094611524,0.04796306418516164,3.632329458216997,0.0002808742005061292,0.001801378184490716
FAM111B (374393),2.796977234599699,0.17408131029480048,0.0431342467861379,4.035802715135046,5.44159279071261e-05,0.0004151835959891579
KLHL25 (64410),1.3511477755639827,0.17404529225237886,0.06182932812235081,2.814930996952931,0.004878770823860318,0.021209472931465568
SDC1 (6382),4.136462845358815,0.174025200771219,0.04022449180579539,4.326349270275831,1.516009742890638e-05,0.00013177286303600542
PPP1R3E (90673),2.020866309026097,0.1740198792639031,0.05086317722314971,3.421333246651769,0.0006231492548688856,0.003631256269851763
USP54 (159195),2.559286157240837,0.1740010534642553,0.045099384640726686,3.8581691269269527,0.00011423958819398999,0.0008035758971326664
FAM135A (57579),2.232157726993884,0.17375160131630935,0.04840504184863189,3.5895351946941916,0.0003312681056630939,0.0020924684793479894
RAC3 (5881),3.440994996483913,0.1734811172685012,0.03898840519759943,4.449556640987786,8.604773524655449e-06,7.841757871106353e-05
SUSD1 (64420),2.0933829372263717,0.17342474866976787,0.049929868302412334,3.4733668356459284,0.0005139723415847966,0.0030638779126326665
CCDC88B (283234),2.2467874251587774,0.17324125998060114,0.048889110101446996,3.5435551929891567,0.00039477066964169167,0.0024323175656956976
UPK3BL1 (100134938),3.476642626468247,0.17321882545649508,0.038878228421790804,4.455419716588936,8.37292250947789e-06,7.667619724747676e-05
SLC18B1 (116843),2.4605631698767727,0.1731310775181466,0.04619708115876541,3.7476626915702185,0.00017849006314022008,0.001197841877791147
WDR27 (253769),3.065078981345114,0.17303189257555446,0.04123272639607524,4.1964698359608015,2.7110754976275723e-05,0.00022193058725410473
YOD1 (55432),2.0441834733142916,0.1730217439176895,0.05051968086124286,3.424838418772088,0.0006151651655178228,0.00359274852225905
PTPRF (5792),4.667980441987901,0.17289974796769214,0.03355741589425025,5.1523558462472945,2.5723433573430005e-07,3.2688748441370596e-06
TAF4B (6875),1.5527639625428975,0.17271061097393955,0.058020383345170075,2.9767230241562492,0.00291347089777597,0.01370664844028846
THEM6 (51337),3.258889132615833,0.1722888410414516,0.040070762042871945,4.299614787887456,1.710952399207166e-05,0.00014668370255539046
FAM83D (81610),4.073660277562214,0.1722459309539861,0.03572851373163225,4.820965468862705,1.4286508836791101e-06,1.5576435649156443e-05
PUSL1 (126789),3.182948937370481,0.1721581455099525,0.04049632105042267,4.251204579685039,2.1262383547064704e-05,0.00017892271971428164
EAF2 (55840),2.030638611925612,0.17174594983369423,0.0511181861357232,3.3597817688149947,0.0007800406257424246,0.004423856485081237
HDHD3 (81932),3.131033109798477,0.17169388598681054,0.040899103383030454,4.197986551901979,2.692986192593341e-05,0.00022081019211857986
SP4 (6671),1.4394252752954093,0.17167175195755344,0.05993926943140967,2.864094834422409,0.0041820278465842355,0.01855035111430024
TMEM51 (55092),2.4801016744194038,0.1715273733467472,0.046072346020964744,3.723000631847474,0.0001968690290638288,0.00130431149770778
CCDC85B (11007),4.058254693480859,0.17137073684890552,0.03601684687480535,4.758071617001639,1.954511593982389e-06,2.060797578350317e-05
PER3 (8863),1.7490171022245473,0.17094944317838287,0.054535656007282544,3.134636230570963,0.0017206733844249821,0.008752282536192793
ZNF787 (126208),3.144472280060103,0.17087233384565306,0.040725421026889794,4.195716816109306,2.720099348924302e-05,0.00022254820448023405
H1-0 (3005),5.415540579608553,0.17068962040063926,0.03229486067209757,5.285349335726145,1.2546509835618252e-07,1.7145757219501564e-06
CLSTN3 (9746),3.107420494389279,0.17068569080708965,0.04101425397982854,4.161618809183646,3.159995196908614e-05,0.00025479789781718656
RPS6KA1 (6195),3.6575410900922183,0.17061520070184416,0.03783876067936197,4.509006046672695,6.513205274296616e-06,6.144055583515165e-05
NFKBIB (4793),3.657976518927992,0.1701977733727749,0.037758722749896105,4.507508755000013,6.559322499963882e-06,6.175942824434078e-05
ANKS6 (203286),2.88856802953341,0.17010759703095937,0.04252241546393966,4.000421781665153,6.322968457857373e-05,0.0004747274621602896
MGST1 (4257),5.294378077142707,0.17009806950903808,0.05597403968620469,3.0388742792662917,0.0023746392893476994,0.011540317424911333
PTER (9317),2.193708519006362,0.1700583202084912,0.04883993895470617,3.4819519403208545,0.0004977730214618055,0.002978432895527673
JAG1 (182),2.9016533374851177,0.17004667227435227,0.04896212785550528,3.473024554328725,0.0005146282707323722,0.0030665730540353556
XRCC2 (7516),2.1912293727533636,0.1699584410273446,0.048538419961290644,3.501523971379503,0.0004626053533846873,0.002791961551153632
PRDM10 (56980),1.433355801122856,0.16937312114916742,0.0600658311241663,2.8197915183932833,0.004805485948286275,0.020921105780646786
ERRFI1 (54206),4.0658416990295745,0.16933333463145614,0.039622867876375985,4.273626410884214,1.9231916813156093e-05,0.00016311354023153696
C4orf48 (401115),2.4910312863771753,0.168714626192467,0.0478442954300632,3.5263269043032937,0.00042136650682645857,0.002574819520755639
KLHL23 (151230),2.5422535599961353,0.16858691715714516,0.04519703983425988,3.7300433341511523,0.000191446840865583,0.0012728719256135934
LHPP (64077),2.5579610949382308,0.16850458048045544,0.04525823340004116,3.7231806860650067,0.00019672862563258368,0.001303955463113592
TSEN54 (283989),3.6417425525484823,0.16845959371321725,0.03784758196385749,4.45100016889025,8.547127462001294e-06,7.810251067213655e-05
RAD9A (5883),3.6451704584225424,0.16845943636311128,0.0378488041576967,4.450852282181137,8.553016179975605e-06,7.810251067213655e-05
CDKL1 (8814),1.6390175575856503,0.16805689856568765,0.056303276599998786,2.9848511261543753,0.0028371636993242467,0.013390202327488275
AGRN (375790),4.547638740343937,0.16783084606169707,0.03404288174473182,4.929983522551497,8.223655271453703e-07,9.409362525801704e-06
DTX2 (113878),3.08241644187902,0.1678163477501542,0.04127761035786868,4.0655538509913685,4.791852773095664e-05,0.00037049443383349107
MTFR2 (113115),2.8055280972507677,0.16779758942082326,0.04306612053951712,3.8962782651122145,9.768215408210176e-05,0.0006995362638359368
ASB13 (79754),2.750876074585611,0.16769106638739492,0.04364485820639392,3.8421723263343854,0.00012195016303215055,0.0008522350919562179
TACC2 (10579),3.0260715032542325,0.16768094987166474,0.04175592376915726,4.015740396468516,5.92594588572048e-05,0.00044804915475653436
EEPD1 (80820),1.949408218697416,0.1676619621423468,0.05231367856428487,3.204935434550219,0.001350927806331613,0.007120651285452796
HOMEZ (57594),2.475121817432713,0.16738889614979768,0.04598335756685618,3.64020604425041,0.00027241995698188364,0.0017508887965610512
RCE1 (9986),3.6568731569344717,0.16707125833206493,0.03777903394126348,4.422327436742217,9.76433284788836e-06,8.776233693508261e-05
PODXL2 (50512),2.858469247342681,0.16689944088534728,0.05385475509368711,3.0990660080990944,0.0019413176334777062,0.009704008343290885
LENG9 (94059),1.1818381417052288,0.16680477819353884,0.06679608457582643,2.4972238904839283,0.012516989989203057,0.04600161977956746
CHST12 (55501),2.228191569292354,0.16678046752750417,0.0482594434098852,3.455913614895562,0.0005484310530876466,0.0032448657588504647
ZNF653 (115950),1.996892409128684,0.1667434096582496,0.05094056341042558,3.273293393219982,0.001063020733955092,0.005776168278471765
RGPD6 (729540),1.4487001289101475,0.1666583027482503,0.059701786501112776,2.7915128259209454,0.005246227838504689,0.022507768479652565
SMCO4 (56935),3.3984133765584463,0.16642644104222895,0.03918820232253191,4.246850612653373,2.167964053513374e-05,0.0001818237856698006
SLX4IP (128710),1.2431304009903357,0.1664011279819184,0.0646980698386554,2.571964332118268,0.01011233093633158,0.038656029285580526
CTSH (1512),4.018658210527898,0.16620437427793508,0.04193413899826669,3.963462187331544,7.387056858736775e-05,0.0005455503970397402
APOL6 (80830),1.824988983077297,0.16613826517714822,0.054056119086919666,3.0734404907981983,0.002116058868848815,0.010438761226458777
UNC93B1 (81622),3.429446957697537,0.1660487871695905,0.039117985360922786,4.2448195027821205,2.1876944763060856e-05,0.00018337632919499368
H4C14 (8370),3.531158150971517,0.16589232668245096,0.03856895589369862,4.301187907177813,1.6988491917255377e-05,0.00014589546197889521
MNS1 (55329),1.6611877395930885,0.16588306608233835,0.05583189415545291,2.971116573986719,0.002967191278827547,0.013911441017622808
AGO3 (192669),1.993916275646103,0.16563941493936593,0.05092386460751486,3.252687442636128,0.0011431916860403634,0.00614401408060009
DDIAS (220042),2.6999423108691634,0.1653429326197832,0.04377578651958993,3.7770408201755834,0.00015870272889204412,0.0010785190871317506
PLAAT4 (5920),2.7725288764041807,0.16534210935534968,0.06580324583880225,2.5126740671788,0.011981997806299768,0.04428423949731916
MACROD1 (28992),3.505662981833833,0.16526390600734153,0.038672648411162226,4.273405437617787,1.9250994825998117e-05,0.0001631566531756492
CENPV (201161),3.940944978016692,0.16525032487000513,0.03647782910518326,4.530157877364586,5.893962612028402e-06,5.6126937633278065e-05
TBC1D32 (221322),1.2686254562790988,0.16477719604122007,0.06384272347736057,2.5809863217951867,0.009851848512543256,0.03784296980335099
CDK18 (5129),2.2067799469232345,0.16470059884019767,0.049336208447181826,3.338331096450637,0.000842832537782377,0.004721242875455564
ARHGDIB (397),4.1658248533257725,0.16430490743964424,0.060154712071887294,2.731372186492943,0.006307119988950379,0.02623636365876345
ADAT2 (134637),1.695810448503885,0.16418662708197537,0.05540550992640642,2.9633628009210606,0.003042976808082622,0.01420118767196375
RGS19 (10287),2.906685341429816,0.1637701113360762,0.04236667420954216,3.8655408854157964,0.00011084327779557735,0.0007848225683351797
C2orf92 (728537),1.2199169709760993,0.16374442925787824,0.06521713003930879,2.510757973544426,0.012047226183217035,0.044467585185219066
DGKH (160851),1.477840478818382,0.16372206568955705,0.05928171877571232,2.7617631382954078,0.005749016902156634,0.024284028161102957
ALG14 (199857),1.4243629747329076,0.16356822570558124,0.060231667989959194,2.715651602622869,0.0066145484509794236,0.027296351067865172
SPATA2 (9825),2.042565356987709,0.163541953012139,0.050467559303850426,3.240536203217213,0.0011930512149655606,0.00636547821999001
AK9 (221264),1.2272552790664546,0.1635259507648034,0.06503543510864217,2.514413111738733,0.011923067837622427,0.04414234219607949
ADSS1 (122622),1.8107351180564357,0.16323603396389544,0.05435387003689508,3.0032090420257433,0.0026714886146699465,0.012744203454763481
GPT2 (84706),3.6097724218501965,0.16281869042208313,0.03801521970989372,4.282986963237475,1.844009797618404e-05,0.00015719530546723235
CLCF1 (23529),2.1855039477822933,0.16269676981114883,0.05467251811570376,2.97584189312138,0.0029218545748834,0.013733903134550342
SERPINB1 (1992),3.7993272797795377,0.1626302203759167,0.0407588316735448,3.99006089474038,6.605633387449116e-05,0.0004934873880216454
NR2F6 (2063),3.1475401516669574,0.16243122016288186,0.04070423934196664,3.9905234144840778,6.592763986530024e-05,0.0004927706256399937
STPG1 (90529),1.9430198595930424,0.16229783651442348,0.05176168366413176,3.1354821757254334,0.0017157185421526472,0.008730030837074309
ZSCAN16 (80345),1.9201732851140916,0.16229672377416823,0.0521038788539848,3.1148683618927175,0.0018402701724720676,0.009272841599134203
KCNN4 (3783),3.0073864050793557,0.16229556843656356,0.05798751024517826,2.7988021515384625,0.00512925551565364,0.022087801513601794
ENKD1 (84080),2.6744631346781413,0.16220553782556807,0.044180390787143975,3.6714373715491933,0.0002411901848478537,0.001572841448318721
STRBP (55342),3.53822739957078,0.16214162113408415,0.038390144836754465,4.223521995646415,2.4051388531597602e-05,0.0001996013192754647
MTBP (27085),2.5048274397802652,0.16205993623870701,0.04550683225516279,3.5612220892461957,0.0003691326825658418,0.002295029066894899
REC8 (9985),2.208419448322172,0.16175234514835363,0.05112929224041284,3.163594449690109,0.0015583377814256448,0.00804348207867247
CEP152 (22995),2.333318178993764,0.1617357890399992,0.047074875241126295,3.4357135990601844,0.0005909953783393297,0.0034721266936718295
TTC32 (130502),2.9127479054513405,0.16170101757553063,0.042370461968740065,3.8163619196512384,0.0001354338092831265,0.0009368906181489294
PTGR2 (145482),2.6032389965653837,0.1614730530231812,0.044749435236869625,3.6083819196480387,0.00030811269161056383,0.0019564342902094896
PPP1R3D (5509),1.5467390327088735,0.16146978149691008,0.05812212555357197,2.778112120969856,0.005467574821352618,0.023324392050488092
CENPP (401541),1.599530447187808,0.16141193862795805,0.05678074363521666,2.842723224354653,0.004472989563805875,0.01966129155040117
RIN2 (54453),2.4286823227264276,0.16140093025460087,0.047420977270089176,3.4035766351952566,0.0006650975304976237,0.003847388482840156
AP1G2 (8906),4.6082044643411555,0.16132929154729905,0.033718668155558955,4.784568916038335,1.713546978040381e-06,1.829810350006783e-05
FRAT2 (23401),2.2213824797387103,0.16128077741493935,0.048460841972688413,3.328063872803408,0.0008745181355475879,0.004875138891237128
RECQL4 (9401),4.172900434248014,0.16088742672745598,0.03531675893283211,4.55555468817065,5.224751955077098e-06,5.039206276672437e-05
ERCC6L (54821),2.0977354451463817,0.16084982175462428,0.0496091301854147,3.2423431161450766,0.0011855119890698132,0.006333505962926434
IQCC (55721),1.8539952247291256,0.16080326499850364,0.052841076497718006,3.0431489223246255,0.0023411644185635846,0.011403418530821526
TMEM187 (8269),2.0251343339382344,0.16070449369519849,0.05076988456261154,3.165350779890212,0.0015489608915469533,0.007997826209408187
MARK2 (2011),3.5297089184935007,0.16060063918676346,0.038385561571337205,4.183881454705229,2.8657358955516553e-05,0.00023319557752552844
PARS2 (25973),1.632086788711912,0.16046225908706413,0.05641131050247926,2.8445050763359214,0.004448047706508867,0.01958025915510018
WDR62 (284403),3.3648088268105902,0.1603464045180503,0.03922599845727829,4.087758395562227,4.355614165735407e-05,0.0003409707114342088
MAFK (7975),3.343467552065709,0.16014604362315119,0.03948616099020226,4.055751169704454,4.997343862132026e-05,0.00038440713573434794
STK35 (140901),2.720747343094741,0.16009904406728181,0.043709744903867115,3.6627769029399535,0.0002494958205264637,0.0016194625175328613
ADCK1 (57143),2.079399196102532,0.1598519898692332,0.049970535732729464,3.198924876935713,0.0013794110797653867,0.007246724548236735
AP1S3 (130340),2.1159386389656483,0.15974650478847427,0.04974346010486038,3.211407176978137,0.0013208663461039233,0.00698795887604769
ZNF544 (27300),3.81900702284795,0.15967682238829362,0.036989685926973895,4.316793138052922,1.5831239396420806e-05,0.0001368947287118089
GSE1 (23199),3.90055491454405,0.15920030886287487,0.03651225530733345,4.360188312741657,1.2995056225755671e-05,0.0001144751849957376
DTX3L (151636),2.8785409465381617,0.15918512039303986,0.0426088118580379,3.735967126316631,0.00018699509821094957,0.0012460266818786303
FAM72A (729533),3.0111224289398626,0.15870851699706315,0.041556386095175424,3.8191125819645984,0.00013393262987421056,0.0009282129659545703
CAMKK1 (84254),1.4950466264571285,0.1580683255964584,0.05898841481554183,2.679650336269279,0.007369910082455957,0.02982454736434436
FAM174B (400451),1.745378481198488,0.15801888831873945,0.06401932345235446,2.4682998788067936,0.013575653697770765,0.04912071098904167
EFNA5 (1946),1.6004169664994308,0.15786444928195534,0.05757589575813444,2.7418496439050526,0.006109430019501225,0.02554111810875672
MTUS1 (57509),2.301288165539902,0.15782232060767398,0.057520090483720844,2.743777335544011,0.006073671975112012,0.025434029651415342
DAAM1 (23002),2.8704984364547195,0.1577894192675609,0.042659486382091216,3.6988119794569805,0.00021661098361351174,0.001426939080319132
CHRNA5 (1138),2.5149089649671854,0.15771575472202243,0.04544421130626402,3.4705356345414873,0.0005194214171274754,0.0030890176450988124
TYSND1 (219743),2.6559926801183535,0.15770531234432872,0.04432691477958303,3.5577777774186026,0.00037400550795988635,0.0023214879838137172
LPIN3 (64900),1.8714297098663564,0.15764695237956047,0.05587528257476029,2.821407697914211,0.004781339467358073,0.02083406707960312
STIL (6491),3.0585950779079063,0.15740196931474895,0.041140298010776746,3.825980290019225,0.00013025271182418217,0.0009056295296241427
ALDH5A1 (7915),2.1364040772722586,0.15739350532347457,0.049571489790497976,3.175081200679272,0.001497945771569852,0.007766399751564436
DEPDC1B (55789),3.421923365655217,0.15701333275036336,0.03896130617025659,4.029981234823918,5.578130577660859e-05,0.00042366760561072836
ADCY7 (113),2.359494270396866,0.1569426720821565,0.047095701087672276,3.332420336837021,0.0008609411462788916,0.004811931830205127
DDX58 (23586),1.8498814663735574,0.1569291861729637,0.05333032582104461,2.942588175807433,0.00325481080298896,0.015035886810491832
PPP1R35 (221908),3.998494319876748,0.1566450654826234,0.03615161490475308,4.333003266806439,1.4708892644263355e-05,0.00012822132023498637
ABHD3 (171586),3.553846267518877,0.1566293240015403,0.03833019037097921,4.08631740373845,4.3827411162441075e-05,0.0003420719123869223
ZNF784 (147808),1.5742652210635208,0.15645251514425976,0.05729468385242692,2.7306637304646313,0.006320692781372864,0.026271034140479592
CEP85 (64793),3.5473909892202813,0.15630759130056923,0.03823483401103235,4.08809388986671,4.3493213173420415e-05,0.000340655328166207
PRICKLE3 (4007),2.1676895669359797,0.1562440113063952,0.04903244977623786,3.186543034652009,0.0014398406563742726,0.007514340102603991
FNBP1L (54874),3.1689241166546473,0.15609252135731072,0.04052188704854353,3.8520545987978894,0.00011713089731564323,0.0008216090820564886
HSPA1B (3304),5.263250519021198,0.15591970065411057,0.0315154198606714,4.947409913731954,7.520749109412836e-07,8.651161399099812e-06
LTO1 (220064),3.7402227750382204,0.15590426642669633,0.03733463968161705,4.175861016905997,2.9686103642959547e-05,0.00024078550696063036
MAP3K8 (1326),1.8774117339220575,0.15587250630210836,0.05326946853393858,2.9261134115276604,0.0034322578917097934,0.015706129026358137
MLKL (197259),2.03356645472609,0.15563594387302748,0.05087753847238137,3.0590305377590883,0.00222054513652811,0.010900594494029999
CENPBD1 (92806),2.3448810457653186,0.155608460983106,0.047044573448038106,3.307681408887241,0.0009407176183767935,0.005203006508517072
MRTFB (57496),2.4351812403999618,0.15546611213721556,0.04607498221772429,3.374197984549852,0.0007403110184928905,0.004222410759758919
MTHFD2L (441024),2.372480505061401,0.1554384204765415,0.04681495990502171,3.320272425564292,0.0008992964543642506,0.004998453805823611
MED30 (90390),3.754643627281349,0.155409441797357,0.037283257015596274,4.168344029931354,3.0682060049738364e-05,0.00024846193514981886
PHLDB3 (653583),2.2768437717131835,0.15509588970275118,0.047803260756538624,3.2444625585826143,0.0011767248623443492,0.006305200241749672
LCOR (84458),2.582078746181713,0.1550093687222621,0.044764305551851735,3.462789533118311,0.000534606391502759,0.003171801169775438
ATG2A (23130),2.6706015424873146,0.1548360337153498,0.04412054658388931,3.509386118346241,0.0004491423533596201,0.0027194349491544644
PRAG1 (157285),1.6751084600246806,0.15468822500565474,0.05611092006909635,2.756829237787723,0.005836482256208165,0.024598238662999455
FAM122C (159091),1.5621990997578685,0.15466701030757649,0.05755273485122008,2.6873963627863575,0.007201144502626871,0.029267536517159347
TFAP4 (7023),2.945627168022506,0.15465130364644106,0.041999828680970804,3.6821889160826546,0.0002312399495674927,0.0015127114266054328
HOMER2 (9455),2.459944263987309,0.1545864619343386,0.046111411428771544,3.3524556534802414,0.0008009807237245916,0.004520463604336161
NUAK2 (81788),1.6516086914794916,0.15449729712540625,0.06173364181552307,2.5026434952126464,0.012326964350945343,0.045369742080314
ESRRA (2101),3.97771972749162,0.15430061366678804,0.03622996010037223,4.258923091256807,2.054141242199527e-05,0.00017334048867153162
TMCO6 (55374),2.986186666937127,0.15416138594029946,0.041717922256351216,3.6953275139878197,0.00021960352393074703,0.0014428622799397466
TSPAN6 (7105),2.9093261011122378,0.15416016490517093,0.04250327108539688,3.6270188380427197,0.00028671238365620734,0.0018349104740498917
XRCC3 (7517),3.546117838129895,0.154139729200897,0.038238480196926126,4.031010866726022,5.55374755884498e-05,0.0004224554386773588
ZFP41 (286128),2.104231673764087,0.15388550147803745,0.04954243871676976,3.1061349716308633,0.00189550174893534,0.009506573104827042
PPM1N (147699),1.3486321342753496,0.15359284358608347,0.062312609972018554,2.464875787662469,0.01370607561569753,0.04945362439179497
PC (5091),2.483537185731257,0.15339956307154673,0.0457217891467468,3.3550647499642174,0.0007934640999247756,0.0044862487952779355
EXD3 (54932),2.217584188050212,0.1532215691051112,0.04850539271098155,3.1588563774357823,0.0015838952512893876,0.00814188177345409
SPIN4 (139886),2.4348498949238175,0.15321436712634282,0.04610153550883738,3.3234113665687457,0.0008892367604516867,0.004949854346191667
ZNF785 (146540),1.6548739407244004,0.15272146026458266,0.05594552291955485,2.7298245202602502,0.00633680460777345,0.026323457241457574
CABLES2 (81928),2.0870783558677024,0.15259013057819085,0.04978397190478295,3.0650453296501814,0.002176370086566229,0.010711699156845103
ZNF219 (51222),2.456458786743617,0.15242523804130997,0.04596376643837219,3.3162042594068173,0.0009124910893053128,0.00506430871622565
LRP11 (84918),3.3768292920265646,0.15234765227473165,0.039302307219430586,3.876303022724651,0.00010605559184713257,0.0007534053045004516
MEX3D (399664),2.5548069954385815,0.15228265888887943,0.04500082275901737,3.3839972149923567,0.0007143872779607014,0.004091614383021207
SAMD9 (54809),2.0076213424153946,0.15219728720799447,0.055241965919342474,2.755102659275636,0.005867372249888542,0.024702875674795306
CHKA (1119),3.7558267155661813,0.1518400060510046,0.03725859005487757,4.0753019861288875,4.59546718129173e-05,0.00035640927427688335
MRGBP (55257),3.5843738200517166,0.15179261714249645,0.03809913344381672,3.9841488092200046,6.772242746748556e-05,0.0005049314388879028
MFSD6 (54842),2.872328995595049,0.1515820847490108,0.04261294437880845,3.5571840190510993,0.0003748515773475757,0.002323939755430399
EPOP (100170841),1.929711861401034,0.15139646896036071,0.051879733598954446,2.9182198607783882,0.0035203603679222852,0.016075065886421457
MPP3 (4356),2.0138435939522505,0.15137407885698348,0.050803070395615775,2.9796246108394038,0.00288601819121293,0.013590932615020266
LRRC8E (80131),1.492750312813217,0.15135790061094037,0.05958262339032494,2.5403027258366397,0.011075655631017298,0.04158829913258953
MANEAL (149175),2.9263107163514603,0.15120128634256985,0.04216211706230387,3.586188191620844,0.0003355468476752735,0.0021159421081819634
DGCR6 (8214),2.003783667501441,0.15119348778748956,0.0510525852057564,2.96152461580813,0.003061200224650365,0.014277377117200679
BRAT1 (221927),3.626496257876718,0.15091375333085827,0.037840244468925,3.9881812458899684,6.658178801677209e-05,0.0004971660459058823
ZNF273 (10793),1.8929708829426544,0.1507793692878148,0.052341357515122346,2.8806927532258206,0.003968022411311588,0.017763423148049434
CAV2 (858),3.8957798510218313,0.15068373900702403,0.06050134575823482,2.490584913749865,0.012753301707533592,0.04672173788447783
BRWD3 (254065),1.7930896699735919,0.1506776940747162,0.05365488304474831,2.808275510526239,0.004980759499454927,0.021547011911673037
SPICE1 (152185),2.0320538348091626,0.1506015806277496,0.050521501313551126,2.9809403266358294,0.0028736478280101878,0.013549641247333528
DHCR7 (1717),5.014098913451608,0.1505264598176741,0.032246605513726594,4.6679784560145,3.041777863922553e-06,3.0860815738758415e-05
MYBL2 (4605),5.005749948542841,0.15048365919454365,0.0322018568192801,4.673136087744019,2.96635072316853e-06,3.013620052720709e-05
SPA17 (53340),2.1165875009331208,0.1503068431570807,0.04942445265187047,3.041143302401192,0.0023568163140514392,0.011472247564813942
IGSF3 (3321),2.265931272398652,0.15018995275279198,0.05372590668406105,2.795484748838107,0.005182194683220788,0.022290251916449396
CTNNBIP1 (56998),3.542754352182635,0.14985600110508804,0.038332552616708086,3.909366605545857,9.253843786845303e-05,0.0006655513079200498
SKAP2 (8935),3.3416410560606282,0.14981985433160314,0.039512341436648925,3.791723013221397,0.00014960571940286728,0.001023167115516155
ETNK2 (55224),1.7933632561966442,0.14971455950561305,0.05633194166347573,2.6577205593231725,0.007867109392904767,0.031380839853034234
IRF2BP1 (26145),2.635572180899258,0.14966064957212627,0.04432336214298793,3.3765635623335264,0.0007339741104131826,0.004192625081729971
TTK (7272),3.6618456465165266,0.14920653559857822,0.037634124538316174,3.9646607282352906,7.350040931869694e-05,0.0005439828925825858
ARL17B (100506084),1.9083516457021703,0.14906777467436452,0.05211435235076547,2.8603977205940465,0.004231100092316277,0.018734882869037874
IRS1 (3667),1.9669080964986438,0.14891861878395385,0.05144740582934064,2.8945797437861294,0.0037966646039428917,0.017164848446792294
FANCM (57697),1.8641938747868063,0.148906937679195,0.05270706600644966,2.825179790143765,0.00472540928931216,0.02063786308786053
SDHAF1 (644096),2.9198896126531615,0.14887686374279857,0.04223651565138562,3.5248377250530716,0.00042374228439954434,0.0025843641714939376
DENND3 (22898),2.6368870388933145,0.14878058061121371,0.04469240573675326,3.3289901977432033,0.0008716147195457548,0.004860754288467542
FMC1-LUC7L2 (100996928),2.8460778068037733,0.14872472246400797,0.04253283871878925,3.496703416560521,0.00047104521169370154,0.002837208268672311
FBXW9 (84261),2.394457117375159,0.14870474844904605,0.04656797310802371,3.1932836781213503,0.0014066468575143392,0.007373993446977985
STX1A (6804),3.27270560151523,0.14866593146024826,0.03983788606735753,3.7317725947828975,0.00019013710910530766,0.0012647227867367194
C9orf116 (138162),1.9572960172910132,0.14855724896078423,0.05157167079047504,2.880597946193006,0.003969216034559011,0.01776348139678016
TMEM241 (85019),2.373693479243151,0.14855010350526138,0.046736023594650546,3.1784925648288267,0.0014804301500522896,0.007685483663013879
BCL3 (602),2.7696807620017116,0.14850812347485895,0.04347817261664966,3.415693773155241,0.00063619747176267,0.0036972681190193635
WDR90 (197335),3.7237075229401033,0.14850340033831316,0.03734722113726555,3.9762904927385483,6.999861128371287e-05,0.0005206125088357607
UQCRHL (440567),2.8133483613494406,0.1483720622769326,0.04296124213636732,3.4536259870226953,0.0005531038814777224,0.003271226808456687
ZNF468 (90333),2.481218915869333,0.14830448454866701,0.04571806195786425,3.2438926366859313,0.001179081801859524,0.006315109326419465
TASP1 (55617),2.25649324180924,0.14814491999598056,0.0479752760540524,3.087943044435426,0.0020154709463635827,0.01003135159079936
YJEFN3 (374887),1.5563374130519516,0.14813512610408466,0.05762805785043853,2.5705382348393235,0.010154061731861515,0.03875647204910917
RNF44 (22838),3.7022287242755536,0.14812893609591274,0.03747647037463098,3.9525850384294987,7.7311440564218e-05,0.0005671516015257064
ATAD3B (83858),3.8163157707232327,0.14802672370482353,0.03688422974647284,4.013279515996373,5.9880934753251375e-05,0.0004518397915232799
PIF1 (80119),2.912114917213664,0.14778542432081462,0.0421349515269722,3.507430742532396,0.00045245611263510714,0.0027372958064768083
ALDH16A1 (126133),3.0478303486667553,0.1475932537442418,0.04131110581890603,3.5727258038368883,0.00035328462422717596,0.002205610147768502
PGAP3 (93210),2.677385000195683,0.14751107347317874,0.04415274755444349,3.3409262535992137,0.0008349939867109473,0.004686057263727309
H2AW (92815),2.6503106824346983,0.14746825507659866,0.04605066281348694,3.2023047241224374,0.0013633269786943896,0.007167231908258486
SLC22A5 (6584),2.1196346190197484,0.146861197530431,0.04955401788984085,2.9636587260573926,0.0030400523267065677,0.01419634615382589
CDC25C (995),2.9013691137482285,0.14664089167938849,0.04227599285610751,3.468656364346122,0.0005230680376645928,0.0031070200136997486
ZNF710 (374655),2.1269064815059484,0.14655479384296535,0.04946500038533041,2.962797790383287,0.0030485676546198985,0.014222867885708836
WWOX (51741),2.6760770015884066,0.14650728467292526,0.04398565254195783,3.3307971169274397,0.0008659769264094867,0.004832896452061253
DHX34 (9704),2.7300749010749574,0.1462570156623645,0.043585353413238756,3.3556459729873365,0.0007917985780129911,0.0044804066960449284
POU2F1 (5451),1.7623829629211791,0.14623285949377995,0.0541480523387685,2.700611622720939,0.00692121076544894,0.02837308216515691
SLC9A8 (23315),2.1288615970992617,0.14588739202704407,0.04937205707833573,2.954857477288685,0.003128135218554096,0.014535491815430799
SLC35A3 (23443),3.2609811351553977,0.1456228391915478,0.03994965242270355,3.6451591030311383,0.0002672264269675446,0.0017211852826000326
RELB (5971),2.43739526596526,0.1455965898031439,0.046327001907685426,3.1428019040228485,0.001673390469211207,0.00853485864398367
MOCS3 (27304),1.7376212593969709,0.14543153690299976,0.054574539273476684,2.6648239057820087,0.007702864630126351,0.03088947260791073
CMTM4 (146223),3.0605956569918944,0.14541006371093,0.04125665948528858,3.5245234472456675,0.000424245266552303,0.0025863834199943074
FANCC (2176),2.631769725185317,0.14539816437940986,0.044316827766310254,3.2808793342817246,0.0010348400596437172,0.005643422811670667
NOD1 (10392),1.7551236545973137,0.1453624636294098,0.05434527947070558,2.6747946656115063,0.007477503240123347,0.03016260422276029
TMEM53 (79639),2.2822181073346357,0.14535685762762374,0.04769085564325385,3.0478978761662314,0.0023044822904271216,0.011253891769479545
RABEP2 (79874),2.8334570532407692,0.145274347028799,0.04278045045001154,3.395811533086833,0.0006842545676789484,0.0039370150001137505
CCDC134 (79879),1.7738175552783835,0.14523158226396657,0.05387869435537719,2.695528984166488,0.007027696340626122,0.028772440582601533
DYNC2I2 (89891),5.063436336844692,0.1451801492251153,0.03202070963604718,4.533945402061899,5.789199938112174e-06,5.519917761016208e-05
ZNF524 (147807),2.254731234234583,0.1451015491826377,0.04809206291188184,3.017162092807382,0.0025515333450033266,0.012241827394426037
PTK2B (2185),2.5233641665085202,0.14456510706747983,0.05012537491728615,2.8840703397437406,0.003925710564348657,0.017615938309331912
BCAR1 (9564),3.541180715320759,0.14454059340469474,0.0383594245563412,3.768059481507543,0.00016452150542690415,0.0011125350879340223
DNA2 (1763),2.614699269492647,0.1444819158202612,0.04441987016922374,3.2526415604061207,0.0011433762744703078,0.00614401408060009
RHOBTB3 (22836),4.0496397786721365,0.14447430726412797,0.03587545473189639,4.027107345225586,5.6467256827527784e-05,0.000428661123222494
GPATCH1 (55094),2.3818715768611782,0.14399669266377882,0.04663848327690975,3.0875080522841563,0.0020184230327544555,0.010042722536647996
ZMYM1 (79830),2.208167380329315,0.14384021460366497,0.048388557471665136,2.9726080321343207,0.0029528127485358865,0.013853452015737747
USP49 (25862),1.6343573811781082,0.14376958616996782,0.05606774598202668,2.5642119841246203,0.010341036472409642,0.0392907158494635
SLC2A1 (6513),5.382025488887731,0.14376942327210493,0.031154701937828145,4.614694230071885,3.936744655400395e-06,3.88918319666148e-05
MGAT2 (4247),3.4547699261760747,0.1437125858492456,0.038770228361599816,3.7067768729365165,0.0002099137281330036,0.001384032407313397
TRIP13 (9319),4.260050788981019,0.1436800327943309,0.03487338727378007,4.1200480947360765,3.787933219621831e-05,0.00030012239716919467
ARHGAP45 (23526),3.071005075623024,0.14363657274823097,0.04121920945472063,3.484699843795306,0.0004926893890789261,0.002952184766659349
PLAGL2 (5326),2.8015368875561437,0.14358709180497334,0.04299996637268044,3.3392373045249597,0.0008400876561080448,0.004707619692291115
CDCA5 (113130),4.647298013055995,0.14343097331764748,0.03336876729103982,4.2983599623760025,1.7206655970363993e-05,0.00014743242923126232
SSX2IP (117178),3.064949044988444,0.1433547341147094,0.04104657027413507,3.492489948789763,0.0004785396054367662,0.0028777405689055092
GET4 (51608),4.392492492646949,0.14327397670064487,0.03442396109970168,4.162042139359916,3.1541412569013887e-05,0.000254462248532645
PPIP5K1 (9677),3.078506355500925,0.14308977303175993,0.04103507201174624,3.487011622419004,0.0004884501299989097,0.002929841469248097
SIPA1L3 (23094),2.6591387840119878,0.14304988132454333,0.0441079611095002,3.243176010095205,0.0011820516366006359,0.006317992513070397
HEBP2 (23593),3.3607480144810005,0.14285877103056197,0.03945563535936761,3.620744406455091,0.00029375660574603325,0.001874646451129958
GK5 (256356),2.261227787157088,0.14261182968308692,0.04785238395309922,2.9802450348735547,0.0028801789189893674,0.013576181708995622
TSKU (25987),3.293562960329832,0.142233473489702,0.039865969996255704,3.567791615331594,0.00036000262387362025,0.002245688009453769
HMGB3 (3149),5.728829203507714,0.14217817684981068,0.0301100779656857,4.721946486217703,2.335981530759412e-06,2.434015104695714e-05
ZNF696 (79943),1.8338072241838281,0.14215758526120909,0.05304388747461955,2.679999374654218,0.00736222977213736,0.02980950192453679
CLBA1 (122616),2.2150598937788484,0.14210816289013875,0.04844293081855178,2.9335170372416197,0.0033514525992617626,0.015397238414806865
KIF4A (24137),3.746122898343791,0.141951740116727,0.0371306751973499,3.8230314790197624,0.0001318209428848822,0.0009148422078625173
TPBG (7162),2.855923632106537,0.14191612585453248,0.04828750320554067,2.9389824785607996,0.003292916891095513,0.015183949599578021
NUDCD2 (134492),3.983081592067584,0.141854492251832,0.036072542487471194,3.932478346961578,8.407455493295097e-05,0.0006125839000102568
BORA (79866),2.9932796419893037,0.14159041094352506,0.04165841339802068,3.3988431002092,0.0006767152536306903,0.003901094906562209
TAF1A (9015),2.7267157407005724,0.1414166865442018,0.043539306631572745,3.2480233950637327,0.0011620971517309938,0.006235703903332572
UPF3B (65109),3.681170219361198,0.14113189594364667,0.03756087705810255,3.757417477907428,0.0001716759541182842,0.0011583122895352934
TRIM16 (10626),4.2767088790232375,0.14111398693400448,0.03493542660779273,4.039280485057178,5.3615419454302144e-05,0.0004094911680758528
ATAD3A (55210),4.193965742294327,0.1410726172998027,0.03515723644356396,4.012619635967664,6.004862861984791e-05,0.00045287802817755977
DDX11 (1663),4.33400257409512,0.1409676661291985,0.03456721488834909,4.078074168963835,4.541028154010832e-05,0.00035236879631380595
AGAP4 (119016),2.1319470443627506,0.1409472968202221,0.049308762604861014,2.858463473312289,0.0042569811574332045,0.018832854600041166
TRIM16L (147166),3.4794520973211363,0.14080265940187198,0.03879175909693142,3.629705449810602,0.00028374481644895873,0.001818238717330082
ROGDI (79641),3.191084452369098,0.1406726837169976,0.040342640101340865,3.4869478884779794,0.0004885665456828045,0.002929841469248097
BRCA2 (675),1.9647454728915013,0.14036188718257941,0.051149202349824334,2.744165710006648,0.0060664906148720265,0.02541810576200627
LNX2 (222484),1.9975861289060282,0.1403411711645053,0.050941366299081435,2.7549549876724826,0.005870021052398961,0.024704989301928607
MFSD2A (84879),2.118793847851446,0.14015685925620233,0.04970008792704449,2.820052541193503,0.004801578688522186,0.020910145570913117
ANO8 (57719),1.7360740108292383,0.14002151824675127,0.05445327846138957,2.5714065746479227,0.010128633948909843,0.038708515721437006
NCAPD3 (23310),3.932040309544342,0.14000597157469138,0.03623105427021422,3.864253315139968,0.00011142953716725372,0.000787861285816964
DDTL (100037417),1.6167147052762014,0.13985406604261313,0.056603560064379416,2.470764486960657,0.013482457824124817,0.04884590908301998
ANKRD36B (57730),1.746006880450682,0.1398473035548342,0.054408382961318,2.5703264082349144,0.01016027331336713,0.03877034549148411
ATP1B1 (481),4.637028618572507,0.13975359506603222,0.0338324734797839,4.1307531106036315,3.615767424548953e-05,0.0002876934778940431
CNTRL (11064),2.7840664247059665,0.1395684528739241,0.043129357901412826,3.2360429105612103,0.0012119916308128535,0.006457374673233072
PXMP2 (5827),3.957022056565235,0.13916759676036383,0.03620386603350838,3.843998224707761,0.00012104588124263526,0.0008467021521044584
SLC12A2 (6558),2.6017493054748817,0.13906829328917258,0.04462344685662039,3.1164847873812382,0.0018302112320003534,0.009228122840055007
HSPA1A (3303),4.619745557069878,0.13897916009389719,0.03882098063374724,3.5800012731538784,0.00034359253342010197,0.002155210638549006
TICRR (90381),2.327724244322836,0.13892874267541488,0.04701914607833045,2.954727047657773,0.0031294578772179883,0.01453714826200119
MMACHC (25974),1.8209102705809166,0.13888153812524756,0.0532026374428388,2.6104258134657825,0.00904295834974699,0.035230541514835116
RASA4 (10156),2.078407699018443,0.1385798225832653,0.050198110011419016,2.760658171228783,0.0057685017602113475,0.024352659226750825
TTF2 (8458),3.464198971237953,0.13853810627380497,0.03863821981047614,3.585519906283119,0.00033640734004764206,0.0021178179239986702
POLE2 (5427),3.096419456331756,0.13834556961931335,0.0409010667215833,3.3824440462896055,0.0007184391184797077,0.004111690748058457
ZNF680 (340252),2.3484076244407834,0.13809170655199093,0.04696040487964944,2.9405987215377216,0.0032757859769191456,0.015123496719461633
BCR (613),3.311952687807223,0.13798417538443236,0.03958237336896521,3.4860005512610237,0.0004902999944672376,0.0029390652257984293
DOCK9 (23348),3.1023734683790236,0.1378212843056679,0.04095803206691595,3.364939118180771,0.0007656055042420699,0.004351832420410345
PLEKHF2 (79666),2.8382689499297458,0.13760652437341778,0.04284696918140938,3.2115812857335793,0.0013200661982929456,0.006986182208763862
CAPG (822),4.845214116765249,0.1374815496158804,0.04191615684953957,3.2799178156856854,0.0010383733004439143,0.005660639376260556
SLC12A7 (10723),2.778822291146887,0.13729254865489296,0.044145787507064264,3.109980734468113,0.0018709954683637283,0.009393058997998216
SOCS7 (30837),2.7723075040634577,0.137286064088289,0.04312320373283028,3.1835775685601777,0.0014546713204246092,0.007575972546593517
ARID3B (10620),1.8713941571731711,0.13721596658247076,0.05259944955255364,2.6086958656358994,0.009088798117918826,0.03535420281339365
ANGEL1 (23357),2.6551121987674224,0.13694883290444873,0.04414924437703059,3.1019519096389954,0.0019224918694897774,0.009622692171770855
MAP3K13 (9175),3.636988474235311,0.13693178524303018,0.03786189446935067,3.616612088808101,0.00029848409772583964,0.0019005466501832346
DOCK6 (57572),2.678961900478874,0.13684929146510544,0.04421720973642574,3.0949327712184926,0.001968575121697208,0.009833725524919054
TEDC2 (80178),2.792264598591314,0.13650357812714087,0.04294700757047009,3.178418843342168,0.0014808066688207654,0.007685483663013879
PLSCR1 (5359),4.684789048131461,0.13646672767043153,0.03339162389166383,4.086855078183252,4.372600601852091e-05,0.0003415895568819655
KLHL17 (339451),2.640917867817547,0.1362054089449088,0.044249840263536705,3.078099449257141,0.002083253800043413,0.010317523592973402
SH3D21 (79729),1.9411867877329032,0.1361397875786562,0.05173793328804471,2.631334089452594,0.008505038255498736,0.03346520053479964
FANCE (2178),2.2149411199590614,0.13612949936396107,0.04828909755171137,2.8190524624773534,0.00481656451381293,0.020963271528732817
DMAC2L (27109),2.6602928045550844,0.13601030957180066,0.04417596752420634,3.0788303503997607,0.0020781498539666162,0.010299025923182381
CDCA7L (55536),4.208913462723325,0.1358365826922384,0.03514899318286163,3.864593844425428,0.00011127420275041546,0.0007871328888494363
CDK3 (1018),1.7999435419494174,0.13583048796814204,0.053679470595816,2.5303991723556463,0.011393282562081311,0.04252625388962426
SLC2A4RG (56731),4.73237590973873,0.13576349788112793,0.03316308111459889,4.093814365799768,4.24334085739516e-05,0.0003333958566076636
ING1 (3621),2.846998444246887,0.1357545991264639,0.04264089332141917,3.1836715545138987,0.0014541991327142823,0.007575972546593517
ENOX2 (10495),2.2077142211033975,0.13574766169626976,0.04835359631183409,2.8073953552664044,0.004994390372324536,0.021593562512067524
PEX11A (8800),1.8142373259550724,0.13571838903074757,0.053532001359736764,2.5352758272330536,0.011235881686138335,0.042063965128051106
HACD2 (201562),4.105012300424452,0.13563885146354362,0.03558055155807225,3.8121626991128212,0.0001377561470127344,0.0009497943942628998
SCRN1 (9805),4.1602451074172615,0.13560166060151616,0.03550048054166797,3.81971338225567,0.00013360683467793314,0.0009268088679410706
DSCC1 (79075),3.1073525654226963,0.1355059225045609,0.0407783532873234,3.3229866235595407,0.0008905918495999736,0.004955563967855475
HASPIN (83903),1.987838480897831,0.13496414388874375,0.05083129828112268,2.655138634121129,0.007927582081230743,0.031596927150780864
ZNF205 (7755),2.0759192762795857,0.13493322055063664,0.04995662728596552,2.701007411453973,0.006912979800701377,0.028359160357214912
NCOA7 (135112),3.2225140581770466,0.13482121769409242,0.04018442045748201,3.3550618911312386,0.0007934723000750153,0.0044862487952779355
SMAGP (57228),3.0852655942272484,0.13465643760254556,0.041204062366647844,3.268037903746638,0.0010829586119329717,0.005869666885858606
CREBZF (58487),4.005931708291381,0.13433583158119816,0.03595070936636932,3.7366670630111356,0.00018647556986680467,0.001244217926481571
ACAP3 (116983),3.369496040300413,0.13414472269254288,0.039169109253431256,3.424758061884996,0.0006153471315872372,0.00359274852225905
MKI67 (4288),4.54099421458412,0.1339404006513655,0.03373205330551526,3.970715907456069,7.16569845475793e-05,0.0005318949134202654
DDI2 (84301),2.583756625393868,0.13393739697080173,0.044734473984710886,2.99405324440784,0.002752978977991032,0.013062542321934113
ANKS1A (23294),2.543455239245144,0.1337792980480648,0.045050485343299966,2.9695417713842858,0.0029824426127611054,0.013966334127483222
PLEKHH3 (79990),3.023111314756013,0.1335884722520704,0.041459950579324584,3.222108815505652,0.0012725079726570493,0.0067582615448633825
JUN (3725),4.1852297423925195,0.13355581073206096,0.0353269406095262,3.7805654389456675,0.00015647258405187718,0.0010657331878361964
HES6 (55502),2.5858058179200496,0.13353224498831837,0.04951945755601486,2.696561141391157,0.0070059534742881666,0.028691229170968904
FOS (2353),4.130105904518095,0.1335146373113147,0.046179995248173865,2.8911791045841295,0.003837993222780575,0.01732566637562452
DUSP23 (54935),3.3800412710691257,0.13346427427572558,0.04333572131852673,3.0797750727335282,0.0020715697705294953,0.010276570645363267
ZNF213 (7760),1.8346577044016623,0.1333316809804791,0.053035549121534395,2.5140058543551786,0.011936845235292143,0.04417161175853556
ZNRF1 (84937),3.1746597585710568,0.13328710381805817,0.040426135057999295,3.2970528502621246,0.000977051141227085,0.005371103935295112
MIGA2 (84895),2.972438489295892,0.13270229354674298,0.04173854526076567,3.1793703570086684,0.0014759537633045711,0.007665585199406482
SLC9A3R1 (9368),4.738362088546583,0.13250472654357817,0.03314948413268201,3.997188191925497,6.409934078595335e-05,0.0004798893822247229
E2F5 (1875),2.696597502781293,0.13224385832827554,0.0438696619750218,3.014471786985084,0.0025742715224095635,0.012346984165181476
IQGAP3 (128239),3.278719864406712,0.1319733496008461,0.03967524060815303,3.3263402459045546,0.0008799444444022736,0.004901756427425624
MOB3C (148932),1.9219654313939873,0.1319465354080175,0.05205929029392085,2.5345434919120553,0.0112593949286923,0.04212055099381014
MCM9 (254394),2.004283601882017,0.13182562647746415,0.05072157795299281,2.5990048377366346,0.00934944556481284,0.036221554294995725
H2BC21 (8349),2.129516927777506,0.13179575715868413,0.04955288883414097,2.6596987634730884,0.007821056719186887,0.0312551445941264
CAPN15 (6650),3.463618298508259,0.1317740222149126,0.03868082445012221,3.406701488093444,0.0006575299800218574,0.0038065394687991022
SLC43A2 (124935),2.042205790283823,0.13169131664645836,0.05034972915338192,2.6155317786374397,0.008908863060601723,0.0347982226401385
MIEF2 (125170),2.1260156793483223,0.13150646453698223,0.049351877618017924,2.664669935252279,0.007706391926920486,0.030894256069656116
KIF18B (146909),3.4540261710026603,0.13141032784026008,0.038597700719909825,3.404615440537752,0.0006625728845638811,0.003834258315826213
MTAP (4507),3.252518372529146,0.131315592060871,0.0401374582851673,3.2716469271149236,0.0010692301433440155,0.00579943645881545
SAYSD1 (55776),2.5086961917994857,0.13116320046600935,0.04545340526620794,2.8856627946316236,0.0039059039899085823,0.0175427556513924
DUS4L (11062),2.508537811777925,0.13104618310947103,0.04549424862838447,2.8804999985802504,0.003970449540201234,0.017763718043969003
CEP76 (79959),2.452978578168831,0.13103959299354148,0.0458738031768895,2.8565234168235953,0.004283084092071776,0.018942764035659008
TJP2 (9414),4.022698844668737,0.13100391666939318,0.03597774296927196,3.6412488904954823,0.0002713186804561351,0.0017460482746548371
ADCK5 (203054),2.368172223452469,0.13088246166569312,0.04679234874514881,2.7970910880865394,0.005156499348954226,0.02219241682047062
DAB2IP (153090),2.518560726984555,0.13080911600070477,0.04541897939673358,2.880054059737684,0.003976069882918611,0.017778290477977243
TMEM170A (124491),2.681658596385119,0.1306977905116454,0.04390778593646021,2.976642700699613,0.002914234239032486,0.01370664844028846
BID (637),4.401183764774191,0.1305720890185095,0.03437314562137502,3.7986656925955864,0.0001454771599966299,0.000997652392574883
ZNF431 (170959),2.18808303747584,0.13053770426710437,0.04869932588484328,2.6804827766154293,0.007351604757194636,0.029774493991049936
KLC4 (89953),3.172272846112374,0.12987995832730803,0.040456029451367316,3.210398056572465,0.0013255127593642174,0.0070100755632316394
ZBTB48 (3104),3.365219467257068,0.12975884489006073,0.0392993582960759,3.3018056913926084,0.0009606459299214419,0.005298342617887836
ACSF2 (80221),3.652335422091685,0.129561340801756,0.037842225454052525,3.4237241400896856,0.0006176928928588129,0.0036022508782766276
CENATAC (338657),3.494909064674228,0.12921416620184703,0.038514212266661914,3.3549736213531602,0.0007937255279163806,0.0044862487952779355
RPS6KA4 (8986),3.734693971002188,0.12913297357523343,0.03725133673994641,3.4665326100031706,0.0005272177776299383,0.0031304335762510067
KIF18A (81930),2.9087160667032506,0.12910690538234448,0.042150932823453044,3.0629667419960063,0.0021915441496348554,0.010775808259936613
DEPDC1 (55635),3.401593805862962,0.1290436351054461,0.03894239119631543,3.313705993422809,0.000920682610869321,0.005106004630718689
IQCE (23288),2.3789546790060685,0.1288751158984417,0.04657096401247998,2.76728469404039,0.005652536897484357,0.023963953271217142
MMS22L (253714),2.3286042932862725,0.12882695342228098,0.046968729649077084,2.7428238827151756,0.006091334580782169,0.02548671304295009
DOP1B (9980),1.9842093963273477,0.12859913044336352,0.050951162029804646,2.523968547923157,0.011603830997181501,0.043087670578379283
VANGL1 (81839),2.4644089984628175,0.12854209231308888,0.0457636022827696,2.808828105769246,0.0049722187145780335,0.021516250439902528
NFE2L3 (9603),3.375829728874868,0.12850483952801792,0.03932556867256847,3.2677172604412053,0.001084186168975756,0.00587420421260685
ZBTB12 (221527),2.1593796859363694,0.12844624586247422,0.048852272999373815,2.62927880273085,0.008556617756701655,0.03360667687877417
CEP70 (80321),3.4168378330192186,0.12839566553156997,0.038933072073587725,3.297856005015177,0.0009742608290652315,0.005359681328744231
ARHGEF18 (23370),2.916058528330853,0.12825950264463767,0.0421214226376432,3.0449945565232244,0.0023268452130410303,0.011348367285385848
BCAR3 (8412),3.3420465331533555,0.1281856150948954,0.04027426213426155,3.1828172212706325,0.001458496522624838,0.007589542354672363
CDC20 (991),5.942864122202432,0.12810088072762113,0.029540218199870717,4.336490673863126,1.4477556674517752e-05,0.00012635111236937013
ZNF789 (285989),3.0017598029656827,0.12806235308602257,0.04153306234176076,3.0833833545006413,0.00204661325317439,0.010159466515097946
HOXB7 (3217),2.8054372312855578,0.1279849351050036,0.04844819329261395,2.641686436726532,0.008249439053378674,0.03261596500028585
BRI3BP (140707),3.1043948865723823,0.12788487874354793,0.04080396145450378,3.134128995934351,0.0017236506498882636,0.008764463561412238
CD2AP (23607),3.540576400934607,0.12761682105799033,0.03827533898591326,3.334178728108928,0.0008555166682260673,0.004783390483139877
H2AC6 (8334),3.7080449106309383,0.1275986681697922,0.03754477657127335,3.39857311249581,0.0006773835501821202,0.003903451894308763
SS18L1 (26039),3.0801005810532636,0.12752022874868596,0.04098704770495215,3.111232349952316,0.0018630828158155443,0.009362706762445116
PRKCI (5584),3.7808895124745217,0.12747807142852974,0.03704132830282517,3.441509180943894,0.000578478840309673,0.003403907951231654
WDR24 (84219),2.1423045968034113,0.12721454647999397,0.049057741394788947,2.5931594660309223,0.00950986646939576,0.03676399046724784
UBXN11 (91544),3.1680535843681765,0.12702676587724682,0.04041624995200982,3.1429626951554925,0.0016724715340453039,0.008533064327312866
PLAAT3 (11145),3.5034128625018988,0.12686011553003665,0.04921784184229064,2.5775229222064664,0.009951128120864444,0.03813669732718451
SH3BP1 (23616),2.8583003157480644,0.12685001670198057,0.04274795249408082,2.9673939756423446,0.003003358452406927,0.014046792438580858
LRRC20 (55222),2.5339148642454723,0.12682479443989159,0.04512788896207707,2.810341838645898,0.004948890596197219,0.021439967725419916
USP42 (84132),2.0433209314704954,0.12669864010629758,0.05022520330836035,2.5226107961858197,0.01164872477253303,0.0432223706356429
ZNF33B (7582),2.475439914198881,0.12661442461693245,0.0457671362898108,2.766492179348368,0.005666294396458523,0.02400630865392662
TRIB3 (57761),4.3441472317553425,0.12659610151801276,0.03469071876306415,3.6492787129219697,0.00026297766254550014,0.0016945447154859078
PIM1 (5292),3.5702801426498962,0.12642024017260278,0.038236097989614824,3.3063059992925883,0.0009453478764406233,0.00521970794455986
USP28 (57646),3.398531681825827,0.12640725913557652,0.03900014971251693,3.2411993304478686,0.001190279229733854,0.0063529412169477
MID1IP1 (58526),4.06869349652975,0.12630912934112534,0.03571190544741863,3.536891346419472,0.0004048661894998633,0.002485359725505893
NFRKB (4798),3.1424166831712217,0.1262488903839455,0.04055328353047571,3.1131607453948758,0.0018509517464634089,0.009314187283374064
OTUD3 (23252),1.9771273400494782,0.12623115965376971,0.050963233894818154,2.4769063893059715,0.013252665581315983,0.04822279668716008
TBC1D3L (101060376),2.1153693351283165,0.1262080310977386,0.04962781430387689,2.543090661316497,0.010987671540888337,0.04133906799103374
ARL4A (10124),3.784698902993834,0.12579680247149255,0.037066547560673284,3.393809533126304,0.000689276139855745,0.0039613631781014284
SLC49A4 (84925),2.2712757050128585,0.12574656106404136,0.04777105438085405,2.632275186172963,0.008481513413733363,0.03339776258126987
PCNX3 (399909),3.730067221610118,0.125722695927918,0.0372008303382276,3.379566928610334,0.0007260012829760939,0.004152961369674453
AFDN (4301),4.01377341282812,0.12570783011378694,0.035925071576744294,3.4991671441835774,0.00046671391635328996,0.0028145000342491384
CDCA7 (83879),4.041379585918145,0.1255968761382872,0.035793438043460725,3.5089357995112493,0.0004499034912655606,0.0027229476788341207
CYB5R4 (51167),2.86494545036265,0.1254942020514411,0.042482378848293124,2.9540295400967937,0.003136539808185928,0.014565548751223912
PILRB (29990),4.048977292829802,0.12536321089704514,0.03580456433000287,3.501319265934917,0.0004629608655114083,0.0027929868414132515
DOHH (83475),2.689817115212823,0.12521635987843738,0.04378636483247792,2.859711244756265,0.004240269053491896,0.01876443769965855
E2F1 (1869),3.8154424282938035,0.12510288085423818,0.03676341649992658,3.402917703649443,0.0006667035886815503,0.0038537157876690764
PRR12 (57479),2.453602877834092,0.12502418923087127,0.04580248426880392,2.7296377309390896,0.006340395763228987,0.02633110534185574
TOR2A (27433),2.742045962989929,0.12502323701773607,0.043442335037293056,2.8779124536102842,0.004003162170531394,0.017883485159683896
SETD6 (79918),3.0876875728004176,0.12500968254984499,0.04100377585530176,3.0487358771785233,0.0022980642662603253,0.011226193165634042
PSRC1 (84722),3.7426753911103505,0.1249172481747766,0.03715054611585361,3.3624606159280512,0.0007725114491117181,0.004389428724824362
SEZ6L2 (26470),2.7970273450875363,0.12489355315876308,0.04601347392361475,2.7142821984294034,0.0066419559740036145,0.027394426969533547
RAB15 (376267),2.734525341816994,0.12464030032959286,0.04348417325321271,2.8663371292309012,0.004152517706529236,0.01844119876400203
CENPA (1058),3.921873453223128,0.1244420135624451,0.036311138107111056,3.4271030887372484,0.0006100574233760719,0.003568788488381174
AGO2 (27161),2.8976939969759337,0.12442547175147395,0.042199443077848314,2.948509806680089,0.003193100086172888,0.014787129546493466
TRAF2 (7186),3.5347889506116696,0.12425105368382008,0.038280686540990316,3.245789585063323,0.0011712537402847668,0.006280357724990949
SAC3D1 (29901),3.1859913040385486,0.12406488534694789,0.04028758665141264,3.079481688005198,0.0020736111749468495,0.010283307098961865
CWF19L2 (143884),2.250302936047916,0.12400864188928788,0.04798238260310161,2.5844619454406144,0.009753106675797695,0.03753075269668852
GMDS (2762),4.001973780803266,0.12375007247439701,0.03603327182849161,3.4343279473319295,0.000594025041741727,0.0034872028006422257
POLD1 (5424),4.236086951863566,0.12371739291655275,0.03497663027287002,3.537144429047969,0.0004044784118072499,0.002483992728184442
PLA2G12A (81579),3.705114121779913,0.12363070914957272,0.037381590129570985,3.3072619094331603,0.0009421276139385738,0.00520574810110899
ACCS (84680),2.072995612213216,0.12357179426364584,0.05013066100875028,2.4649943124044675,0.013701542642850381,0.049449127033899455
ZNF514 (84874),2.2162063117215265,0.12344451454839454,0.0483037639579145,2.555587896958666,0.010600858374323131,0.04011582371732038
TNK2 (10188),3.465051166023629,0.12341529908958891,0.038679404691869305,3.19072385091624,0.0014191685454663704,0.007421901263499134
CBX4 (8535),3.3989512709061875,0.12307939803430701,0.039010045900398846,3.1550692954465,0.0016045998929106711,0.008237055608575216
LRRC14 (9684),3.3673865354755383,0.12297730876992065,0.03913548415127954,3.142347959579283,0.0016759873082267203,0.008542312005277518
PYCR3 (65263),2.5923672859251488,0.1226120083565696,0.0446274926192667,2.7474545657901293,0.0060059829569028425,0.025185624183266492
RMI2 (116028),3.6012822294298696,0.12258839853324632,0.03793106596864265,3.231873278609921,0.001229815812733729,0.006545386883053303
KLF3 (51274),2.883333883914009,0.12257746872041286,0.04244007642412302,2.8882480675915936,0.003873942196468877,0.017445079183713144
AURKA (6790),5.463789384552219,0.12250895901255772,0.0307787296391205,3.9803123926481327,6.882476340211037e-05,0.0005123886146205604
NEK2 (4751),4.248282031489911,0.12249655467694764,0.03483989844189235,3.515984837936691,0.0004381260037987902,0.0026570108235214017
RREB1 (6239),2.3162948948673394,0.12243226493213434,0.04722523692783749,2.592517748914991,0.009527626497154275,0.0368231873301267
AHDC1 (27245),2.206433874074818,0.12209212759499724,0.04829720751098651,2.527933474564219,0.011473609015147898,0.04275183785089531
MTMR1 (8776),3.332405374582633,0.12205040087549329,0.039376793461058525,3.0995515416001154,0.001938138528894798,0.00969228052862799
POLR1G (10849),2.9751541735666356,0.12203406515869217,0.0416221083402874,2.9319529938509,0.003368377259609761,0.01545611596465034
TRADD (8717),2.9152197223873735,0.12196545890878499,0.042197836548347384,2.8903249286025683,0.0038484382134347027,0.017353679397290357
NEIL3 (55247),2.427727790624442,0.12174923059990209,0.04603928092619674,2.6444642086194214,0.008182035927214639,0.032407704244462515
MIIP (60672),3.687710867921337,0.12164653943715568,0.03750533235995713,3.2434465123426715,0.0011809298135176526,0.006316509615092447
PTCD1 (26024),2.2048578669754546,0.12141665154062288,0.04836192869405461,2.510583320791945,0.012053187401296423,0.04447088220694115
SYNGR2 (9144),5.538040105612268,0.12141155399821267,0.0306714432039952,3.9584558571537274,7.543587911667622e-05,0.0005558316538636192
HSPBP1 (23640),4.586749547506255,0.12121408417765656,0.033592826966044174,3.6083323472651005,0.0003081715584073169,0.0019564342902094896
ECT2 (1894),4.715083237046282,0.12117732544618535,0.03311536684770165,3.659247563328612,0.0002529568838214,0.0016383940051557402
FAM117A (81558),2.155541105805951,0.12117598078564268,0.049117935521573314,2.467041407561204,0.013623460251994067,0.049251143654033054
ZBTB7A (51341),2.164219125779501,0.12106485845254596,0.04887750462864666,2.476903421570973,0.01325277577438568,0.04822279668716008
RTN4IP1 (84816),2.1517515281551383,0.12100944967186088,0.04895694124289078,2.471752658555504,0.013445250495419062,0.04875807157244522
SLC8B1 (80024),2.726445793429213,0.12084188148263712,0.04365790286832256,2.7679268481381403,0.005641411659582808,0.023937021948697953
ERV3-1 (2086),2.2614304936119853,0.12083685632540901,0.04780672811313307,2.527611930259116,0.01148412111115402,0.042769823326342424
TOM1L1 (10040),3.686364830010612,0.12083075664029594,0.03756773624288973,3.2163438291591238,0.0012983517699162038,0.006883725396615809
UNKL (64718),2.4510744160759317,0.12082152751016273,0.0457644167223878,2.6400757654812903,0.008288749452464493,0.03273294600046739
ENDOG (2021),2.6896884056080412,0.12077264284689376,0.04385992016376645,2.7535992403986738,0.0058943896669684075,0.024786748722528413
SURF2 (6835),4.176310469442914,0.12077130057681733,0.03525649961664819,3.4255045705044656,0.0006136586092439642,0.003587065825440826
INCENP (3619),4.023119097548895,0.12048579470991287,0.035761084571101165,3.3691873765841676,0.0007539015897797558,0.004291790889075371
AGPAT2 (10555),4.260014858155067,0.12044135161690987,0.034958180936282605,3.4452980215542475,0.0005704300942966635,0.003362938044824344
EXO5 (64789),2.399198459501301,0.12037904074823261,0.04633425805845573,2.5980569408570497,0.009375294597781686,0.036299712433922604
LAGE3 (8270),4.01235147766731,0.12019727744534392,0.03590395798884588,3.347744487743804,0.000814720891795059,0.004589401174821587
LIN9 (286826),2.4465020658440504,0.12015524588076763,0.045885962123038214,2.618562199013817,0.008830119221461234,0.03453547538500279
PTPN4 (5775),2.455773044453025,0.12015384930475365,0.04588510996460634,2.618580393453013,0.008829648332592638,0.03453547538500279
FANCD2 (2177),3.9071367095045164,0.12014390260038434,0.036321518097026,3.3077885753410095,0.0009403577307588041,0.005203006508517072
CDC7 (8317),3.0368565999647807,0.12011502595158106,0.04116546229433619,2.9178592746693695,0.003524433702688471,0.01608878321925083
FAM131A (131408),2.486269538031989,0.12004887919651096,0.04561722370611178,2.6316568489552083,0.00849696358597198,0.03344984670709954
MZF1 (7593),2.5040906805723853,0.1200242834215412,0.04535937468218464,2.6460744722012666,0.008143188668496065,0.032309833708232
VAV2 (7410),3.1074824216545,0.11998811675357182,0.040821831313834406,2.9393124436558087,0.0032894129034084438,0.015173338661603869
FBXO45 (200933),2.9589733640801974,0.11996416968046338,0.041764365509864884,2.8724049369821607,0.004073606177546783,0.01814430981272022
AGAP6 (414189),2.425005776356393,0.11990873472931818,0.04619258948469988,2.595843533929504,0.009435902346759305,0.036515583001373586
AKAP1 (8165),4.039004405293296,0.11990700577970748,0.03578974257106754,3.3503176375635744,0.0008071894012130931,0.004552088354817165
KIF21A (55605),2.813407640035005,0.11988490297001528,0.0429172015674056,2.7933998161954827,0.005215718223047442,0.022402425459312536
PLCB3 (5331),3.2956395751102847,0.1197772697150202,0.039621270418406906,3.0230547493846918,0.002502369663696191,0.012055925059229231
RICTOR (253260),2.311078911217179,0.11963315904053708,0.047299248685255126,2.529282438218327,0.011429600995995999,0.04260271262202843
INF2 (64423),4.4779166195658,0.11959844349186179,0.03404716093184289,3.5127288213921637,0.00044352990699511645,0.002688699025241145
NETO2 (81831),3.530479935290827,0.11942760760429535,0.038384959712081966,3.1113125687795002,0.001862576726072829,0.009362706762445116
IRF1 (3659),4.000069384915999,0.11932840520995285,0.03604989318783903,3.310090395779779,0.0009326584557618516,0.005165155731287814
COX19 (90639),2.4731234744914645,0.11923632885097157,0.04577921310159134,2.6045954216462226,0.009198280373660146,0.03572465836398827
MCM10 (55388),2.8826487394467866,0.11922853703640139,0.04218625950198061,2.826241018851262,0.004709781166996123,0.020575890661621275
CREB3L4 (148327),3.2604132929515957,0.11918883747113318,0.03987779183202866,2.988852491461281,0.0028002728705848307,0.01325767955028929
MCM2 (4171),5.0833597945985565,0.11916272587263249,0.03186809207828726,3.739248825436331,0.00018457096416020223,0.0012326030744582346
DHCR24 (1718),5.685438369995649,0.1187953666983944,0.030220838513139534,3.9309090198388796,8.462529338740296e-05,0.0006160000794905008
DOLPP1 (57171),3.4252267698584715,0.11877665128443786,0.03884757776101597,3.0575046921878286,0.002231881471639014,0.01094273306561811
ZC3H3 (23144),2.4989856810094335,0.11857954866381347,0.04548819838042887,2.60682007390365,0.009138736744833365,0.03553575473401459
SLC48A1 (55652),3.2411613354658275,0.11845947278178781,0.04003520432530739,2.958882682831875,0.003087566195571636,0.014385957253107593
PRKAR1B (5575),3.1144548713205276,0.11835955144093858,0.04075165175782694,2.904411142505553,0.003679446297953224,0.016695099215622497
RNF166 (115992),2.7364212697899695,0.11827614059977662,0.04343516115270126,2.7230505760980916,0.006468215485501351,0.02678799069497752
TPX2 (22974),5.672161515609932,0.11822876107031997,0.030192287272552656,3.9158597029447293,9.008262481691988e-05,0.0006503758027808908
GINS1 (9837),3.408518972539621,0.11819595662293889,0.03886563845459595,3.041142801784128,0.0023568202328087128,0.011472247564813942
SCAND1 (51282),4.837012119744147,0.11815762332054937,0.0327505906647735,3.607801292195916,0.00030880284295244645,0.0019596151729491815
CCDC6 (8030),3.339729064807643,0.11807077671203822,0.03938791145606378,2.9976399445231614,0.0027207890894042643,0.012950646200308941
TMEM223 (79064),3.565789147219087,0.11790921716769233,0.03814032409389965,3.091458186810513,0.0019917603178367443,0.009926474243846191
DEDD2 (162989),3.5682864585397693,0.11784596405999775,0.03812506702653091,3.09103624599505,0.001994592844397012,0.009937299316820344
GRK2 (156),4.913976999796688,0.11781653294625034,0.0324760785124195,3.6277943133188,0.00028585284044431236,0.0018304718319595123
CDCA8 (55143),4.532314673797394,0.11772102388227047,0.03375022443275625,3.4880071424952193,0.00048663507902483005,0.0029205869162375717
C2orf68 (388969),3.4558608602521184,0.11755766463756832,0.03869188912422656,3.03830253054149,0.002379149746961511,0.011556200926173323
RPUSD1 (113000),3.5412535077815885,0.11753461262214372,0.038204101357531814,3.0764920112162812,0.002094519153671326,0.010369902989844939
EFHD2 (79180),4.432934284128134,0.11752775721674395,0.03422735885439064,3.4337372543621676,0.0005953209544295139,0.003493447379230291
DNAAF2 (55172),2.683279940147341,0.11732414375311141,0.043922489867534775,2.67116331762948,0.007558885953331711,0.030401229097521763
DLG5 (9231),3.37831740248981,0.11716465520971661,0.03910632492543916,2.996053846356182,0.0027349813405659,0.013009313867165065
DCBLD1 (285761),2.6905174462531427,0.11713730115947628,0.04392404739013312,2.6668148342310873,0.007657384771272604,0.030739864265893167
ECHDC2 (55268),3.2544712026090608,0.11707677804224634,0.04348449826437083,2.69237964597084,0.007094413616006609,0.028958911358229908
DLGAP5 (9787),4.387480550809624,0.11701465193242085,0.034292263279522214,3.4122755613595412,0.0006442295315551091,0.003736729965990043
PACS2 (23241),3.7091654290142495,0.11686213072469902,0.037359750841331536,3.128022218911938,0.001759868768870783,0.008927506910461834
AGAP1 (116987),2.437795410196073,0.11684629839767728,0.04596653896068539,2.541985997632201,0.011022458916677906,0.04141955965542851
LGR4 (55366),2.6882884616344698,0.11670916285822613,0.04410785437085101,2.6459950166008124,0.00814510163866303,0.032309833708232
EZR (7430),6.205596804881057,0.11668971120354786,0.028928731180402095,4.033696136752789,5.490631034731742e-05,0.00041807709791788353
AHR (196),2.7896336434949465,0.1166442976851566,0.045510509714435037,2.563018925014574,0.010376639221148449,0.039366342340241944
CD9 (928),5.894709360784492,0.11661650801979326,0.03473073665711236,3.357732062268591,0.0007858474763051409,0.004453431686812486
TAP2 (6891),4.174188444495857,0.11657843237277563,0.035245463359832314,3.3076152576741227,0.0009409398318273928,0.005203006508517072
DTNB (1838),2.5631313533140756,0.116391978024577,0.044901349917164754,2.5921710202321337,0.009537234789889914,0.03685085635559416
E4F1 (1877),3.1514286347372984,0.1161363097278079,0.04049611021234851,2.867838642250494,0.004132862516800507,0.0183810373714988
ZXDC (79364),2.8704120140143985,0.11613074657437071,0.04240951053150049,2.7383184837304912,0.006175423994335485,0.02574547781068764
C6orf226 (441150),2.569313627479897,0.11606919843975223,0.044905776869778195,2.584727545775238,0.009745597420180217,0.03751145018777988
PEX10 (5192),3.0076557862675464,0.11601583723829402,0.041451168248586946,2.7988556689774104,0.005128405504173754,0.022087801513601794
IGHMBP2 (3508),2.878903776078784,0.11598337864911422,0.04236612440997587,2.737644291621913,0.006188096729251118,0.02577215112378988
RNF168 (165918),2.6951916631136377,0.11566039278646226,0.043737249096168454,2.6444368399153513,0.008182697622272571,0.032407704244462515
EMC9 (51016),4.112682974597464,0.11561846989917673,0.03550195400202301,3.2566790518794666,0.0011272381062301066,0.006079005213741284
ANTKMT (65990),3.0118760225933903,0.11553573541348694,0.04147460159187339,2.7856984992985496,0.005341252616616174,0.02285679376268685
ACD (65057),3.880144811680136,0.11541532516019855,0.036494454710528194,3.16254417487988,0.0015639700508566022,0.008067910707188168
SIRT7 (51547),3.8060756520719927,0.11523014476719054,0.03688022579985691,3.124442496434976,0.0017814233744703157,0.009018605683809008
KLHL36 (79786),2.8153660376869523,0.11508721528506113,0.042850478081133465,2.685786027104622,0.007235941153018,0.029337802615161498
KIF14 (9928),2.56519459373598,0.11507303025104418,0.044737792848365585,2.572166012772983,0.010106441651553638,0.03864333445724931
RPL39L (116832),3.674372400617235,0.11500839992942219,0.04196626440781509,2.7404964809783015,0.006134643891142214,0.025631927546239105
SELENOO (83642),3.08874058383034,0.11494389698530776,0.04093987706202823,2.807626823381898,0.004990802384544616,0.0215842519913361
SIVA1 (10572),5.768399271322914,0.11471530043711624,0.029977380940942308,3.8267285812297613,0.00012985756305209387,0.0009032995347581157
CCDC138 (165055),2.3940577365479325,0.11463102573973152,0.04635846221216317,2.472709841303915,0.013409296525792497,0.048674614119921335
MVK (4598),3.2624295937779095,0.11448575301066592,0.03982872297270688,2.874452015173037,0.004047292651810109,0.01804313044122515
STRN (6801),2.3896185725204617,0.11429968462324064,0.0463391318791308,2.466590978039371,0.013640607183665186,0.04928832269102459
GCLM (2730),3.2242210350420084,0.11427181970518584,0.04002815353393354,2.854786184636592,0.004306581163778823,0.019029903139564222
H1-10 (8971),4.782942044483538,0.1142290573604998,0.032897241724420545,3.4722989336733474,0.000516021391602756,0.0030736571092854583
C9orf64 (84267),2.4569864941910433,0.11403081113441017,0.04593105246049252,2.482651823240791,0.013040848253527183,0.04760131072842552
C15orf39 (56905),2.84287832274897,0.11401728983952397,0.04267773777828889,2.6715870094109597,0.007549349779668015,0.03038724365566746
STK32C (282974),3.0503208052685014,0.11400160682471133,0.04121065188413018,2.7663140865920695,0.005669390114954307,0.02400630865392662
NECAB3 (63941),3.4533729867951277,0.11382540521720948,0.03868339689811299,2.9424873290474136,0.0032558710973572677,0.015036168364284053
SCRIB (23513),4.725944649018715,0.11379723320107084,0.03311293939582737,3.4366394309111277,0.0005889791126255906,0.003461632706470561
EPHB4 (2050),3.6332787112743907,0.11369240174657201,0.03781523533382318,3.0065237130729114,0.002642534422068635,0.01262609492360898
CCDC18 (343099),2.786345028519095,0.11361994640672397,0.04302787016758368,2.640612839171457,0.008275622927198849,0.032698272731784106
PIM3 (415116),4.111626873660997,0.11343868441170635,0.03552510884202346,3.193197378118013,0.0014070673392445696,0.007373993446977985
H2AJ (55766),4.545935758910926,0.11341401009473698,0.04075457205755776,2.782853662027469,0.00538831035972032,0.023031965247827253
CCNF (899),3.076014285445796,0.11333772681962462,0.040866187140705904,2.7733863800259315,0.005547620909982406,0.02361230670766486
SNX15 (29907),3.247585121351796,0.1132711393692906,0.03991444911485146,2.8378479944282735,0.004541880665492908,0.0199291736637522
ARHGAP11A (9824),4.494803959277048,0.11309480236449254,0.03384059473111022,3.341986252402432,0.000831811804357862,0.004669940450883729
TUBD1 (51174),2.447978973609059,0.11304513117747424,0.0459154171582791,2.462029927503138,0.01381531383640925,0.049811936731994626
MEAK7 (57707),2.9731302321490447,0.11287876083115196,0.0417323652436264,2.7048253836605016,0.006834030279518895,0.0281095734241775
G2E3 (55632),2.9878690163664117,0.11279071807622414,0.04154247479341701,2.7150697842897267,0.006626180628081578,0.027336855972063454
EPN1 (29924),4.903717143452992,0.11271457248054144,0.032463890702244945,3.471998273846671,0.0005165996584793991,0.0030758838391298136
TPCN1 (53373),3.588565865305868,0.11270464195355934,0.03803217548575206,2.9634024484290076,0.0030425848426195246,0.01420118767196375
CAMK2G (818),3.7031810474700135,0.11247621483353468,0.03735865080696304,3.01071404892842,0.0026063417409699545,0.012488859183004438
CLSPN (63967),2.531842956379419,0.11245037470225129,0.04488582408664031,2.5052536516917976,0.012236360531783981,0.04509142311075723
KIF2C (11004),4.785952809023314,0.11224258363621102,0.03283880295590142,3.4179864530062,0.0006308624686987001,0.003671936829416109
NSUN5 (55695),4.022497350247682,0.11218194354428054,0.03588186512738632,3.126424536350516,0.0017694591057216403,0.008970108391067318
UPP1 (7378),3.989318552151758,0.11208987077184546,0.039711307682750774,2.8226184760098807,0.004763321875115382,0.020761570374561427
CAPN10 (11132),3.017610356016271,0.1119787112748259,0.041373274560216236,2.7065469790612737,0.006798696223082589,0.027987191073187586
EEFSEC (60678),2.8701124765370025,0.1119153371839674,0.04239947753928959,2.6395451944015287,0.008301735337067608,0.032775625788905596
ABHD17C (58489),3.0265406729073083,0.11188315554342937,0.041432540519800186,2.7003691818019595,0.006926257000869579,0.028380300336351763
ORC1 (4998),2.728171839491668,0.11184499171728045,0.04336391507558196,2.5792180323741083,0.009902426360437071,0.0379887575265518
CIPC (85457),2.6480698207597473,0.11184096809392192,0.044119630864404215,2.534947956333773,0.011246403308905856,0.04209288163825809
IGF2BP3 (10643),3.806792975814196,0.11180142963887477,0.03685134645833983,3.0338492452444155,0.0024145505466911187,0.011696499525278355
FBXO34 (55030),3.3126380118150407,0.11175319235383832,0.03952739603674107,2.827233856992824,0.0046952025726191655,0.02053605171733371
PTRH1 (138428),2.6530337120556418,0.11154487581733273,0.04412864298231687,2.527720507109877,0.011480570504001779,0.04276718588839088
MIA2 (4253),3.58409022714366,0.11143657213483775,0.038115476738433275,2.923656783819578,0.0034594595780150714,0.01581617405372676
VPS37C (55048),3.017546659681054,0.11127100412420592,0.041361777845398504,2.69018910502622,0.007141153969854622,0.029118103693884186
MVD (4597),4.582071996734142,0.11116139976707576,0.03362858144905373,3.3055631542318213,0.0009478574043555845,0.005231644352873853
ERBB2 (2064),3.792881895516323,0.11116057157273589,0.03708574094951743,2.997393842664544,0.0027229867653495183,0.012957007865733351
NCBP2AS2 (152217),3.954668851947108,0.11093146132949352,0.036213472462918825,3.0632649614886556,0.0021893611518000564,0.01076859362209338
SURF6 (6838),3.490175256138122,0.11085127044456239,0.03846562798844986,2.881826613563878,0.00395377231486408,0.017710169172207486
TTLL5 (23093),3.2439222527920384,0.11077128493051112,0.03988093312293792,2.7775499783078024,0.005477041628826309,0.023358154293458232
WDR53 (348793),3.385092513003319,0.11075597696799994,0.039104674474252255,2.83229507615324,0.0046215178613183,0.020249084956725436
MXD3 (83463),3.1535039513648613,0.11066055591070038,0.040422269415666685,2.7376136350180045,0.006188673535175651,0.02577215112378988
ANKRD49 (54851),3.0406492799437204,0.11054304681729843,0.04128306814795031,2.6776848663750994,0.0074132930195705896,0.029983980315177176
SPR (6697),3.8163341508490487,0.11043432370982692,0.03686143139754692,2.995931506804594,0.002736078827523083,0.013009313867165065
DHX35 (60625),2.7861439912950954,0.11028419920363648,0.043000583052401384,2.564714042812906,0.01032608678405177,0.039253739705114435
RMND5A (64795),3.248689272440626,0.11020880133715222,0.03991687938463522,2.760957345267168,0.005763220290542908,0.024337191269017285
BAIAP2 (10458),3.926563406546453,0.11014877683299137,0.03638137037739149,3.027614839419057,0.002464920362555642,0.01189836117260577
FAM102A (399665),3.5225889360221205,0.11012746169246104,0.03832763324661849,2.873317561349218,0.004061856011296776,0.018102691216223724
PAXX (286257),4.530445503787977,0.11005158461138739,0.03382575799746765,3.2534846556764925,0.0011399888187866177,0.006130659887275026
ZMIZ2 (83637),4.186605456890324,0.10994105806463127,0.035138028692918065,3.128833977154486,0.0017550143943022391,0.008905884174256827
NCOA6 (23054),3.5922569019949084,0.10993811384180109,0.037961884810254753,2.8960130507561943,0.0037793668219436374,0.017102061113673375
ZGPAT (84619),3.498125069951141,0.10971968206569767,0.038431292620647386,2.8549568485435293,0.004304267669320801,0.019025267729906217
ZNF598 (90850),4.060811707694514,0.10959494647626865,0.03565222925883618,3.073999824263618,0.0021120955697325945,0.010422627071891314
FANCA (2175),4.087483613898418,0.10956837323170969,0.0355054532532417,3.085959006077635,0.002028967931690031,0.010081026159851257
TCF20 (6942),3.4376310134241495,0.10910790241123842,0.038735645879080266,2.8167312028780107,0.0048515110118108285,0.021103161226859127
TTC7A (57217),3.106781446015069,0.10884787762631265,0.040836598515699506,2.66544917017186,0.0076885553691583485,0.030840310339737803
ZNRD2 (10534),4.7923829229069685,0.10883117787879587,0.03287253553238705,3.3107022660777714,0.0009306216817336618,0.005157323691847026
SLC38A1 (81539),4.869330613906542,0.10875945243691565,0.03264347501375272,3.3317363543892067,0.0008630597728815962,0.004820192035180585
ZDHHC12 (84885),4.445909102647932,0.10858704594299104,0.03414737833266074,3.1799526419025685,0.001472991229293638,0.007655483950242513
TNRC18 (84629),4.537744152802571,0.1085468225495905,0.03371524401076428,3.219517631696058,0.0012840646394120085,0.006817232379884643
OSBPL2 (9885),3.8590573404606086,0.10848161483273762,0.036649864570063605,2.959945858063217,0.003076931117267696,0.01434185427212198
HEXD (284004),2.7959578111792016,0.10821865704158959,0.04300051127764626,2.516683030646821,0.011846535135478098,0.04389139809120991
ALDH3A2 (224),4.393477021223117,0.10819715751356261,0.03435864855144869,3.1490516092781715,0.0016380126470977032,0.008388542644054474
RNF126 (55658),3.9837524773814366,0.10809587196142105,0.03602402013301783,3.0006609912574898,0.0026939430426880548,0.012839108970631763
DDX51 (317781),3.2725157595559593,0.10798754217782137,0.039697375869242685,2.7202690307167017,0.006522882287515755,0.026977264128081928
RTKN (6242),3.304425684212583,0.10790984324074723,0.039639882644591486,2.7222543570136066,0.006483821633977166,0.02683784877711704
ULK1 (8408),2.9950396216181003,0.10782133459489249,0.04147366398249749,2.5997542594836744,0.00932905395222986,0.036175312264887474
UBALD1 (124402),3.1527285516230013,0.10770908666342127,0.040458148493216085,2.6622346962190235,0.007762373424198063,0.03104536696982564
RFFL (117584),2.749700953289414,0.10765511093709418,0.04333434748212575,2.4842905730032974,0.012980983762818945,0.047440340465235334
ZNF107 (51427),2.7216523732018647,0.10762275288389458,0.04350738469191742,2.4736663360941615,0.013373453302361532,0.04857966643827417
H2AX (3014),4.805550902342122,0.10728115840274163,0.03278233381555513,3.27252961934751,0.00106589703694756,0.0057854454839890825
PABPC1L (80336),3.8667725956011805,0.10721138398578242,0.03657389417400217,2.9313636517817545,0.0033747747467186445,0.015480750255831928
ASF1B (55723),4.728794776902262,0.10713135762238536,0.03301541510075219,3.244889010041391,0.0011749641001251184,0.006298008496787507
HMMR (3161),4.260546775930603,0.10702947072127898,0.034791865172917616,3.0762786125243995,0.0020960189023984557,0.01037186911542135
KIFC1 (3833),4.849420565147843,0.10688727490235476,0.03259678798242568,3.279073844943933,0.0010414837905811545,0.005669379563344446
MGST2 (4258),4.166416246288791,0.10683199809087347,0.035614824650520294,2.9996497003478235,0.0027029026451770113,0.012873654067531912
ATAD2 (29028),4.277793180680916,0.10667527593105106,0.03469359250896624,3.07478321547363,0.00210655609625764,0.010405529554922013
IRF2BPL (64207),2.7951157421367965,0.10661956597788096,0.04289103905934298,2.4858238064684035,0.012925194094514822,0.04729388870283804
TENT4A (11044),3.501857384199672,0.10661839017849405,0.03834782890791583,2.7802979520565683,0.005430904378316339,0.02320084817607826
SDF2L1 (23753),4.646589446709117,0.10659959799786929,0.03336527433429096,3.1949264654572964,0.0013986647238632213,0.007335067771086102
MBOAT2 (129642),3.2260228852250217,0.10659513230970441,0.040045058158240866,2.6618798226858917,0.00777056163763334,0.031069856603728737
FAM3A (60343),3.9269273153404574,0.10656649530367922,0.03630503926996854,2.935308636116277,0.003332160723864277,0.01534609435300334
PROSER3 (148137),2.854079657335128,0.10646651140650451,0.042391810001001964,2.5114877473735633,0.01202234593068129,0.04440064233505908
JDP2 (122953),3.133052495957202,0.1064262386751084,0.040751125485158815,2.6116147077672216,0.009011575091150604,0.03511736825212432
CLPB (81570),3.1352908634693377,0.10623413372727754,0.0405574913009433,2.6193467672594117,0.008809834234251804,0.03448375499452965
TRIM56 (81844),2.8170549929467823,0.10621598115210949,0.04283138496318395,2.4798633348748416,0.013143274772649911,0.047893851351244986
NT5DC1 (221294),3.2798843394742185,0.1061324036288247,0.03965371140378585,2.676480961595235,0.007439979259973231,0.030059593970342968
TRIT1 (54802),4.0003264355725126,0.10607304719829533,0.035948962552999994,2.950656699533694,0.003170991493667861,0.014693790580143714
PPFIA1 (8500),4.236729261304533,0.10599312399686003,0.03492216046532054,3.0351250490964476,0.0024043597521995258,0.011654638154508398
NUP155 (9631),3.608333989758265,0.10596169368018243,0.037770323396295706,2.805421933204166,0.0050250752339415896,0.021707517074328213
DGKD (8527),3.4440438033537046,0.10594839177264981,0.03866700891213227,2.740020362407891,0.006143537807793632,0.025655195630325554
GTPBP3 (84705),3.5758071040982355,0.10589933713376977,0.03794211996209837,2.7910759135113192,0.0052533149603433684,0.022531749399465884
PHC3 (80012),2.8088935009436495,0.10587121615424683,0.0427879312312402,2.4743242570453705,0.01334884787199575,0.048525432491434664
C1orf35 (79169),3.748080305352947,0.10578755847591094,0.03712737397474595,2.8493143239235734,0.004381357107527764,0.019314942584196526
PLK1 (5347),5.145840143441161,0.10553347610149018,0.03164338468101214,3.3350881128976186,0.0008527237492246169,0.00477132076267519
REEP4 (80346),4.2625997772579,0.1055118359509561,0.03483194998475676,3.029168220473744,0.002452280936262982,0.011848753682406175
RCC1 (1104),5.417335154921242,0.10542954862601119,0.03088618515701154,3.4134856114490852,0.0006413754520317576,0.0037216101238988913
C11orf54 (28970),3.3659533104026793,0.1053145268798896,0.03918246955339877,2.6877970704823633,0.007192509250950775,0.029240338878628844
SLC10A3 (8273),3.5232901330166833,0.10493548504009831,0.03832649552518179,2.737935822260404,0.006182613980462295,0.025761176945454357
TRAPPC6A (79090),4.140703054592903,0.1049269963021356,0.035470546101590776,2.958144371434695,0.0030949713282231164,0.014408087439494125
PPP1R37 (284352),2.9655155834218827,0.10470367249799496,0.041698444305373325,2.510973112838713,0.012039886677727629,0.04445451164493004
NDC80 (10403),4.306805035114335,0.10458260635443963,0.03461175942820794,3.0215917388240814,0.002514494332197366,0.012098842891666635
MIS18A (54069),3.8379013049775725,0.1045586133102329,0.036634479559177736,2.8541039634897363,0.0043158405180499125,0.019054030643949234
GAS8 (2622),2.9402275130152216,0.10444456107264419,0.041874003320362535,2.494257839967615,0.012622081960635545,0.04634256836986882
OGFR (11054),3.9718081934844984,0.10434069631191356,0.036068550096116966,2.892844210090568,0.003817706075379298,0.017239257386001475
AJUBA (84962),3.5463293465562726,0.10380032600428657,0.03882585152757844,2.6734848540425706,0.007506766591441368,0.03025631131391021
GTPBP10 (85865),3.338705428676852,0.10377389810267733,0.03936431792560963,2.6362427592112327,0.008382973445304538,0.033070324713700076
TTI1 (9675),3.5346748864124744,0.10369561353845044,0.03818032487336996,2.7159437192420572,0.006608715148483822,0.027280274429867784
TMEM134 (80194),4.32903604047973,0.10360569107611739,0.034616539115733994,2.992953476074859,0.0027629186367986768,0.013102116917754553
TXNIP (10628),5.319689207541759,0.10353399678951622,0.031377420742696345,3.2996337601654404,0.0009681107942412531,0.005330478308149609
ISCA2 (122961),3.745934267259908,0.1034907154360324,0.037174130158407585,2.783944506435913,0.005370222135828915,0.022961171428156252
RAVER1 (125950),3.4722501091493516,0.103462596154529,0.03844571689467518,2.691134527104079,0.007120947358481899,0.02905145714634454
CCNQ (92002),3.6007222817045386,0.10342897433170395,0.03790255527767865,2.7288127033644813,0.006356279416700335,0.02638250485618572
AXIN1 (8312),3.271426714624792,0.10326407476795195,0.039702841693107074,2.600924023679643,0.009297304209706328,0.03607200596679768
PARP14 (54625),3.009187249426161,0.10316010793687451,0.041524757442208265,2.484303685107535,0.012980505751885838,0.047440340465235334
SDC4 (6385),4.853404140448844,0.10315841541010164,0.03700257829301617,2.7878710124794646,0.005305566373614003,0.02272994067693516
TUBGCP4 (27229),3.027953041540706,0.10290734291904649,0.04122183037144429,2.496428275788883,0.012545103592376311,0.04609368221023052
WDR4 (10785),3.5177360937605537,0.10278522040035479,0.038216268485022714,2.689567152288487,0.00715447508897783,0.02914872249898739
INTS1 (26173),4.749267352255851,0.1026670126147292,0.032974586880487454,3.1135192985687374,0.0018487041922248598,0.009305989721048926
PKMYT1 (9088),4.420385668789724,0.10261096912190043,0.03417695414356504,3.002343880348987,0.0026790935092102135,0.01277643135961232
RRNAD1 (51093),3.8844145665800704,0.10247886138356328,0.036558759949927494,2.803127390642431,0.005060967460673774,0.021837486783280072
CDKN3 (1033),5.5249965278410365,0.10241955024098791,0.03060827676387173,3.346139053534635,0.0008194528999488604,0.0046126031921550886
SPPL2B (56928),3.8796795647597317,0.10239334675056623,0.03642769903179313,2.8108650689465735,0.004940850150220336,0.021411299354900687
TJP1 (7082),3.521634605478067,0.10230197057402998,0.038406685647507766,2.663650061162422,0.007729792701440124,0.030947967266063896
EME1 (146956),3.2407183161132918,0.10210823012699159,0.03983403198990576,2.5633415706666747,0.010367000226161167,0.039353363691673186
TUT1 (64852),3.360533439248563,0.10200505027718812,0.03919533491075971,2.6024793641752044,0.009255238490195923,0.0359273267088462
IFI6 (2537),4.517080940720878,0.10195532692627975,0.03582913409760303,2.845598407389381,0.004432806028935034,0.01952459002088891
RBM42 (79171),5.1547319431571434,0.10192256093165462,0.03167066755670839,3.2182005873149238,0.001289975714591521,0.00684619915405433
PRXL2B (127281),3.1015338483268415,0.10164452314620484,0.040780821914112066,2.4924589151311616,0.012686200644646201,0.04654390999740227
KRT10 (3858),3.0808696608009805,0.10155115439729337,0.04107738497608327,2.4721913154018957,0.013428762981332068,0.04873351852800827
NFKBIL1 (4795),3.2351036912426396,0.10146679404268155,0.03998886055067195,2.53737647548391,0.011168677486499376,0.0418436059417006
RCOR1 (23186),3.154135129082909,0.10137585372641052,0.04042684790073742,2.5076368549763024,0.012154150546264394,0.044810426150231335
THOC3 (84321),5.171327475712548,0.10137430572603463,0.031631160897861985,3.204887296213233,0.001351153756477983,0.007120651285452796
TRABD (80305),3.931385138751013,0.10117059380895807,0.03626182695590106,2.790002664013433,0.005270760786848718,0.02259369424470821
MED22 (6837),3.4221778962319336,0.10113345515950649,0.03875258136260868,2.6097217682919935,0.00906158901125947,0.03527572270722121
BLCAP (10904),5.01108051785497,0.10104898905976979,0.03217510791180078,3.140595187334502,0.0016860490663444109,0.00858777733656669
MPP5 (64398),3.0875432274685757,0.1009643523145306,0.04085535452526709,2.4712636443306093,0.01346365184494536,0.048813037508204316
NBEAL2 (23218),3.784015290572139,0.10088082003618075,0.03703269713236349,2.7241013441610584,0.0064476718208981865,0.02671761779598846
ESPL1 (9700),3.2305486166737474,0.1007706051365493,0.03982838635437705,2.530120207229406,0.011402345455168997,0.042528430768089424
PANK4 (55229),3.21037792737893,0.10071219623358094,0.04003047593648537,2.5158880547255205,0.01187328887203912,0.04397969088348119
MRE11 (4361),3.347779841410241,0.10062953913446726,0.03923120045045317,2.5650384892391145,0.010316436050116801,0.039226964066226284
GLUL (2752),5.6509305247183805,0.10045930077748448,0.030455710124602135,3.298537461989219,0.0009718991068455709,0.005348644462910922
PTBP3 (9991),4.024995489370402,0.10039456848776536,0.035829655678193316,2.8019964631942473,0.005078743041668363,0.021901624478343994
TTLL12 (23170),4.104955201862332,0.10010092686934022,0.03545519114919185,2.823308057997083,0.004753087690185422,0.020728973155515903
MRPL11 (65003),5.436871136305656,0.10009165293349606,0.03085617720422798,3.2438124875618515,0.001179413612072225,0.006315109326419465
WRAP73 (49856),3.6878152576079977,0.09998991960499395,0.03740363274449128,2.6732676017871615,0.007511630282258925,0.030267806434619116
MUTYH (4595),3.4135723963396547,0.09988027437446219,0.038896921247346866,2.5678195387064204,0.01023404184176366,0.039002379318940225
BOP1 (23246),4.77982577062577,0.09915924412136279,0.032861742320985016,3.017467642244921,0.002548962522817249,0.012233393977131843
SRC (6714),3.441015074725798,0.0990857467495246,0.03881424088339411,2.55281939036753,0.010685488948807905,0.04038529684093538
GID8 (54994),3.9982918494938886,0.09882196221359121,0.035947883592054454,2.7490342222937927,0.0059771145328748965,0.025085541216634782
MCCC1 (56922),3.877896990133243,0.09874616197777104,0.03653465674239084,2.7028079851424125,0.006875645313016418,0.028242140152783243
PAQR4 (124222),3.6654942574889797,0.0984447686622161,0.037473308254868436,2.627063722067464,0.008612520410970931,0.03380745684932654
SORD (6652),4.174491222927233,0.0984252196647715,0.03513417313176565,2.801409877945381,0.005087985024242668,0.02193519274348286
NCAPH (23397),4.40964969326666,0.09822187589181679,0.03415497494889385,2.8757706904714864,0.00403042395780795,0.01798391425539099
ZDHHC13 (54503),3.2564866004092115,0.09820526666710211,0.03983172974468237,2.465503439006757,0.013682086177847714,0.04940260826299417
CENPN (55839),5.482809191623388,0.09779866577687898,0.030648212212179067,3.191007198064737,0.0014177774798284476,0.007417204437238812
CDK11A (728642),4.123669671494255,0.09768077925976484,0.03539495088110745,2.759737669586747,0.005784779221137462,0.024400837723923256
GSDMD (79792),3.750593729832845,0.09766330148816231,0.037286202871983976,2.619287939388013,0.008811353781907248,0.03448375499452965
GTF2IRD1 (9569),3.5108791793536724,0.09747998224766383,0.03841471651384522,2.5375687000717715,0.011162545679380052,0.04183104913871787
PKN2 (5586),3.5599418951237563,0.09712876723624869,0.03804633392096531,2.5529073954409625,0.010682789500658048,0.040385238901231406
NOC4L (79050),3.3780055125939126,0.09710814149128019,0.03910102791812099,2.4835188909771952,0.013009143409903922,0.0475201679401346
PNPLA2 (57104),4.342435462866851,0.09702236571984738,0.03450425082953772,2.811896024033954,0.004925042095771484,0.021361252053323076
PLEC (5339),4.416594748379934,0.09690700511335831,0.034225907402312385,2.8313933060781626,0.004634569291310378,0.020300357949652386
HJURP (55355),4.171863965587702,0.09653215392854471,0.03512053292125986,2.7485959323273805,0.005985111779018047,0.0251121003421934
PGAM5 (192111),4.091988389795136,0.09605531930898165,0.03548387225033381,2.707013446315122,0.00678915075049731,0.027955545208533807
PTGES2 (80142),4.748705562817493,0.09584126429833466,0.03298219230523614,2.905848811121001,0.0036625837129838057,0.01663363554046313
FZD6 (8323),3.4907417638257585,0.09575579003208831,0.038594234404927236,2.4810905439249598,0.013098109709335571,0.04775240094176472
CENPS (378708),3.965067774912449,0.09542504659826508,0.03606721183145041,2.6457561245434267,0.00815085561815691,0.03231818005425006
PDLIM1 (9124),5.191328768050427,0.0953634112112986,0.03254007181157018,2.9306453828227412,0.003382586732273658,0.015511856133431715
CD47 (961),5.097232253188312,0.09511453126706436,0.031919064704133644,2.979865862258385,0.0028837463117388227,0.01358448560000699
NDC1 (55706),4.047251870726525,0.09482367865366198,0.03566122982205915,2.659013139109588,0.007836990662464753,0.03129388575038341
PGAP2 (27315),3.959137252189399,0.09467628711458248,0.0361199411292101,2.6211639375574185,0.008763011156893848,0.03432654669789764
POLD3 (10714),3.5168295205277254,0.09457090233421123,0.03821373338561624,2.4747883537023885,0.013331515307339536,0.04848792126636376
SLC52A2 (79581),4.797909218112716,0.09449077092082928,0.032835260045593555,2.8777226307823867,0.004005571582948815,0.017888937381136207
CDK2AP2 (10263),5.2147450243673275,0.0944707691117104,0.03153360006919504,2.995876427189113,0.0027365730685615735,0.013009313867165065
IER2 (9592),4.854158033629652,0.09446010731134531,0.032636751487204296,2.8942864411116322,0.003800213165424978,0.01717057275885412
BCAT2 (587),4.291540534924336,0.09444911565481257,0.034687561052282594,2.7228525958471037,0.006472092801926322,0.026796672619092857
RSF1 (51773),3.6824606793002483,0.09431764694308999,0.037365391426249416,2.5241980170139806,0.011596258833947905,0.043087670578379283
C17orf75 (64149),4.131217804881736,0.09425982585136528,0.03533795970778613,2.667381666367023,0.007644480409267162,0.030696250930833658
MCRIP2 (84331),3.7775182676142967,0.09416266287303948,0.037028950539153734,2.5429471130561376,0.010992186550923714,0.04133906799103374
ERG28 (11161),3.9232219761879623,0.09413024057176295,0.03631634734721771,2.591952314801684,0.009543299838593361,0.03686482397213754
AIG1 (51390),4.005075581325015,0.0941134751982827,0.035998012716685,2.614407521298011,0.008938235411129815,0.03487673495743236
PKP4 (8502),4.201974015971194,0.09409749752302651,0.03503631377915021,2.685713403418115,0.007237513979033652,0.029337802615161498
PIMREG (54478),3.6338249189936036,0.09367228476597587,0.03760822966288492,2.4907390112653944,0.012747772216541305,0.04672173788447783
MLLT6 (4302),4.174732504531595,0.09351810162780706,0.03513525812202555,2.661659729466525,0.007775643870319677,0.031081917553886784
MTG2 (26164),4.222257202430554,0.09344047280997336,0.034979442700398905,2.6712967845227493,0.007555880804437396,0.030397268070471946
GTSE1 (51512),3.8153916716241243,0.0931829251763797,0.036656297872954845,2.542071365180891,0.011019767090668774,0.04141955965542851
FAAP20 (199990),4.0952653178844844,0.09312723940310241,0.035501161622625184,2.6232166821198226,0.008710385611477748,0.034147071889081344
UCKL1 (54963),4.158654434774049,0.09308680771051009,0.03522213836238635,2.6428494134222498,0.00822115898653256,0.03252578441003652
LRRC8A (56262),3.762757258269501,0.09302834905602249,0.037019676052824475,2.512943358101718,0.011972855642077035,0.04426132333923614
MTA1 (9112),4.975961977551724,0.09275267814335864,0.03220634527164333,2.879950437127818,0.003977376913356975,0.01777885117004428
PIP4K2C (79837),3.944209676250124,0.09247070159347832,0.03617140363073966,2.5564587577932327,0.010574360529967032,0.04002561724122867
KLHDC4 (54758),4.075488944203118,0.09246853648231916,0.035568090836419375,2.5997610304019325,0.009328869897946165,0.036175312264887474
SPEN (23013),3.949333894532114,0.0922521470712575,0.03608453090227663,2.5565566397715638,0.010571385942708424,0.040024426998991176
KIAA2013 (90231),4.215652083969501,0.09178163920192794,0.03498698881663747,2.623307758291069,0.008708057278585816,0.03414684123367271
CEP55 (55165),4.269974195174549,0.09173608752990642,0.03472265363155537,2.6419664955139885,0.008242620927306096,0.03260212262677379
EXOSC4 (54512),4.494553763149708,0.09157188666688558,0.03389371952132186,2.7017361316535213,0.006897848070046759,0.02831015331749142
NELFB (25920),4.462666996961213,0.09133555913108016,0.03397494171502764,2.6883212897663635,0.007181226357571715,0.029202359939465957
OXLD1 (339229),4.196806291163815,0.09125758949595592,0.035112932979844684,2.5989737043139933,0.009350293558538043,0.036221554294995725
FADD (8772),4.0980924724257255,0.09121431912830913,0.035483016842233796,2.570647234812936,0.010150866745605511,0.03875410836193365
KDM2A (22992),4.463393244412105,0.09077123183933986,0.0340005690517752,2.6696974306846375,0.007591962542823884,0.03052610059308609
RAD51AP1 (10635),4.249453993506076,0.09054432390599286,0.034776671528728126,2.6035937289512168,0.009225203917877164,0.035819978877001245
ECI1 (1632),4.678581701274569,0.09014830123003185,0.03326179128382761,2.7102659763806325,0.0067229272526902395,0.027705604887421898
MAP3K11 (4296),4.121523500914166,0.09004313383604653,0.035365697322839916,2.546058487524711,0.010894693269802087,0.04105223013710048
RNF26 (79102),4.243887791796195,0.08986389851715906,0.03483054696044228,2.5800312185513254,0.009879138381951424,0.037909083421280576
DSN1 (79980),4.134714499263056,0.08985138078610297,0.03528763506118051,2.546256801577144,0.010888505336349316,0.04103919120508813
TKFC (26007),4.182323128944611,0.08961918370672342,0.035132273167089306,2.5509076307272815,0.010744279736637012,0.04057691589293185
EZH2 (2146),4.414953235766127,0.08960632301239808,0.03411012276190125,2.626971577847337,0.008614852939168275,0.033807792728932154
MZT2A (653784),5.644347204410773,0.08958769021374995,0.030278295328714015,2.9588089171186156,0.0030883053255042884,0.014385957253107593
ACOT8 (10005),4.0135653143527525,0.08924718388269576,0.03588000452989054,2.4873793928411194,0.01286880796180377,0.047121948063592
NADK (65220),4.79114089772357,0.08921793561532036,0.03276078217349737,2.723315186518818,0.00646303652273847,0.02677391176242374
CCNB2 (9133),5.414072265820141,0.08908192186230245,0.030845038868077424,2.888046996578641,0.003876419495137799,0.017445079183713144
IRAK1 (3654),5.919478137860235,0.08872083428746763,0.02951999577697186,3.005448745920131,0.002651892854609206,0.012659668728739783
BUB1B (701),4.680929773054386,0.08767722510235053,0.03312254851642357,2.6470555265056497,0.008119601955273916,0.03223417704988162
MALSU1 (115416),4.770777961129953,0.08759950812701892,0.03286173426979916,2.6656994852376155,0.007682833555647727,0.030832782957375984
DNPH1 (10591),5.285134976707679,0.08692700928888097,0.03127389839018372,2.779538649270719,0.005443617524046427,0.023235367167887246
DDX27 (55661),5.028959663373898,0.08690783703833653,0.03203461418985123,2.712935343103632,0.0066690117527316425,0.027498479263250282
TMUB1 (83590),4.402632675212713,0.08669365498070201,0.03422508060348406,2.533044581694184,0.01130765703218464,0.042248574051713464
VRK1 (7443),4.502442993788431,0.08653036551791879,0.03382985144861745,2.55781098091269,0.010533332931586072,0.039900434866224584
S100A10 (6281),7.492086356080869,0.08645891022569092,0.02872697599032303,3.0096766974294638,0.0026152590749858036,0.012519627121296978
ANLN (54443),5.00174313890238,0.08643825591396866,0.03207909786727403,2.6945351228891607,0.0070486897312762795,0.028834852011088336
CDC6 (990),4.804223562905545,0.08596840648874318,0.03268530039645789,2.630185601661461,0.008533826343256827,0.03355725044763505
PTPMT1 (114971),4.275460841354479,0.08552338741664485,0.03475875312170025,2.460484906268163,0.01387494080995046,0.049979018296986984
UBAC1 (10422),4.292668635459196,0.08548203242581276,0.03466717384409197,2.465791783612056,0.013671077807717254,0.04938656343215218
MMAB (326625),4.2996895407970115,0.08533082189565468,0.034676000005731906,2.460803491796908,0.013862627082330896,0.04994662046952841
DCUN1D5 (84259),5.326752528186774,0.0846701090601647,0.031117593254599618,2.720972292664352,0.006509021693885787,0.02692734132697431
WDR74 (54663),5.10441042430744,0.08439131388597478,0.0318191595160004,2.652216940033826,0.007996514514128476,0.0318210942553761
UBE2C (11065),6.747419024900156,0.08420955194965757,0.027656012314356434,3.044891323900076,0.0023276440126358553,0.01134858451526866
MYO19 (80179),4.855838998205534,0.08378145858497797,0.03256536997228176,2.572716313565273,0.010090387829216646,0.03859175782368929
TFAM (7019),4.501361828557658,0.08377142427061689,0.03378993173346165,2.4791829983976954,0.013168372534549517,0.047973688415213565
C20orf27 (54976),4.818711120523316,0.0829232481911849,0.03270219152852559,2.535709208321782,0.011221987576414443,0.0420224054441841
SLC7A5 (8140),6.095183973958085,0.0827984677668724,0.029140247641367894,2.8413783158565398,0.004491899058286262,0.019732879775467182
CDC25B (994),4.990144961277522,0.08261635919135077,0.03213413695845333,2.5709842246009775,0.010140994626390266,0.03872624496159085
CHCHD10 (400916),4.640030786425958,0.08255183500353248,0.033502199268048746,2.4640721148794156,0.013736846996267711,0.04955276909754111
GLRX5 (51218),5.30483311897081,0.0821751963202157,0.031188169048841696,2.6348195109346317,0.008418203305506059,0.03319189909188788
TBL1XR1 (79718),4.759311742512869,0.08178774682073928,0.032914820704812754,2.4848303915804224,0.012961317169417052,0.0473982590595439
CAPN1 (823),5.645251145398768,0.08152570318382704,0.0302684415765449,2.6934225529140403,0.007072257402078066,0.02890487553921844
MZT2B (80097),6.608743635890012,0.08096654356180348,0.02795933152189347,2.895868361459317,0.003781109740484413,0.01710480371477104
RNASEH2A (10535),5.124648724628156,0.08087492448166841,0.03168270626127165,2.552652030881857,0.010690624170202839,0.040394558328697115
BAD (572),4.821480190441476,0.08070388524256476,0.03269692616476908,2.468240740303079,0.013577896916351476,0.04912071098904167
GGCT (79017),5.790641470816276,0.08031897679111073,0.029867925942001022,2.689138072294608,0.007163678216055151,0.02916252771611629
C7orf50 (84310),5.135980409368601,0.07961358533593968,0.03167740740418628,2.513260770369057,0.011962087745869918,0.04424873632908125
HMGCS1 (3157),5.456184205812524,0.07952135271475401,0.030733178816107324,2.5874756786654527,0.009668202072298494,0.037263662235330015
BIRC5 (332),5.2374684517395576,0.07869445025433942,0.031312944589141245,2.513160333111221,0.011965494051269187,0.04424873632908125
PSMF1 (9491),5.739509599233436,0.0781847265058852,0.029957382339473558,2.6098650950174824,0.009057793479234365,0.035270072641966944
DUS1L (64118),5.48210912418329,0.07747142618739934,0.030681368376984645,2.5250316490288562,0.011568787011222301,0.04302124799081828
NOC2L (26155),5.598112143814184,0.0767356446630374,0.030328205939262498,2.530174215273856,0.011400590366815566,0.042528430768089424
RPA3 (6119),5.364116145431587,0.0765873752369153,0.03100796494500101,2.469925884293237,0.013514104817382851,0.048936996650383244
PPDPF (79144),6.296604247351173,0.07286432337469871,0.028662612671595266,2.542138227577121,0.01101765918059482,0.04141955965542851
CCNB1 (891),6.562821973033447,0.07095788740739635,0.027995881904354654,2.53458303795599,0.01125812410046168,0.04212055099381014
CKS1B (1163),7.296564043348782,0.06768330095699096,0.02656593332372606,2.547747904514348,0.010842078855058654,0.040894940700228755
TMSB4X (7114),10.588038391827295,0.055788959408083566,0.022103094081562868,2.5240339294677985,0.01160167304965994,0.043087670578379283
TMSB10 (9168),11.410529740914695,-0.05473564109423663,0.021136053758199904,-2.589681201629301,0.009606485001678445,0.03708034205624779
RPS27 (6232),11.961611646117708,-0.054980844564911875,0.020645586228918808,-2.6630798445383346,0.007742903925014012,0.030992214007917216
RPL3 (6122),10.324407153744142,-0.05926507162824015,0.022201977908653272,-2.66935999450488,0.007599594873785169,0.030548625292805675
ACTG1 (71),10.141210754514388,-0.06115656911609141,0.022379294436399605,-2.732729992444316,0.00628118007215923,0.026142914347360383
RPL26 (6154),10.899481216725418,-0.061259365911533546,0.021616925552865172,-2.8338611687273003,0.0045989306803567555,0.020155989227103918
RPL29 (6159),9.726069973729567,-0.06151229746503788,0.022881000499927168,-2.688356982695476,0.007180458708357814,0.029202359939465957
EEF2 (1938),9.258589659972424,-0.0616295685247409,0.02343637892751152,-2.6296540397883357,0.008547179985683422,0.03359479364278808
TOMM7 (54543),8.7831323771297,-0.06250521159124964,0.024066014793107063,-2.597239805950433,0.009397628917069148,0.03637682652076728
RPL9 (6133),10.17839471615779,-0.06317332287172892,0.022371981003395092,-2.8237697351049045,0.0047462470008606894,0.02071114628043792
RPL34 (6164),9.599385566811094,-0.06343803164327204,0.023030626521314324,-2.7545074201329944,0.005878055708129379,0.02473188651692244
RHOA (387),7.884628091484618,-0.0646373020160414,0.025360183245235816,-2.5487710948691276,0.01081032302057229,0.04079561579321061
PFDN5 (5204),8.536035529747902,-0.06483602504480233,0.02441477432940004,-2.655606157568592,0.007916601186450031,0.0315615213172568
TPM4 (7171),7.444184317025205,-0.06817065020375843,0.026102753057990032,-2.6116268292585882,0.009011255621451695,0.03511736825212432
ATP5MC2 (517),8.454715130052112,-0.06821717323608817,0.02451903904052318,-2.782212350302313,0.005398970157484651,0.02307097557214259
WDR1 (9948),6.431583864944669,-0.07039259725006532,0.028037084117485702,-2.5106960821993627,0.012049338349072054,0.044467585185219066
ATP6V0E1 (8992),6.716209079973541,-0.07050101079563881,0.027508047084374408,-2.56292315406447,0.010379501899802678,0.03936727642662745
EIF3L (51386),7.435535183278074,-0.07074209359507515,0.026139724179360745,-2.706306046294524,0.00680363123134345,0.027992189091275235
TMA7 (51372),7.946308955677811,-0.0711041777002388,0.025280668286617868,-2.8125909051968088,0.004914413022835977,0.021339757097140005
TRAM1 (23471),6.0409980409264765,-0.07170841344142075,0.028978286308760846,-2.4745567311115124,0.01334016320154042,0.048505581326819036
TRAPPC1 (58485),6.582456785743532,-0.07252897184405271,0.027757537433606667,-2.6129469164018952,0.008976524340531557,0.035007979582073044
CDK2AP1 (8099),6.064230073818659,-0.0730046905724077,0.02889372865060536,-2.5266621506420965,0.011515221739244044,0.042864430056572464
DECR1 (1666),5.756617897563167,-0.07341501943347285,0.029687022051439357,-2.4729667834741065,0.013399659668555778,0.048651370505089345
VKORC1 (79001),5.8946136025712095,-0.07367245472195076,0.02929241398503485,-2.5150694223968415,0.011900894708324035,0.0440710956882706
MGST3 (4259),5.900622917136799,-0.07424955400255516,0.02932306213488661,-2.532121429235661,0.011337472129836866,0.04233894407186038
MYL6B (140465),5.577663866577465,-0.0748395350185856,0.030105037805382224,-2.485947219279216,0.012920712718342829,0.047288991379271755
LDHB (3945),8.54968648995583,-0.07512175054314309,0.024370917586060425,-3.082434228332499,0.0020531509660870174,0.010188558521024162
PEBP1 (5037),6.879127222537399,-0.07578387040041097,0.027139486485221128,-2.7923840947277783,0.005232120835972374,0.02246646406907544
TLN1 (7094),5.575707556586251,-0.07614135317005671,0.030099443433880897,-2.5296598369772374,0.011417315751523898,0.04257371320878031
RHOC (389),6.954208298983075,-0.07682673033563087,0.027019257188165238,-2.8434064563877763,0.004463410934815309,0.019630657972882527
OAZ2 (4947),5.550621590255179,-0.07734666943808226,0.030166706616704092,-2.5639745969237953,0.01034811180198793,0.03930767234857622
SH3BGRL3 (83442),7.112921087456123,-0.07764243188046269,0.02672371640335897,-2.905375536416919,0.003668127033288888,0.01665378374860127
SDCBP (6386),6.049821402962991,-0.07785289232488843,0.02894466365711208,-2.6897148727364453,0.0071513091620294825,0.029144092880615532
PLOD3 (8985),5.2915277036301855,-0.07793834143139781,0.030932290316155128,-2.5196434093563598,0.011747377577677376,0.04355619591762785
CCDC167 (154467),5.0930739764667665,-0.07899792167997417,0.031539340011605216,-2.5047423836677014,0.012254061071511753,0.04513454170917157
NUCB2 (4925),5.351381261855864,-0.0795653319490829,0.030766389041758796,-2.586112131686626,0.009706534736756466,0.037370655488546005
PRKAR1A (5573),5.988029144866396,-0.0796766861063223,0.029040311917376396,-2.743658068584567,0.006075878854716506,0.02543619177742475
CORO1C (23603),5.526093557115277,-0.08022426881002548,0.03022515349153422,-2.6542220482849004,0.00794914986526657,0.03166611301901001
CUEDC2 (79004),5.203406256745558,-0.08030561189361457,0.031181328464733614,-2.5754390799750886,0.010011290738402645,0.03834772923879995
LITAF (9516),5.178948782546627,-0.08033539439794794,0.03132918355064515,-2.564235172872663,0.010340345562243973,0.0392907158494635
MPDU1 (9526),5.316129580034263,-0.08072508634288145,0.030836172673227493,-2.6178698374253297,0.008848054857091586,0.03459663029620583
BNIP3L (665),4.645131979807741,-0.08149461831482838,0.032999899616831134,-2.4695414004612064,0.013528636311256467,0.04896604809698456
ASAH1 (427),5.4252467409181975,-0.0815466124341638,0.03055755592091554,-2.6686235196692585,0.007616276791376721,0.030599332604286822
PFKM (5213),4.999696952887087,-0.08179400361921274,0.03177050716867457,-2.5745262165616567,0.010037747910831616,0.03840995805350267
ESD (2098),6.198045417540844,-0.08196362513803901,0.028586346309465684,-2.8672298394040907,0.0041408217043636016,0.01840871678031893
EIF2D (1939),4.725697169482024,-0.0826095761116095,0.03272866231615163,-2.52407432096122,0.011600340088053865,0.043087670578379283
MPV17 (4358),5.34717208459898,-0.08348835024243749,0.03078290610656808,-2.71216596488347,0.006684511534762243,0.027554838507406223
PHF23 (79142),4.456788302415189,-0.08354017014907471,0.033644982975940534,-2.482990412235136,0.01302845942320195,0.047567629333049394
RBM3 (5935),7.122447671549965,-0.08396582509604679,0.026647640857972887,-3.1509665543591443,0.001627311235842904,0.008339415822374774
RNASEK (440400),7.18324386298624,-0.0839989996954102,0.026569428142357205,-3.16149068942505,0.001569638362875253,0.008085169054372152
C12orf75 (387882),5.066184762931526,-0.0843677993536373,0.0316503368645855,-2.6656208973257063,0.0076846295420816115,0.030832782957375984
FBXO7 (25793),5.330770075572533,-0.08448857391167527,0.030791586648231582,-2.743885038367375,0.006071679695218356,0.025432765226685798
CYB5R3 (1727),5.621572304925914,-0.08500965777110212,0.0299805980993581,-2.835489054933905,0.004575558286508794,0.020059396846972992
CNP (1267),4.663737206736479,-0.08502085148816091,0.03286440284002951,-2.587019514762148,0.009681010915600889,0.03729147215466743
TEX264 (51368),4.686745324558593,-0.08514015985481208,0.03285838032293287,-2.5911246695075274,0.009566282902808853,0.036944120265827
ELP2 (55250),4.662853797837835,-0.08524732973351773,0.032947662980812635,-2.587355885701583,0.009671564332367601,0.03726462405756797
OST4 (100128731),8.280021230263145,-0.08547797610578317,0.024757579379256496,-3.4525982850085155,0.000555215168977064,0.003282423352624324
ERCC1 (2067),5.004050078530518,-0.08555556023545771,0.03180846362686927,-2.6897105512253403,0.007151401762277851,0.029144092880615532
RAB13 (5872),5.71388792562966,-0.08603191442139152,0.029841787484174893,-2.882934357300623,0.003939895340505238,0.01765852406709616
ARHGAP17 (55114),4.125096407990521,-0.08649371344488199,0.03496502739146148,-2.4737207403419315,0.013371417131485886,0.04857966643827417
EID1 (23741),6.192889021999334,-0.08677767470925253,0.028561585701312703,-3.038265298598746,0.002379443737158378,0.011556200926173323
MTFR1L (56181),4.26029595944893,-0.08721897906832111,0.034417320117378504,-2.5341595095395357,0.011271740983492866,0.04215392983166538
QSOX1 (5768),5.450095314678562,-0.08744214736178818,0.030485829008484535,-2.868288322992696,0.004126992529283478,0.01836035765688918
OSTC (58505),6.581061055251816,-0.08747169998422274,0.027750590180173416,-3.152066295394231,0.0016211946062925277,0.008316568034871248
YPEL5 (51646),4.442248633768948,-0.08747202563693662,0.03378763293076973,-2.5888769957979973,0.009628948257979882,0.03715751615531298
BLVRA (644),4.722898617159519,-0.08747563128353553,0.0327421419411119,-2.671652680538252,0.00754787266340442,0.03038724365566746
FAH (2184),4.086639551700968,-0.08755543844499689,0.035209132083909925,-2.4867252687835633,0.012892491758144857,0.04719718515645925
C5orf24 (134553),3.9586293948498454,-0.08792993207671465,0.035666473416589586,-2.4653385561751584,0.01368838456388209,0.04941349187815977
MAP4 (4134),5.416226245899397,-0.08811838996851441,0.030525703671734485,-2.886694797149208,0.0038931167046601747,0.017500996097495367
RETSAT (54884),4.144002501929732,-0.0882102819385019,0.03494630126010676,-2.5241664713512635,0.011597299537266922,0.043087670578379283
SMIM29 (221491),3.9950800007642613,-0.08822432313463466,0.03559183231151952,-2.4787800291495614,0.013183258133929343,0.04801629191069981
PTP4A1 (7803),5.361285765870936,-0.08841465654511743,0.030710746485493542,-2.8789484679859796,0.0039900352606426735,0.01783013677803079
CDC16 (8881),4.726355603619053,-0.08845152979001542,0.03270848979351302,-2.704237656596354,0.006846130528508798,0.0281439562655583
ARMCX6 (54470),4.204793455177544,-0.08856177578610797,0.03463136516278971,-2.557270710230758,0.010549708187392514,0.039952406087970745
UTP3 (57050),4.559223783819027,-0.08864921520559473,0.03329559567271468,-2.662490741327738,0.007756470341676838,0.031030006051813275
TIMM21 (29090),4.320724756744872,-0.08872495186884626,0.03414605848085009,-2.5983951242456076,0.009366065071396146,0.036273311470843346
TUBB6 (84617),5.442926650682882,-0.08881127606535906,0.03055243774282703,-2.9068474605176076,0.0036509118277774245,0.016585633864957466
CD63 (967),8.430845836724,-0.08888849658255327,0.024525135606661527,-3.624383489990137,0.0002896515566207223,0.0018521450577625958
ZC3H7A (29066),4.489886523976067,-0.08892845174808661,0.03352404147526296,-2.6526769397331167,0.00798562612338885,0.03178617213029329
CLIC4 (25932),5.692060479319732,-0.08895228202097918,0.029785809354431984,-2.9863980180126792,0.0028228497385679565,0.013343574353281016
QKI (9444),4.373777965912395,-0.08923494390383896,0.033926895373304296,-2.6302124884098395,0.00853315140314876,0.03355725044763505
PBXIP1 (57326),4.20296672976316,-0.08946208307109149,0.03469503129098209,-2.578527234081049,0.009922247808874326,0.0380453976891751
KIAA0930 (23313),3.9530306799589057,-0.08954055688750596,0.035744431909619276,-2.505021120881473,0.012244408138387812,0.04511003057056391
GLT8D1 (55830),4.848453846069374,-0.08961198086177677,0.03227680920515471,-2.776358105666326,0.005497162409924818,0.023429642863615846
SEC31A (22872),5.757011858310756,-0.08987440655683594,0.029643437257437677,-3.0318483574061923,0.002430612773736552,0.011766730950334672
QDPR (5860),4.191734259246042,-0.09116137645815989,0.03467029335675074,-2.6293800147615314,0.008554071206171646,0.03360667687877417
TCEAL9 (51186),5.460986811110895,-0.09160494015610758,0.03169501549631038,-2.890200200936053,0.003849965560823821,0.017353679397290357
WDR41 (55255),4.469868590144643,-0.09175894132248419,0.033602989708595966,-2.7306778985505376,0.006320421087941074,0.026271034140479592
PJA2 (9867),4.333496709421763,-0.09188800517275623,0.034113832724145435,-2.6935702568453648,0.007069124508580523,0.028902730259810477
CIRBP (1153),7.732227370612484,-0.09243952218864869,0.02559215402818363,-3.612025861006021,0.00030381425917788745,0.0019319686242595445
EIF2AK4 (440275),4.229859250633345,-0.09266060163885187,0.034559643034019503,-2.6811793613620223,0.007336318248985593,0.029720582760968565
C5orf15 (56951),5.094691533896899,-0.09267999166640008,0.03149090369541838,-2.943071833149206,0.0032497300413014654,0.01501702647463816
GTF2H2C (728340),3.876313761895258,-0.09304654877625258,0.03603084950710545,-2.582413405432013,0.009811198048105858,0.03772534777199099
CALU (813),6.70875203225422,-0.09316609965460475,0.027429475993944703,-3.396568701318683,0.0006823642579250677,0.003927640636855611
ATOX1 (475),6.785261909561725,-0.09326350897479536,0.027317391148130553,-3.414070855780743,0.0006399992916265938,0.003717926386800668
VPS37A (137492),3.7324945474335207,-0.0933534693723401,0.03675149858639587,-2.54012687817025,0.011081226110440335,0.04159883434572986
CD59 (966),7.128976243647073,-0.0933870516508763,0.026663500394917942,-3.502430298636853,0.0004610343923472583,0.002785832717773835
SERPINH1 (871),6.157799889227345,-0.09345560353987119,0.028722032047292408,-3.2537949747424344,0.0011387443314399108,0.006127878115466701
TPP1 (1200),4.788126677942467,-0.0939211212017871,0.03249560053503924,-2.8902719031308304,0.003849087467334895,0.017353679397290357
CD81 (975),7.105905757253265,-0.09457956664388203,0.026686760448482366,-3.544063237891455,0.00039401072772348486,0.0024303082604069997
FBXL5 (26234),4.132755916603451,-0.09523040142266391,0.0349194247683262,-2.7271469119114187,0.006388458868737932,0.026501448067006043
PPIP5K2 (23262),3.834629330677283,-0.0954259594270036,0.036219485088492154,-2.6346580906342827,0.008422207313685183,0.03319898644005954
TMEM131 (23505),3.4065795642089887,-0.0960853952226496,0.038414966489946446,-2.5012489662797455,0.012375614436027678,0.045537660749443
LAMC1 (3915),5.13801547865555,-0.09658063124969367,0.03137197805953046,-3.078563648948924,0.002080010922746821,0.010304854904066074
PEA15 (8682),6.291398123841348,-0.09702656763363483,0.028336156621615947,-3.424125894321854,0.0006167804063726838,0.003598324154433269
GLMP (112770),4.255294777405144,-0.09714822165358199,0.03452703837143241,-2.81368533867539,0.004897714369408799,0.02127952942596731
STXBP1 (6812),3.2619896216380493,-0.09746017832892848,0.03924655544371915,-2.4832797993874793,0.013017879119750567,0.04754053622227355
SPAG7 (9552),5.315276573496856,-0.09746452014167908,0.0308418809939606,-3.16013540681142,0.0015769583242799467,0.008120094095522272
PHLDB1 (23187),3.449414405691289,-0.0980415090198878,0.038298140727932396,-2.559954795622288,0.010468577927063275,0.03968511551791233
HGSNAT (138050),3.356303371756329,-0.09813841538146563,0.038727254207607024,-2.534091749840316,0.011273920885459358,0.04215392983166538
NDST1 (3340),3.714077683133354,-0.09835119477583507,0.03680773302419998,-2.672025324438539,0.007539495828657469,0.03036382608082984
LRRFIP2 (9209),4.186832161026892,-0.09842917395631691,0.034709537831892665,-2.8357961558876137,0.004571161162401776,0.020045960609005282
STRADA (92335),3.929768617127166,-0.09853068767993914,0.035784246659863135,-2.75346547368998,0.005896798965728882,0.024789951729074253
CAMK2D (817),3.3383726208461817,-0.09859990732958353,0.03885159275824752,-2.5378601063569644,0.011153255759458412,0.041806648270256916
MVP (9961),4.5543106720237745,-0.09869697516373577,0.03343108348709288,-2.952251762998972,0.0031546560495999154,0.014631613724500718
GSTO1 (9446),6.712476096414568,-0.09891399077801134,0.027480911118766133,-3.5993708633068238,0.0003189879927519592,0.0020199887790176676
MYADM (91663),3.996967979011836,-0.0989194283890812,0.03570485864371817,-2.77047528394248,0.005597454820626607,0.02378404553265968
COQ10B (80219),3.6134036103747116,-0.09898788130609312,0.03738845496797421,-2.647552068971106,0.008107687301885574,0.0322038709461907
CASP3 (836),4.048306858696431,-0.09904810780239597,0.035262141870020705,-2.808907869734511,0.0049709869955194405,0.021516250439902528
SCOC (60592),4.579889171346112,-0.0992633430273911,0.0332168681506095,-2.9883414227168705,0.0028049601716832085,0.013267346979926297
IFTAP (119710),3.374123102629701,-0.09935116905648461,0.03872786319295717,-2.5653666602125376,0.010306682695581718,0.03921942228457848
HS1BP3 (64342),3.161366039384441,-0.09955103675987315,0.039949338750934364,-2.4919320287258766,0.012705034848072515,0.04660164659290567
RSU1 (6251),4.637761718494671,-0.09974339539114965,0.03297316802347678,-3.0249867201153586,0.002486440444997213,0.011983018236844353
YBEY (54059),3.553733169368604,-0.10038423711849237,0.0376992533492944,-2.6627645961155677,0.007750161111871407,0.03101301172585564
NTAN1 (123803),4.128331017250997,-0.10049132582450244,0.03493549278391867,-2.876482276808189,0.004021347774346425,0.01794873883500929
JADE1 (79960),3.006803133125379,-0.10055240102854861,0.04084959510466935,-2.4615274832198977,0.01383467978425613,0.049869811220392364
MICA (100507436),3.8044114677783165,-0.10067729536507192,0.036487660249399465,-2.7592148873598696,0.005794042138436146,0.024426214069742293
FADS2 (9415),4.486670212427029,-0.1007097892609562,0.034252529552710485,-2.9402146520587937,0.0032798494434042795,0.015137611878975703
SORBS3 (10174),4.307358396596382,-0.10104402048723166,0.03423435822447312,-2.9515383295544972,0.0031619529946994504,0.014660938292218161
PHPT1 (29085),6.745442937156621,-0.10121714391515008,0.02739214819130633,-3.695115228212521,0.00021978708856266451,0.0014434380333975775
TCTN3 (26123),4.167501751165691,-0.10139487034020556,0.03479863607166098,-2.9137598994225717,0.0035710444427746405,0.016276866006054904
FAM200B (285550),4.373991018496348,-0.1014981991299941,0.033961817403627054,-2.988597398181473,0.0028026115807183627,0.013260406869021536
RASSF3 (283349),3.472999349851455,-0.10189291073348916,0.03807673473166405,-2.67598867002523,0.007450916390577904,0.030095701479902055
CD99L2 (83692),3.8082720928735996,-0.10190499519041196,0.036327432569027165,-2.8051802173681923,0.005028845382504423,0.021717568204696197
C4orf3 (401152),4.3476194800772126,-0.10248776567160973,0.03407461629842974,-3.0077452604017343,0.002631936543212572,0.012579452741161484
VAT1 (10493),5.473114700937212,-0.10266768735671565,0.03037963223446761,-3.3794907905512,0.0007262024035367198,0.004152961369674453
GALNT11 (63917),3.5530318428158467,-0.10269703352559942,0.0376604597648456,-2.726919272012251,0.006392867740893505,0.026512427792029683
MAP2K4 (6416),3.0651406095493297,-0.10271574282334016,0.04050403945947347,-2.5359382470015843,0.011214650807325763,0.0420053861207427
IER3IP1 (51124),3.749337714590508,-0.10276313064266755,0.03667216675965116,-2.8022104970283213,0.00507537459802942,0.02189337333771521
EPB41L2 (2037),4.114656786388423,-0.10285768198268745,0.035046948307223665,-2.9348541585141965,0.003337044925989186,0.015354488671692137
HPS5 (11234),3.1386564481862167,-0.10307464885001823,0.040030607532031234,-2.574895941000674,0.010027024834576513,0.03837868625312598
FADS3 (3995),3.940019040486311,-0.1035128032798956,0.03585987821924877,-2.8865910432549176,0.003894400571727775,0.017501538531127868
AKR1B1 (231),6.174639338261496,-0.10396934181943587,0.028696104063856063,-3.623116977415397,0.00029107410369366395,0.0018596607066559947
ZBTB38 (253461),3.396477116569794,-0.10402412390947034,0.03850018010389699,-2.7019126567395206,0.0068941870415295085,0.028302848083725237
FAM114A2 (10827),3.2184735027312845,-0.10409770206163813,0.0395139358018301,-2.6344554129891766,0.008427237116492505,0.033210112533982775
RHOB (388),3.893042335854946,-0.10436594506038055,0.0361070585232087,-2.890458246364676,0.003846806285079254,0.017353679397290357
FAM210B (116151),3.497122891575642,-0.10455373918122329,0.038018450132296024,-2.750078943707562,0.005958090866869877,0.025016235522095486
SHC1 (6464),5.756885605021479,-0.10492159854563643,0.029589191872757128,-3.545943363266981,0.0003912102783546506,0.002415326158442377
COMMD1 (150684),4.334820496282791,-0.10506025726377594,0.03412342786077883,-3.0788306993193757,0.0020781474201722362,0.010299025923182381
MAN2B1 (4125),4.478216726716527,-0.10520926612970276,0.033619480421862344,-3.1294138044229394,0.0017515545248605908,0.008894326487024115
ME2 (4200),4.280845969323868,-0.10523568781432965,0.03427915892360527,-3.06996119854803,0.0021408658233726305,0.010557675246956603
MOK (5891),3.327526593065495,-0.10530728706177178,0.03914093245355731,-2.690464443756525,0.007135263818602511,0.029101973275872425
SCARB2 (950),5.065142112669925,-0.10549908732931783,0.031560917936377275,-3.3427128939022097,0.000829636884602588,0.004662949781744692
EXTL2 (2135),3.0653535021375897,-0.10586101433794899,0.040441238896247615,-2.6176501320727694,0.008853753125452685,0.034609916738259576
CKAP4 (10970),4.788756296909414,-0.1061346670714636,0.0324936726451244,-3.266317976136467,0.0010895582939985072,0.00589700643124721
C4orf46 (201725),2.9532159895406007,-0.10631461812654774,0.04118778080781486,-2.5812174397698047,0.00984525495202792,0.03782729979780697
KLHL20 (27252),3.081164620636017,-0.10640971737205326,0.04035216601631319,-2.637026159364902,0.008363638158063012,0.03300270121327461
SREK1IP1 (285672),2.9918531136061652,-0.1064853026755225,0.04117536313923292,-2.5861411911643986,0.009705716392532825,0.037370655488546005
CREM (1390),3.872174264867114,-0.10660288869387335,0.03604403314335455,-2.9575738172776536,0.0031007049742618636,0.01442585251785529
NRSN2 (80023),3.5161701085008907,-0.10674687844773612,0.03795956230204823,-2.8121208985061523,0.004921600087110814,0.02135863712450802
USP4 (7375),3.7810531000072207,-0.10679828153395646,0.036478144801935314,-2.9277333623690858,0.0034144272164873452,0.015645214930255523
BMP1 (649),3.2099634376785704,-0.1068966902183909,0.03968964520718814,-2.693314330737101,0.007074553653958773,0.02890487553921844
DPH3 (285381),3.06571238767629,-0.10706203054498899,0.040529409385746576,-2.6415887171215644,0.008251819257643874,0.03261596500028585
DNAJB4 (11080),3.372302902434072,-0.10708686382287981,0.03864855342901294,-2.7707858204724207,0.005592119689894932,0.023768088376881116
UGCG (7357),4.062953683766673,-0.10725348666363227,0.03528873399908687,-3.0393123954633103,0.0023711883422245787,0.011527269724430052
ECI2 (10455),4.926579149812999,-0.10750018603255285,0.03197789399252729,-3.361703120839474,0.000774633596940234,0.004399825254648078
CCPG1 (9236),4.162660233531365,-0.10756526439470677,0.03485893035626309,-3.0857304941768118,0.0020305277635701666,0.010082944135536873
IER5 (51278),3.2157291679062525,-0.10768219299412463,0.03964731304840267,-2.716002289049522,0.006607546119703879,0.027280274429867784
GNS (2799),4.838170185380399,-0.10769453856777875,0.032262726955462034,-3.3380482287330713,0.0008436910390936244,0.004724293030964895
GALNT1 (2589),4.361919094363393,-0.10784132818746081,0.03398649149939306,-3.173064456782385,0.0015083903243954416,0.007812475325595117
SSH1 (54434),2.786436466133125,-0.10787140386926361,0.04237906628169297,-2.5453935948528015,0.0109154625263332,0.04111703552656121
MAGED1 (9500),5.3511572096171545,-0.1079778433800803,0.030694966239205226,-3.517770390708732,0.0004351887372517023,0.0026445273589212896
NME4 (4833),5.509778714383511,-0.10800191365024284,0.030261886007311667,-3.568908878453516,0.0003584710668997533,0.0022370616642777637
NAGA (4668),3.4036047588136653,-0.10813193144435947,0.03844790451730569,-2.8124271739097892,0.004916915626602598,0.02134446408478439
ACTR8 (93973),3.253213356083048,-0.10827371630038905,0.03931719432317779,-2.7538515441973153,0.0058898477879446775,0.02477457361403847
CAMTA2 (23125),3.92288843628333,-0.10832390662594761,0.035841786052676496,-3.02227981794056,0.0025087852132624363,0.012075234267033467
ZNF561 (93134),3.602761883011981,-0.1085042779684094,0.03737543429312055,-2.9030907605635794,0.0036949953661944497,0.016760597009273952
CHPT1 (56994),3.8484475045996858,-0.10892434332503893,0.036173885936732014,-3.011131939641408,0.0026027573090062223,0.012479632400034297
CALCOCO1 (57658),4.236782205059223,-0.10952776745656866,0.03452018751005425,-3.1728613126643044,0.0015094461020381204,0.007815253286739697
MBTPS2 (51360),3.0067943017477834,-0.10960019805427992,0.040808726957265604,-2.6857049025090127,0.007237698105016035,0.029337802615161498
FHL3 (2275),2.782579028992466,-0.10967250676180938,0.04260629371585194,-2.5740916938993226,0.010050363376480766,0.03844845343568004
KCTD20 (222658),4.201728845322857,-0.10972152834612464,0.03457360859269841,-3.1735630966012818,0.0015058016844816948,0.007801753493357983
ABL2 (27),2.718942584951389,-0.10980379262278897,0.04290398207955194,-2.5592914060795655,0.010488577999655996,0.03975091803093806
C2orf76 (130355),3.2205738299879973,-0.11036542655943007,0.03958556475578357,-2.788022028744843,0.005303093766015553,0.022725818514232415
CREBL2 (1389),3.1769996648819183,-0.1103689151870736,0.039786104746301766,-2.7740568193555744,0.005536200795489764,0.02358371380774037
RAPGEF2 (9693),2.931883600571957,-0.11041556708248403,0.04129762627234254,-2.6736540825454296,0.007502979979420569,0.030249152403633947
CLIP2 (7461),2.75116309726711,-0.11063880135027689,0.042755912736053836,-2.5876842352375027,0.009662350947160213,0.03725774791157677
CTSB (1508),6.672664779095689,-0.11076082051259338,0.02754075528976086,-4.021705989805304,5.777814881441975e-05,0.0004375088208665121
SHOC2 (8036),3.5223245295243713,-0.11079675270597727,0.037819384035766734,-2.929628695200166,0.003393672505927145,0.015557951408951805
RGS10 (6001),4.349589466828218,-0.11111640432798386,0.034164455933134656,-3.2523978881869673,0.0011443570519753593,0.006147088969661284
ZFYVE16 (9765),3.0086194179943178,-0.11137829929518804,0.04085828534232129,-2.725966064459921,0.006411358974259335,0.026574464773197234
MTMR6 (9107),2.8968562072599258,-0.11138466393270463,0.041605573009822386,-2.6771573103057267,0.007424976454599403,0.030015098263273136
RCBTB1 (55213),2.988259213988579,-0.11147412074774615,0.04096102350930455,-2.72146814696718,0.006499264829177797,0.02689437255770328
HACD1 (9200),2.952346894115951,-0.11153354789789752,0.04158731499915082,-2.681912691410228,0.007320256186706037,0.02966349975361676
ST6GALNAC6 (30815),3.371479743103147,-0.11163063689687305,0.03865474454309819,-2.8878896553671503,0.0038783590236289023,0.017445079183713144
ATP6V1B2 (526),4.797923998390687,-0.11171473231054131,0.03237152342980309,-3.4510186878536055,0.000558474897761248,0.0033003980014594415
ABCB10 (23456),2.9334087227670906,-0.11171681490208839,0.04136159191386428,-2.7009795738698648,0.006913558433488255,0.028359160357214912
GNAI2 (2771),6.113573686363696,-0.11203413389363077,0.028714721091371173,-3.9016270970257567,9.554827165865812e-05,0.0006858870684046613
TACC1 (6867),3.7270433480045035,-0.11204181305050435,0.03668956210194237,-3.0537789668678763,0.002259785102051773,0.011057146876575927
TBC1D16 (125058),2.846423417823142,-0.11221741759474217,0.041991599085473716,-2.672377809816771,0.007531579819277594,0.030340066923922535
HEXA (3073),5.626100995783871,-0.11228403412760563,0.029975149229563666,-3.74590409100826,0.0001797452583088855,0.0012035812890589636
ZFYVE1 (53349),2.478077328477278,-0.11245962083759854,0.04499433281003952,-2.4994174558024693,0.012439767548019101,0.04576252873532895
ARHGEF11 (9826),2.84929442515294,-0.11257040178577137,0.0419017093526318,-2.6865348341380004,0.007219741963989195,0.029311451049698175
EXOG (9941),2.383650780787326,-0.11265518418803604,0.0457699467001108,-2.461335271508265,0.01384209462777244,0.04988458820825488
SEPTIN6 (23157),3.2919392217211674,-0.11269273683898275,0.03930444356701152,-2.8671754797100473,0.004141533052065637,0.01840871678031893
RGS3 (5998),3.5312964868274963,-0.11283168088862641,0.037790063245393274,-2.985749988189844,0.0028288381521225504,0.01336768179548866
WDFY1 (57590),3.90631889118626,-0.11284981347133777,0.035881455279869245,-3.1450734813047134,0.0016604511826025213,0.008486123808912206
POLI (11201),2.6902762202195802,-0.11290900908904732,0.04320006931901868,-2.6136302758046623,0.008958592264780336,0.034947103763516965
STARD4 (134429),3.444186435598641,-0.1129554485318096,0.03822479307875395,-2.955031000405659,0.003126376348199043,0.01453479642162807
SLC4A7 (9497),2.947636507138865,-0.11299099678304103,0.04120432055742691,-2.74221235187131,0.006102687459356647,0.025525903329427717
TTLL3 (26140),3.0040004932801403,-0.11303469258065446,0.04091361139155,-2.762764975667727,0.005731401942354308,0.02423683913003455
ICAM3 (3385),2.5609027878213046,-0.11306969622583654,0.0447856860085965,-2.52468380643166,0.011580242917995354,0.04305320853574453
ZYX (7791),5.322593627872003,-0.11314906842043092,0.030819430330323916,-3.671354960416029,0.00024126798236870982,0.001572841448318721
TBCK (93627),2.3821610701022276,-0.11321193845331927,0.04588991211222898,-2.467033237641568,0.013623771094515857,0.049251143654033054
PSEN2 (5664),3.0005953016213627,-0.11331243849593263,0.04094040481355494,-2.767741037538937,0.005644628771897233,0.023943920073855592
TCAF1 (9747),3.8675154470197746,-0.1137807517826143,0.03601907986164362,-3.158902232363197,0.001583646068341603,0.00814188177345409
PPP1R18 (170954),4.767297034636682,-0.11386745370331113,0.032554909643374916,-3.497704492215776,0.00046928079222540104,0.0028277127752596655
P4HA2 (8974),3.965142409793331,-0.11387455248911153,0.036040824142603206,-3.159599015786725,0.0015798640749912307,0.008127042026991797
AFAP1 (60312),2.429483954305412,-0.11395251527012144,0.045882911927372226,-2.483550203842689,0.013007999713158988,0.0475201679401346
SHFL (55337),3.134266123072967,-0.11407375888554125,0.040164673833783984,-2.8401515062121483,0.0045092112113562215,0.019797371428673972
SPATA20 (64847),4.145844730107836,-0.11436194285516414,0.034891206346929986,-3.2776723658689613,0.0010466680540230089,0.005693480672751335
TPST1 (8460),2.9394424630109617,-0.11444823746201191,0.041345872431483376,-2.7680692347626885,0.005638947506577439,0.023937021948697953
MINDY3 (80013),3.1241804173285495,-0.11455739927622974,0.04014175339406082,-2.8538215097793684,0.004319679363664163,0.01906538448392226
DOCK7 (85440),3.5226510904497084,-0.11466207499949824,0.037714952534054255,-3.040228537897947,0.002363986919987879,0.011499691948961405
KCTD17 (79734),3.133049401414467,-0.1149600320943912,0.039988133744597296,-2.8748536460500156,0.004042148154303136,0.018025536790054825
TRIAP1 (51499),4.8499696861454975,-0.11499477983721092,0.03223932246660869,-3.566910562599904,0.0003612146938341014,0.0022513820561010315
TK2 (7084),2.9017970380681115,-0.11547890613162926,0.0416410556731932,-2.7731983319041986,0.005550827895189882,0.02361927503139903
NEK7 (140609),3.8762482269883822,-0.1155702112600115,0.03603000880987451,-3.2076098529384187,0.0013384293331578062,0.007073413328659062
KCTD6 (200845),2.405139433176604,-0.11558536187486196,0.045682864807567135,-2.5301688578802928,0.01140076445422139,0.042528430768089424
MANBA (4126),3.03913793154524,-0.11587657067172492,0.040743763592454386,-2.8440320788918205,0.004454656273442179,0.01960361459204768
ANKRA2 (57763),3.1370702265983175,-0.11616688273478894,0.040087679036084976,-2.8978201165056516,0.0037576604363816187,0.01701407129876552
TSPAN9 (10867),2.607332231605115,-0.11651782079485602,0.04395082882782026,-2.651094960036382,0.008023128040143733,0.03191012014062982
SMAD7 (4092),2.5614068744902436,-0.11655565490932848,0.04429545459134943,-2.6313231455601978,0.008505312165696785,0.03346520053479964
EVL (51466),3.534708744044624,-0.1168630036612243,0.03800984018994106,-3.0745460406368927,0.002108231786150104,0.010410389056256799
ASCC3 (10973),3.4525346148769978,-0.1170016061696011,0.0381469182243407,-3.0671312812615352,0.0021612391434439626,0.010647676539704604
UBL3 (5412),3.045746999203572,-0.11706507813416676,0.040642439527957715,-2.880365438045084,0.003972144699137041,0.01776601936480854
TRIP6 (7205),4.448924993888348,-0.11722238049173034,0.03420133103337605,-3.4274215929589564,0.0006093422420416208,0.0035670011601630263
HIP1 (3092),2.497406139570814,-0.11735763954707727,0.044766924040208766,-2.6215256478570863,0.008753717537922891,0.034304557544783565
CRADD (8738),2.704343082295976,-0.11753971813919652,0.04308502306305627,-2.7280876226333564,0.006370268421428325,0.026433275970438656
CYLD (1540),2.8016924155639935,-0.11761820111988398,0.04236538919150145,-2.7762804346779926,0.005498475937221026,0.023429642863615846
KANK2 (25959),4.506043871312255,-0.11769545782398973,0.03336975641638381,-3.527009797596361,0.00042028121094082665,0.0025695047134561876
BMP2K (55589),2.2981366918373065,-0.11795985103661133,0.04670962897535928,-2.5253861703512706,0.01155712149511318,0.04298849196921456
TGFBR1 (7046),3.068696780874889,-0.11842332056161356,0.04049482421062811,-2.9244063376013534,0.003451139208955906,0.01578293025469622
ABCC4 (10257),2.4703908992440216,-0.11866042427471335,0.04506770415359741,-2.632936966797799,0.008465005572451936,0.033350215722207865
CABLES1 (91768),2.3863391933874496,-0.11874466452861555,0.046184519837771595,-2.571092325864159,0.010137829610255005,0.03872624496159085
REV3L (5980),2.716487131554379,-0.11905280089729758,0.042941520758637615,-2.7724402581468968,0.005563773108252494,0.02366766474039215
SCFD2 (152579),2.5573246534304044,-0.11945371101125173,0.044227967677538775,-2.7008636680341165,0.006915968123106925,0.028361312722885466
TRAF5 (7188),2.2326247415911813,-0.11975805226732712,0.04746574380860739,-2.5230417277398764,0.011634459447281987,0.04319074188102758
NAB2 (4665),3.3784188245521394,-0.11976046203342439,0.03857884922887005,-3.1043036385803595,0.0019072748317951957,0.009556062976753418
BIN3 (55909),3.6651421962292763,-0.11990820474827778,0.03703038147957789,-3.238103415553703,0.0012032718389700936,0.006417734168431062
CCDC88A (55704),3.4135411048207223,-0.1210151019770773,0.03833061401603587,-3.1571396671717755,0.001593250140304254,0.00818158416758287
ZNF189 (7743),2.5378552117325284,-0.12192677862744583,0.044478037039201626,-2.741280567754894,0.006120022383639988,0.02557829355117979
GSTM4 (2948),3.280403609100308,-0.12205176512893763,0.039235493489864604,-3.110748821356518,0.0018661360089623651,0.009374918995274706
TMX4 (56255),3.1639305604374024,-0.12209172239674604,0.03978968611409284,-3.068426376791729,0.0021518934513064135,0.010608580887403766
ADCY6 (112),3.009134343260752,-0.12240683277009884,0.040869352479814006,-2.9950763920362435,0.0027437611555266818,0.013035247977914258
BACE1 (23621),2.736888081540567,-0.12253457490807304,0.042823815109913795,-2.861365214509019,0.00421820822493074,0.01868458160752198
CCDC159 (126075),2.606909508439468,-0.12258279996055936,0.04400382505210191,-2.7857305544556064,0.005340724498855179,0.02285679376268685
TRIM5 (85363),3.0655091288096017,-0.12277064481292782,0.040524927989908435,-3.029509265099751,0.0024495139038510382,0.011842990423310645
TMEM64 (169200),2.6737521727978946,-0.1230201408595816,0.04330249635433418,-2.8409480103164633,0.004497964456251634,0.019753757504016953
ST3GAL2 (6483),2.3891274185407645,-0.12302053929465287,0.04569107446486367,-2.6924413736266017,0.0070931004992279174,0.028958911358229908
CTSL (1514),5.134174240292448,-0.12312989052009961,0.03964435270117917,-3.1058620492102844,0.0018972520413742474,0.009512180677946328
STX8 (9482),4.703989591815894,-0.12356591415164363,0.032764447274716786,-3.7713413296916887,0.0001623723906721284,0.0011002016536669624
CDK17 (5128),3.082139541198029,-0.12377391029634907,0.04035073271833327,-3.0674513684881033,0.00215892586862971,0.010639763714183629
SMARCA2 (6595),4.11023096972777,-0.12385408445326078,0.03503149248038832,-3.535506930588185,0.0004069935689979406,0.0024953648081267378
TRIM13 (10206),3.186513849016915,-0.12443158841147277,0.03976498493765139,-3.12917479049904,0.0017529799770331304,0.008898561651295708
SSBP2 (23635),3.3191270395211223,-0.12494705571544926,0.03901546655873736,-3.2025006167065264,0.001362400084910944,0.007164862522743819
CFAP97 (57587),3.311438529911579,-0.1250488819116033,0.03890981691051464,-3.213813166975124,0.0013098487286759062,0.006939430975935805
ELK3 (2004),3.288385226529957,-0.12518328996756253,0.0391426217695979,-3.19813247831019,0.0013832072040392003,0.007264131096674976
SIAE (54414),2.6011562654700917,-0.12523748840261031,0.044063508706799044,-2.8422041747956865,0.004480278868424448,0.019687580564928222
ENO2 (2026),4.243895826921604,-0.1254008601248556,0.034318334076478225,-3.654048586548533,0.0002581373866362255,0.0016683570100208974
NSMCE3 (56160),2.0136957075080506,-0.1255582935443262,0.05001456486878025,-2.510434587879447,0.01205826598899682,0.04447871293710374
SMG6 (23293),3.1752172821142652,-0.12568246826269466,0.039753763484207616,-3.161523771519712,0.001569460076317326,0.008085169054372152
EDEM1 (9695),3.598864854752529,-0.1257395676956611,0.03735851641025137,-3.3657537765915544,0.0007633481363727956,0.004340640990122858
ZC2HC1A (51101),1.9244010827591191,-0.12582802388910172,0.050983861714971095,-2.4679971201976074,0.013587141272324542,0.04914233836139304
LHFPL2 (10184),2.96385817919272,-0.12586813454197368,0.0412209281186272,-3.053500740685543,0.00226188163475051,0.011060211594558392
KLHL9 (55958),2.626327325219427,-0.1259913567928787,0.04371262256197892,-2.8822648793089236,0.003948276755851614,0.017690819555849724
MAGED2 (10916),5.685865125601777,-0.12627884230254055,0.02975700583235314,-4.243667626171064,2.198959760298088e-05,0.0001840130620325085
RAB23 (51715),2.605357192827799,-0.12638120365141298,0.043801212371426736,-2.8853357432146427,0.003909964355682032,0.01755575162506471
HSPA13 (6782),3.970492310104727,-0.12642844849733048,0.03556955785766289,-3.5544003387181133,0.00037884206159564536,0.0023457027402337778
FAM126A (84668),3.4926626081446304,-0.12704023608267387,0.037907346683212474,-3.351335485027089,0.0008042280812173595,0.004537088755154252
CMTM7 (112616),3.31873878230727,-0.12730487598709345,0.03925092683702881,-3.243359743214922,0.0011812895540010324,0.006316509615092447
KIF3C (3797),2.4196765666217552,-0.12749260866597673,0.045429546707413566,-2.8063808227514504,0.005010144175053273,0.021649232986172186
RNF135 (84282),2.5829824250360764,-0.1281409146786542,0.044240055456455145,-2.8964908239046285,0.003773616780224092,0.017081178722999905
SFXN3 (81855),3.6494469876531896,-0.1281742511503718,0.03717238940740448,-3.448103638041637,0.0005645373755029567,0.003330991902673524
PIK3R1 (5295),2.537038165700884,-0.12817571441613818,0.04444515476557357,-2.8839074831036657,0.003927741269179088,0.017619795806818293
BNIP3 (664),3.8082971847927745,-0.12821506925963036,0.036415533673205866,-3.520889475635216,0.00043010184737101874,0.0026178448202040243
MAP3K3 (4215),2.9496425370024126,-0.12840467962698468,0.04114914733087612,-3.120469996486092,0.0018056269114963223,0.009122720789245689
RIC1 (57589),2.6346866897744006,-0.12917697420568294,0.04356316972639069,-2.965279501400174,0.003024080427843255,0.014126145332918227
KDELR3 (11015),3.4555294366420806,-0.12923244567849157,0.044536878133955356,-2.9016952039115527,0.0037114946238034374,0.01682529319365668
P4HA1 (5033),4.497609058363867,-0.1293662691499836,0.033478760343355986,-3.8641296100336917,0.00011148601660642894,0.0007878903738188491
FYCO1 (79443),2.335660874027967,-0.12950233026312627,0.0463303665318351,-2.7951933031684737,0.005186869089439784,0.022303981800431832
C21orf91 (54149),2.2326384864320867,-0.12971393463237751,0.04736478800414277,-2.7386153321541746,0.006169851572168555,0.025729375486376962
SLC66A3 (130814),2.832806460587568,-0.12979120987283957,0.0422000124923937,-3.0756201765635414,0.002100652546992279,0.010384979630885239
ELAC1 (55520),2.1707506816487903,-0.13006229922421314,0.0479938287257663,-2.7099796510793275,0.006728733615880121,0.027721940302445864
MTMR10 (54893),2.535778216031043,-0.1303287164017049,0.04445038587765427,-2.932004162133105,0.0033678223337115162,0.01545611596465034
POLK (51426),2.7116641376257267,-0.13034023450997936,0.042954349300895714,-3.034389686523814,0.002410228823236584,0.011679324597235956
NXPE3 (91775),2.5845571533471894,-0.13040562376304093,0.04397670727857904,-2.965333965022917,0.0030235450488351255,0.014126145332918227
RBPJ (3516),4.1220724901836645,-0.13083783012116942,0.034900616865197936,-3.7488686984108233,0.0001776340489901522,0.0011931615629936743
PRKCA (5578),2.476278297406367,-0.1310097984577123,0.04505750573797086,-2.9076132003309656,0.003641985035033649,0.016560080639805467
TMEM263 (90488),4.054636249070137,-0.13117592839795514,0.035195264857413616,-3.7270902472076126,0.00019370311424026933,0.0012856008190820876
MMP24OS (101410538),3.7724982889881358,-0.13125609777154756,0.036539958514557706,-3.592124980636047,0.0003279924694448033,0.0020726479190535533
RAB29 (8934),3.1660680515392254,-0.13131103866091542,0.039795106663944216,-3.2996780174454945,0.0009679581485772744,0.005330478308149609
SPHK1 (8877),2.53557961208946,-0.13192673580858236,0.05146736512775103,-2.5633085253367263,0.010367987084526952,0.039353363691673186
PIK3C3 (5289),3.7808386496617477,-0.1320153915509132,0.03645590461436572,-3.621234830060741,0.00029320022622180954,0.0018724493224674646
FRS2 (10818),2.478987226359665,-0.13203236358166967,0.044919752012944826,-2.939294133761491,0.0032896072520372075,0.015173338661603869
SNX18 (112574),2.325328987250968,-0.13206985790523532,0.046407569227696996,-2.845868898179939,0.004429042538968828,0.01951372592718155
SLC39A6 (25800),4.7243328422541095,-0.13218749303774438,0.032589454570900095,-4.056143153613187,4.988968904381604e-05,0.00038395921296841744
KIFAP3 (22920),3.223010500027711,-0.13228588834590083,0.03945771667690393,-3.352598667305366,0.0008005670051135523,0.004520068086636887
C1orf216 (127703),2.934329339325398,-0.13228662449995704,0.04124641714289386,-3.207227043300852,0.0013402117674130348,0.007080346296522655
PLPP1 (8611),2.947111044306966,-0.1322879786175583,0.04133114732625293,-3.2006848871947704,0.0013710137890901148,0.0072051252080509495
NME1-NME2 (654364),3.8392172135360134,-0.1326947717860972,0.036194565217222745,-3.666151837706176,0.0002462277614319405,0.0016003209064816314
GLRX (2745),4.769812340693785,-0.13280427468360503,0.032560624471481114,-4.078677139620721,4.529268510655665e-05,0.00035163763679734334
CA11 (770),2.665305877816284,-0.13309239319529667,0.04353773425750081,-3.0569434874155657,0.002236064289049463,0.010955331583535727
ACADSB (36),2.0843266888129848,-0.13312630749127913,0.049000438066389394,-2.7168391292932896,0.006590863435900161,0.02723596024623835
TBCEL (219899),2.162328050512299,-0.13328113718777412,0.0480802758033336,-2.772054339557952,0.00557037368864612,0.023689045370087484
BCAS3 (54828),2.5517567169518474,-0.13337685424281703,0.04430395930184225,-3.0104951418477617,0.0026082212037846003,0.012493886097466761
ANXA5 (308),7.136993549756922,-0.13362938098285845,0.02658327655477157,-5.026821306528244,4.986766279391175e-07,5.983324197744786e-06
BLOC1S2 (282991),4.022887952965822,-0.13370942725990584,0.03536854692063336,-3.7804614240994505,0.00015653797322331479,0.0010657331878361964
KCTD7 (154881),2.1441849123564665,-0.13380239098706365,0.048242142391644205,-2.7735582284222713,0.005544691658229591,0.02360651689013085
GABBR1 (2550),2.4158142345275757,-0.13386656526547416,0.0456313993196224,-2.9336502334240033,0.0033500148551773275,0.015395333998472227
BAG2 (9532),2.0598330811701615,-0.1339450952198494,0.049318180527109866,-2.7159374856949703,0.006608839578417392,0.027280274429867784
EEA1 (8411),2.139308808620497,-0.13426649230207335,0.048297401196428294,-2.779994139974609,0.005435987939383452,0.023215973470327396
ARID5A (10865),2.1146449987787306,-0.134529477493584,0.04886253686290672,-2.753223351276918,0.005901162137982535,0.024801364672649505
RAB27A (5873),3.1368088579858164,-0.13454544595893692,0.04002971664017255,-3.3611391049396384,0.0007762172199672536,0.0044054938859401345
TMX3 (54495),4.060599922146107,-0.1345691443371094,0.0351322116686027,-3.8303635878800217,0.0001279540525285344,0.0008921207944134979
ARL6IP5 (10550),5.298816887315213,-0.13473779900045316,0.030856278819600187,-4.36662501619821,1.2618107938123109e-05,0.00011161202353733117
APOL2 (23780),3.6329054855137906,-0.13477530617688618,0.037247596593215755,-3.6183624852035163,0.00029647295997441224,0.001889340176101231
MOB1B (92597),2.631361391140261,-0.13482229098503026,0.04359761322453231,-3.0924236675682506,0.0019852928426203975,0.009904083590870857
TREX1 (11277),2.8179006996412728,-0.13495691254349668,0.04234048376093417,-3.187420184084337,0.0014354807071134067,0.007496786782099381
IFIT5 (24138),2.432807826634947,-0.1350153597871715,0.045443828581184904,-2.9710384006481325,0.0029679466746357313,0.013911441017622808
TBC1D9 (23158),1.961045458752258,-0.13508556672859473,0.050497375866215714,-2.675100723777829,0.007470680158255184,0.03015933825090086
TXNDC15 (79770),4.213351799104487,-0.13685517531492963,0.03454891526400571,-3.9612003522874772,7.457392534587545e-05,0.0005497497700901725
ITPRIP (85450),2.3119197138216383,-0.13706185961469333,0.046690774923276786,-2.935523341386304,0.003329855583894402,0.015340173642154065
SLC26A11 (284129),2.0733737351315717,-0.13720357564003838,0.04910721936794903,-2.7939593690288946,0.005206702014962205,0.022370085241896442
CRAT (1384),2.924406126652805,-0.1373847713697953,0.04141211880165909,-3.317501623807069,0.0009082638770615985,0.005044569322358365
ZNF426 (79088),1.613049436220578,-0.13757468763893155,0.05559082814069975,-2.474773127875188,0.013332083628801467,0.04848792126636376
GNPDA2 (132789),2.909856814183952,-0.13764907266209778,0.04149400526655888,-3.3173243165569466,0.0009088405259887341,0.005045909429530071
LACTB (114294),3.330374252555993,-0.13773329500043674,0.038865100573964806,-3.5438810903966207,0.0003942830296193996,0.0024303082604069997
SRR (63826),2.394870995438261,-0.13781759526542536,0.04565242286363051,-3.018845148199554,0.0025374018953691142,0.01219736387147722
SAT2 (112483),4.827845191690549,-0.13815906199515315,0.032319115449419004,-4.274840448878586,1.9127422092688846e-05,0.0001623187776686951
BORCS7 (119032),2.9840112698688874,-0.13819120666267487,0.0410158524669884,-3.3692145439107493,0.0007538272815734398,0.004291790889075371
MBLAC2 (153364),1.688654131847616,-0.13821959702141462,0.054396670861993145,-2.540956915765748,0.011054954123547884,0.041520928542911
SLC26A2 (1836),2.4320276657893802,-0.13827092213618888,0.04542887059340327,-3.0436795000637153,0.002337039731306602,0.011387014183043762
SNRK (54861),2.22438498144577,-0.13838203464967053,0.047396825255379325,-2.9196477591917356,0.003504272249812246,0.016006460312894672
NINJ1 (4814),4.052453930298425,-0.1384372677344316,0.03526412115394682,-3.925725729278169,8.646863769800177e-05,0.0006286112238498992
SLC12A4 (6560),3.5766924312556756,-0.13958343295374656,0.03744091413553647,-3.728098957425377,0.00019292962520451432,0.0012810322775053497
STRADB (55437),3.529858584923316,-0.139947994091695,0.037700875911945944,-3.7120621393136104,0.00020557749832840635,0.0013566311578285973
IL11RA (3590),2.0927246950428784,-0.14017351479711518,0.0489253978991673,-2.8650459846234777,0.004169486899045777,0.018500176904465572
BBS9 (27241),1.9116877977134832,-0.1403028808370525,0.05114253364995218,-2.7433697711842573,0.006081216405766727,0.0254514553661102
SEC24D (9871),3.7931037073861296,-0.14061099459880497,0.036374924392745776,-3.8656023880793797,0.00011081534720922727,0.0007848225683351797
FNBP1 (23048),3.266389627429119,-0.14082941254354625,0.03918050990421489,-3.5943741642932614,0.0003251722561361954,0.0020565539158575855
CIBAR1 (137392),3.416725018853246,-0.1408601414250264,0.038349326804314236,-3.6730798989978584,0.00023964451129723465,0.0015636128868075421
DUS4L-BCAP29 (115253422),1.5313941381311449,-0.14113619012385095,0.05706792062018683,-2.4731265584946924,0.01339367024340876,0.04864136193152986
HABP4 (22927),2.7953658644983594,-0.14116483510175895,0.04232886563897838,-3.334954362012665,0.0008531339963032411,0.004771841675977162
CNTLN (54875),1.653556905634814,-0.1416743066289746,0.054824579399321186,-2.5841385046855234,0.009762258203298825,0.03755636331547792
SEMA4F (10505),1.745774406513323,-0.1419208320747434,0.05338198808732623,-2.658590231644778,0.00784683354774187,0.03131656699186318
FAM172A (83989),2.4581540344626696,-0.14195553027390306,0.04511984718701145,-3.1461881882163705,0.001654135352329909,0.008456717808751549
CRYL1 (51084),2.9054601429325224,-0.14217031753123852,0.041666534755030744,-3.4120984230413622,0.000644648327916766,0.0037377182049463044
SLC25A20 (788),2.855885406922461,-0.14235943745002483,0.04183814036221496,-3.4026234487848575,0.0006674219598947503,0.0038560910688061724
LONRF1 (91694),2.5025529574610466,-0.14249792668094674,0.044771825218594255,-3.182758933441152,0.0014587901428760118,0.007589542354672363
WWTR1 (25937),3.4320658568433395,-0.14277075228520758,0.048340374438544366,-2.953447381064737,0.0031424617652004226,0.01458854665819363
RAPH1 (65059),1.8332521704099904,-0.14301431665443015,0.0521543361216189,-2.742136652280158,0.0061040941233072524,0.025525903329427717
FYN (2534),3.6823223667245184,-0.14313736785809275,0.037085172595416244,-3.8596926437328927,0.00011352972795055081,0.0007997042540936271
FKBP11 (51303),4.265264260928714,-0.14329295577314247,0.034425918164418826,-4.162356835009386,3.149796227198751e-05,0.00025424803666540985
IFT81 (28981),2.804175295479205,-0.14335126456147892,0.0422006814699577,-3.3968945421777006,0.000681552274264492,0.003924468242856313
NCS1 (23413),3.068588801525116,-0.14368556294580306,0.040414983236434845,-3.5552547951143993,0.0003776129704884236,0.002340018432441854
ABHD6 (57406),2.015745877612617,-0.1439247713679333,0.04983628227995789,-2.8879516044039657,0.003877595279208118,0.017445079183713144
IRS2 (8660),1.7191868161570196,-0.14395110749154796,0.054958885072069266,-2.6192508691320877,0.008812311441842783,0.03448375499452965
TP53I3 (9540),3.4375595480479695,-0.14395135504513132,0.03824554666993654,-3.7638723349269405,0.00016730231873068627,0.0011303236136604876
ENTPD7 (57089),1.6733705416217515,-0.1442014884203526,0.05461167873728541,-2.6404881108681413,0.008278669730807292,0.032701723489032955
SEPTIN11 (55752),5.026391578281733,-0.1442456932739543,0.031556134432446724,-4.571082481054387,4.852112401667164e-06,4.714184333294421e-05
SH3BP5 (9467),2.902820953144578,-0.14432759444542945,0.041596346781715476,-3.469718030836102,0.0005210050105597404,0.0030972111374483816
CTIF (9811),2.565093392399084,-0.1443926803436642,0.04425171084630757,-3.262985262765554,0.0011024525262107376,0.005958153990433462
TLN2 (83660),1.5507332519017805,-0.14498209445260568,0.056832573782776674,-2.5510386878966766,0.010740240279717277,0.04057184414979316
DEGS1 (8560),5.26512383210903,-0.14505989433428207,0.030858291265264983,-4.70084014332854,2.5909328806356253e-06,2.6719106320797543e-05
NKIRAS1 (28512),2.4166427445798235,-0.14534038085342096,0.0455224024265771,-3.1927221127628287,0.001409385064141002,0.0073835681319866005
C20orf194 (25943),1.4589958958906515,-0.14534053721354542,0.05854469113444226,-2.482557075581539,0.013044316896219049,0.04760242348302494
NLGN2 (57555),2.499514066580419,-0.14555082061075073,0.04471972154499332,-3.254734501517623,0.0011349841552135648,0.0061120156046325326
SLC24A1 (9187),1.9834798249527517,-0.1459837875095745,0.05020713673752776,-2.9076302094809092,0.0036417869723889074,0.016560080639805467
GAB2 (9846),2.047204360701357,-0.14620524207491212,0.050521718117188835,-2.89390874902113,0.0038047871628589286,0.01718607855069812
ACVR1 (90),2.990791396307556,-0.14628324960454525,0.041002843242175825,-3.5676367304713454,0.00036021542408101574,0.002246084239835459
TBKBP1 (9755),2.0398940715035367,-0.14661128760664188,0.049530231189966994,-2.9600364077513115,0.003076026882599605,0.01434185427212198
NPIPA5 (100288332),2.0367087644320785,-0.14661493134153764,0.04996026058509697,-2.934631037238275,0.0033394451619921744,0.015356140558476238
ABRAXAS1 (84142),2.2538644151367198,-0.1468235358016194,0.047169106764580915,-3.112705452202215,0.0018538093234964548,0.009322331243759243
GAS6 (2621),3.4410486686368476,-0.14731583027734949,0.055618872483152004,-2.648666247629781,0.008081009263763959,0.03210638114142924
MYH10 (4628),3.4460386262510285,-0.1473236118460707,0.038143985030478805,-3.862302581346767,0.00011232332530661845,0.0007923191526316836
HERC3 (8916),1.988734569417189,-0.14763035710257538,0.05011558193611588,-2.94579752243055,0.0032212318717749116,0.014912816843915483
PALM2AKAP2 (445815),3.8475832377899084,-0.1482303973786647,0.03617944713145179,-4.097088516584985,4.183789538862721e-05,0.0003290606241595844
FGD4 (121512),1.503847831060683,-0.14874371975018727,0.0580338700709794,-2.5630501561978116,0.01037570584530143,0.039366342340241944
LIMD2 (80774),2.8820275012645427,-0.1490581697241194,0.04959634218536055,-3.0054266737460567,0.002652085327195786,0.012659668728739783
SMIM3 (85027),2.994387490397745,-0.14906673830383319,0.044269151884967356,-3.3672824519245497,0.0007591289412079139,0.00431991454213853
CRLF1 (9244),2.078577395192617,-0.14919625471483847,0.050650839158038134,-2.9455830780872954,0.0032234656919933806,0.014916260866337771
CREB3L2 (64764),3.2667148527654977,-0.14928800660786481,0.03915411546480985,-3.8128305245980827,0.00013738432106589067,0.0009486390522062373
TCEAL3 (85012),3.402085332162201,-0.1493001795913555,0.04018769002242839,-3.715072439048684,0.0002031454899632605,0.0013429380676569498
DENND5A (23258),4.151332099359156,-0.1496092853170374,0.03472427735522693,-4.308492406812238,1.6437111855633556e-05,0.000141483286601752
PARP3 (10039),2.883510336267612,-0.1496248044496431,0.04169790994935248,-3.5883046567893166,0.00033283523101346657,0.002101485054900805
PIP4K2A (5305),3.3711900782461313,-0.15020575985858986,0.03856603445981156,-3.8947680766897235,9.829273119155422e-05,0.0007035739455319338
C18orf32 (497661),1.6895632292815361,-0.15027676371465978,0.05446002847043964,-2.7593956142756797,0.005790838417066055,0.0244195501186031
CPPED1 (55313),2.3598207483179605,-0.15115318153837762,0.046207656306646375,-3.2711717845043826,0.001071028303746475,0.005807096165106112
LRP12 (29967),2.8438702614744904,-0.1515690908261401,0.04198341956411896,-3.6102130888756445,0.0003059455565328407,0.0019439429238146627
BAX (581),6.539689760654393,-0.1516371115391332,0.027709974104018653,-5.472293513155682,4.442482434698959e-08,6.717747810299551e-07
HSPA12A (259217),1.7551020666394228,-0.1518043257733055,0.053744099550122965,-2.8245765962034466,0.004734313097938911,0.020665063786361723
SOCS5 (9655),2.5601142062401894,-0.1523011195293301,0.04421054178922967,-3.4449050693704204,0.0005712599813421928,0.003364061714001813
NCKAP5L (57701),2.1669874470464365,-0.1526021907279011,0.0479909073772295,-3.1798146579805464,0.001473692764504016,0.007656485267516376
DIAPH2 (1730),1.6254196941847463,-0.1527782061604452,0.055547713861892986,-2.750395930610109,0.005952329549546132,0.025002442881761892
UBA7 (7318),2.435575166988438,-0.15277947158322294,0.053590033048405365,-2.8508934011148006,0.004359658257326069,0.019224917391479496
BTD (686),2.790494426792034,-0.15310036578719774,0.04237791892919697,-3.61273912584029,0.00030297948325720464,0.0019275388182189857
RAB32 (10981),3.785545286446887,-0.15318156053193713,0.045628379050078105,-3.357155430917613,0.0007874882988859835,0.004459371074534628
RPS6KA2 (6196),1.8461780899295845,-0.15331921093918632,0.061189971067520096,-2.50562646565082,0.012223467677067536,0.045054947248691364
BTN3A3 (10384),2.2658199049826537,-0.1533192198881829,0.047156179635843794,-3.2513070624500657,0.0011487571512656654,0.00616852251889479
STK10 (6793),3.1458202831009383,-0.15340109908273594,0.039918479709872084,-3.842859252097191,0.00012160921617254492,0.0008502473357491221
ICAM1 (3383),2.959993063085193,-0.15381350270603922,0.06163962793548831,-2.4953671502855204,0.012582686208830995,0.04622048259230253
TCEAL8 (90843),4.864371755135871,-0.1541481600511372,0.032149498999109884,-4.794729773406581,1.6289426021214568e-06,1.756922608711071e-05
GPRASP2 (114928),1.4338725153943326,-0.15447174495529112,0.0590355914975807,-2.616586723987028,0.008881379991160922,0.03470889437584604
RB1 (5925),3.4306955572452877,-0.1548084907928296,0.03822979606182719,-4.049419739055509,5.13447828900397e-05,0.0003943509971227858
TRIB2 (28951),3.159634544015773,-0.15527987915569968,0.04845920821981675,-3.2043420612926985,0.0013537153970230925,0.0071309115291938
CD99 (4267),6.359442479646368,-0.1555412724106422,0.028148723148928825,-5.525695484932188,3.28182929337362e-08,5.069651288305902e-07
DCUN1D3 (123879),1.6177393569999017,-0.1558446484942714,0.05551951620487609,-2.8070246130960355,0.005000142107630117,0.021612220095203315
APH1B (83464),1.995601476354339,-0.15625581658815754,0.05007211093229122,-3.120615721583031,0.0018047337280241954,0.009122720789245689
PARP11 (57097),1.477761534445536,-0.15641680186234216,0.058113477050943774,-2.6915753418991457,0.0071115433331202585,0.029020960398732684
CCDC136 (64753),1.6702134342769461,-0.15761854867692965,0.05671552172260128,-2.7791077978238583,0.005450843290187965,0.02325961093141467
MYEF2 (50804),3.203294651632009,-0.15766121100322406,0.0445219017301505,-3.5412056735315716,0.00039830296476672913,0.0024520729983143236
PKIG (11142),3.6785936943827475,-0.15808424794445416,0.036944599305288844,-4.2789541886254385,1.877735018308892e-05,0.00015961808522867564
MYL5 (4636),2.5196684510337213,-0.15823835351057366,0.044691771279516714,-3.5406597004379194,0.0003991280045590372,0.0024551430730152383
TSPAN4 (7106),4.66386580515066,-0.15832617021999712,0.03281275043564716,-4.825141693943295,1.3990376837291364e-06,1.529790769577659e-05
GAB1 (2549),1.8501810305317505,-0.15866764876377398,0.05199941050051277,-3.051335529317382,0.0022782582644778767,0.011135787597209585
P3H1 (64175),4.325866624479193,-0.15873879762380602,0.0340385268181535,-4.6635037547849185,3.108705105757785e-06,3.137060833080593e-05
PLIN2 (123),3.346729441066008,-0.15880145674887233,0.0572491033830526,-2.7738680147763186,0.005539414702774546,0.0235907256207036
WDR7 (23335),1.686023607222696,-0.1588527146172426,0.054263633935623855,-2.9274249270828214,0.003417815626895901,0.015654323872838882
CHSY1 (22856),3.4157425023105707,-0.15890016534989104,0.038241927138877654,-4.155129650575306,3.25103141765223e-05,0.0002615776401604035
CRTAP (10491),5.807951176593974,-0.15900173170962012,0.029409932259553493,-5.4063957137463365,6.430564041847897e-08,9.37541342767863e-07
SGSH (6448),3.4592819518991744,-0.1590518912745167,0.03810742574873021,-4.1737768466246115,2.9959121294781906e-05,0.00024286904041017702
FAM114A1 (92689),3.3311115031938505,-0.15917252352071568,0.04220485927393412,-3.771426472188742,0.00016231698832526838,0.0011002016536669624
FARP1 (10160),3.1152997052915836,-0.1595087893256964,0.040232711234407637,-3.964654243566912,7.35024073255614e-05,0.0005439828925825858
MR1 (3140),2.6661814506382653,-0.15957792880491006,0.043512355853324095,-3.6674164309289914,0.00024501358948506794,0.0015958763928105336
NEK1 (4750),1.9823911361192548,-0.15961874607385404,0.05013549464484376,-3.1837473072636815,0.0014538186518812813,0.007575972546593517
GPX8 (493869),3.620160699481645,-0.1596258205539841,0.053053713572131574,-3.0087586675145297,0.002623173945844185,0.01254953106173978
GPSM1 (26086),2.514095739858716,-0.15974867314120236,0.04458520988343202,-3.5829969974093445,0.00033967451373132635,0.002133921809436967
GLB1L (79411),1.9342123757719647,-0.15979509543976866,0.05083564221798013,-3.1433673003397313,0.0016701612341422107,0.00852706003695409
MARVELD1 (83742),3.526906748686864,-0.15989473903215767,0.03774426252737154,-4.236266079280382,2.2726744742794858e-05,0.000189129757411555
SLC35E3 (55508),2.5841458341698016,-0.16002190613620051,0.043951054322427886,-3.6409116596445923,0.00027167434888347947,0.001747581887279719
SLC9B2 (133308),2.4894784792870457,-0.16031954915802443,0.04477901657890573,-3.580238276906397,0.0003432810297479908,0.0021547794633242677
TPM2 (7169),4.945835589435891,-0.16073983848820425,0.04619246871996004,-3.479784539395003,0.0005018171778426746,0.002998546964980493
PPP1R3B (79660),1.7883055777838248,-0.16083715190821496,0.05301981921457118,-3.0335288631842947,0.0024171158796150484,0.011705157877273258
B3GLCT (145173),1.761869089424394,-0.16106283307129524,0.053146290179784846,-3.030556460788648,0.0024410354293175323,0.011811181153995513
LCAT (3931),2.190917840136984,-0.16124206386549336,0.0478481715450556,-3.3698688718682153,0.0007520396137807091,0.004284433180213764
CSRP2 (1466),3.3998843237829592,-0.16183031997576633,0.043959325012568634,-3.6813649875082617,0.00023198862635474355,0.0015162905613090665
ERO1B (56605),1.332350533625363,-0.1627868635789186,0.06135416679225045,-2.6532324060422243,0.007972495693426337,0.0317423048963463
SLC35B4 (84912),2.712936495184018,-0.163408739285138,0.04286098200645882,-3.8125290563924445,0.00013755205264224737,0.0009492287001417997
TRAK2 (66008),3.1069477795271503,-0.1634209961797042,0.04011348410627023,-4.073966642906481,4.621910439225695e-05,0.0003582754480607409
FRMD6 (122786),3.224421014314282,-0.16400316638300355,0.05217987662689107,-3.143034767132508,0.0016720597871961456,0.008533064327312866
GNPTAB (79158),3.3637260906985853,-0.16403837481661954,0.038561639711452336,-4.253926338300966,2.1005442618509464e-05,0.00017685947937218433
MSANTD3-TMEFF1 (100526694),1.9239147299345067,-0.1644502839275426,0.051024120124768306,-3.222991078051233,0.001268595050089854,0.006739859153831901
BMT2 (154743),1.7871295519276307,-0.1646057984996945,0.0528769770459181,-3.1129956305322004,0.0018519875962339327,0.009316283976240639
SLX1B (79008),1.4453499992634786,-0.16506819991547253,0.05906912674521254,-2.7944919623998175,0.005198133294484178,0.02233964968546385
CSGALNACT2 (55454),2.898764333350244,-0.16599028458610596,0.041519429352019126,-3.997894170913833,6.390851097964796e-05,0.00047886825507957326
SECISBP2L (9728),2.763123943445882,-0.1663004517073037,0.04247706672926559,-3.915064398567028,9.038008122148718e-05,0.0006518977478708034
CHST3 (9469),1.9844505821781897,-0.1665347222121293,0.054864355525753514,-3.035390111052291,0.0024022474509833042,0.011648151836124653
MXRA7 (439921),4.561404237588045,-0.16701457462569375,0.033396804155168,-5.000914873462497,5.705890360724479e-07,6.7333981464674915e-06
ARSK (153642),2.0248958051647077,-0.16772613799107833,0.049645347236791655,-3.378486551641605,0.0007288599733339066,0.004164993223996187
MPP1 (4354),2.855735097627162,-0.16799532103355858,0.042377572625843914,-3.9642506784616267,7.36268518704968e-05,0.0005446359947116493
NFIX (4784),2.8688475167968517,-0.1680690635356816,0.042977706054439846,-3.9106103830387915,9.206317491947695e-05,0.0006624497990619083
ZNF568 (374900),1.1610555613805538,-0.16855023551931,0.06628196042398804,-2.5429277354070257,0.010992796160582612,0.04133906799103374
ZNF18 (7566),1.769696567646906,-0.16873375958363193,0.05318562117376429,-3.172544681434799,0.0015110930507564898,0.007818399601678867
CBR3 (874),2.4217905940795856,-0.1687944240116333,0.04705185199375729,-3.587412968017252,0.0003339751540784564,0.0021069141166727276
FOXN3 (1112),2.6349241926300766,-0.1689398919213161,0.04356026987601961,-3.8783022327949186,0.00010518798745056815,0.00074901015578857
MSN (4478),5.892974196010431,-0.16910488426938428,0.02952327945548437,-5.727848917474195,1.01712086642117e-08,1.739045517746923e-07
TRAM2 (9697),3.363007137503327,-0.16971963176250046,0.03850351930536325,-4.407899195304461,1.043781015915547e-05,9.342492067498705e-05
TCN2 (6948),1.7259370398465095,-0.17017736355333277,0.06387252045473579,-2.664328295513741,0.0077142236903163346,0.030903166797058366
MOB3A (126308),3.154830763036458,-0.17033153762778003,0.03985933218834652,-4.2733163923298,1.9258687760198924e-05,0.0001631566531756492
DNAJC18 (202052),1.956322434585619,-0.17050000544520183,0.05051331020428011,-3.3753480964855664,0.000737223779275232,0.004206397035637141
CEP170 (9859),4.280446476101579,-0.17052795015555966,0.03415150844194225,-4.993277249977351,5.936324370038638e-07,6.983419583393382e-06
FUT11 (170384),2.7902573529844856,-0.1709530945935108,0.04231911735081407,-4.039618623809087,5.3538185130445934e-05,0.00040910895554732837
ZNF79 (7633),1.6192410683498943,-0.17128757765327265,0.055429747909408314,-3.0901742135507586,0.0020003912412653534,0.009962888651465909
ZNF618 (114991),1.6285646347012914,-0.17135461015052944,0.05523631934820223,-3.1022090568767506,0.0019208225670487129,0.009617536220903472
ZNF654 (55279),1.65273891708524,-0.17153374710615557,0.05487013775526759,-3.126176716946335,0.0017709509768719343,0.008974647490069088
LTBP1 (4052),2.3710389690405917,-0.1717353464356375,0.06016554341209325,-2.8543803761459716,0.004312086771697751,0.01904304595449497
FZD7 (8324),1.97680068903355,-0.17284538232136715,0.052507092712505116,-3.2918482702471588,0.0009953129478742985,0.005461516635199379
RAB34 (83871),4.44231412975596,-0.17452301794132713,0.05401166054770888,-3.2312100048686654,0.0012326733664561641,0.006558275626484953
SESN2 (83667),2.8405496550584948,-0.1760756723124699,0.04202784065362912,-4.189500806467574,2.795687885851862e-05,0.0002282361363566311
KAZN (23254),1.688115182929064,-0.1760900601154777,0.059088753264623005,-2.9800943561438196,0.002881596076199586,0.013578607755245527
NEIL2 (252969),2.6689891856928485,-0.17663520464353158,0.043218712591922705,-4.087007549515567,4.369729052695242e-05,0.0003415425627368967
SETDB2 (83852),1.6233386326146195,-0.1767408961516823,0.05543799952374696,-3.188082139868251,0.0014321984581686829,0.007484841264885725
HLA-DMA (3108),2.6069318814549116,-0.17676497717118628,0.05552978450963512,-3.1832462296070196,0.0014563371028006923,0.007582023546276545
PCBP4 (57060),3.5552081111420004,-0.17722428917215588,0.03746265227002002,-4.730692527981581,2.237552046113369e-06,2.3395558086047077e-05
PRKAR2B (5577),1.5668498429534907,-0.17741793727871485,0.07192489029638002,-2.4667112670958673,0.013636026160275986,0.04928360547862418
TUSC3 (7991),3.7778920293899314,-0.17765320417587552,0.06101258492251605,-2.911746886343025,0.0035941374919391334,0.016377163144674804
OSBPL6 (114880),1.200107737600471,-0.1779833919125221,0.06604752847158202,-2.6947774736052725,0.00704356535765668,0.0288217254205337
UBXN8 (7993),3.043114251114554,-0.17809221867655095,0.04053905752824324,-4.393102097957644,1.1174461575412926e-05,9.97809785541026e-05
WIPI1 (55062),3.6207512708546985,-0.17830006293663586,0.03727229306701236,-4.783715952653297,1.720838204681919e-06,1.836293023237174e-05
HOXB4 (3214),1.352213225265118,-0.1783869932621616,0.07154235092226181,-2.493446063241583,0.012650980335105253,0.04643733840497528
CYP4V2 (285440),1.5411400585760064,-0.179220353557437,0.05698968604977884,-3.144785767040254,0.0016620849446464276,0.008491589160322633
MFGE8 (4240),4.700029305580987,-0.17954017090783525,0.03281358394966164,-5.471519696942052,4.46192740193259e-08,6.740377478863228e-07
SNX29 (92017),1.515189686241727,-0.17995506940279332,0.05728518825684209,-3.1413891597240178,0.0016814844172158706,0.008567427883992547
RELL1 (768211),1.7938706596986156,-0.18040209925329106,0.0527642663126803,-3.419020330619794,0.0006284703054313474,0.003659428875975253
PRXL2C (195827),2.0968626531831775,-0.1806110325997689,0.04888482791452326,-3.694623471224513,0.00022021286693822464,0.0014456033141154135
SYNGR1 (9145),2.6858870033013256,-0.1808020418010338,0.04636319951515136,-3.8996886257159233,9.631647558966837e-05,0.0006910718606209587
CLEC2D (29121),1.5078534321863253,-0.18093233873011758,0.06733708642311864,-2.6869641729553453,0.007210468623783214,0.029289608777927172
PXK (54899),2.9322247661251195,-0.1810710933039414,0.041300854840245226,-4.384197227983242,1.1641426860924399e-05,0.00010370450476581913
A1BG (1),2.240621383805103,-0.18147348664687976,0.06564385843730358,-2.7645158430198764,0.005700733876499245,0.024120709197358727
BTN2A2 (10385),2.734625522664196,-0.181549851231197,0.04271238574060138,-4.250520032614802,2.1327475862184964e-05,0.00017937015194099216
SLC1A4 (6509),3.124337089342977,-0.18203192013690886,0.040047278315292284,-4.545425501922285,5.4824386233141826e-06,5.250717474626683e-05
ANO10 (55129),3.1159096438059666,-0.18231265916717232,0.04009129999698797,-4.547436954672692,5.43031797000489e-06,5.2107502663707635e-05
STAT5A (6776),1.6780159785159214,-0.18283739494511442,0.0680782648848487,-2.685694108896218,0.007237931896017512,0.029337802615161498
AL162231.1 (730098),1.957054800190325,-0.18285482702266126,0.050625312508576395,-3.6119249040029917,0.00030393258896865225,0.0019319686242595445
SERPINB8 (5271),2.3175784613580044,-0.18286730701616277,0.04673318907254689,-3.9130072362980894,9.115380198203078e-05,0.0006565342769849857
ZC4H2 (55906),1.7563109019072958,-0.18330397885638253,0.061530369075430254,-2.9790814131420156,0.0028911394993217454,0.013610790020899557
SEMA7A (8482),2.2188781739205083,-0.18336778346290605,0.06275360945660707,-2.9220276737978135,0.003477606396949036,0.015889482492710355
TIMP2 (7077),5.222480717885445,-0.1838606976931098,0.03259618013087146,-5.640559628610515,1.694983564656095e-08,2.7941716389137324e-07
FER (2241),1.7637918787566473,-0.18398237727455824,0.05311720423605065,-3.463705967221998,0.0005327885374613363,0.003162262853902669
KANK1 (23189),2.6863267311812256,-0.18399823645345764,0.04336352544419627,-4.243156767552066,2.2039735815976556e-05,0.00018412541093125112
SDC3 (9672),3.0297197648483833,-0.18443484318814482,0.041777680825956495,-4.414674044652937,1.0116230008138711e-05,9.065443520098574e-05
ARMCX3 (51566),3.8057984481036566,-0.18478876002729824,0.036231968547631076,-5.10015788362071,3.393702753556731e-07,4.199148982731462e-06
CERCAM (51148),3.4669762375059068,-0.18501888001163178,0.03819650375416299,-4.843869512310189,1.2733457499877209e-06,1.402544667226592e-05
TARS3 (123283),1.806308762599136,-0.18516430462978103,0.052530806948207,-3.5248707451295136,0.0004236894701521652,0.0025843641714939376
EIF4EBP3 (8637),2.072968504717119,-0.18626904276959502,0.05327644789544443,-3.4962736842957303,0.000471804521822528,0.0028406445919734917
CCNG1 (900),5.577585957300208,-0.18671510564463442,0.030016640587459998,-6.220386491972659,4.95931732815483e-10,1.0973218899914349e-08
RCAN1 (1827),3.891379431014476,-0.18695472735476695,0.035868197898337444,-5.212269874406839,1.8654390309329319e-07,2.447026648597811e-06
FAM20C (56975),2.816531884049501,-0.18782227177760444,0.06542408597628802,-2.8708428856870514,0.004093789418599897,0.018228811953907683
ADARB1 (104),2.2085707051563626,-0.18782905958556861,0.047460639894059804,-3.9575753720311173,7.571440016352181e-05,0.0005573379965070202
RAB3A (5864),1.3904247405471215,-0.18826754877994956,0.06056439006423904,-3.1085518830497456,0.0018800663284920646,0.009435449625914478
FAM228B (375190),1.6583776590706043,-0.188443600081176,0.055094038159066556,-3.4203991280708976,0.0006252932043734712,0.0036423389674809323
COL27A1 (85301),1.6118933567625884,-0.18852756619918495,0.06842920773183632,-2.755074513473777,0.005867877021249397,0.024702875674795306
GDF11 (10220),1.9939712497897573,-0.18860293963022193,0.04989445927039339,-3.7800377514490076,0.00015680458182164037,0.0010670654627265496
GJC1 (10052),2.527481248752682,-0.18939016475653908,0.04462807446289231,-4.243744930425234,2.1982020041595208e-05,0.0001840130620325085
TRPC1 (7220),1.553676573809361,-0.18957314631518268,0.05672253202675481,-3.342113610615356,0.000831430225035598,0.004669940450883729
PEAK1 (79834),2.1752447667847234,-0.18991282523442993,0.04771054678401972,-3.9805208289509646,6.876443884631257e-05,0.0005121929440008014
CNPY4 (245812),3.251019946674365,-0.18997346295591847,0.03914406943964823,-4.8531863364082986,1.2149343600873426e-06,1.3401687963250848e-05
UAP1L1 (91373),2.416934426120278,-0.1908143711879959,0.045439567075374276,-4.199299937683754,2.6774147111567704e-05,0.0002197729500494532
RNF157 (114804),1.7184091570906892,-0.19086162832822925,0.06866273199576843,-2.7796975561647,0.00544095469605101,0.023230591474683173
BIVM (54841),2.9222711282302196,-0.19132580987433373,0.041324484787501475,-4.629841384790837,3.6594594080045147e-06,3.6367388542163754e-05
PCDHGC3 (5098),3.574512389483541,-0.19189716806530382,0.04024085228678996,-4.768715301994206,1.8540445534162613e-06,1.9617408122855883e-05
RAB8B (51762),2.9596117113935443,-0.19221708431634432,0.04103056217471875,-4.6847294828141575,2.803299281174191e-06,2.869281699629039e-05
PFKFB4 (5210),2.272317579911172,-0.19228708476396017,0.04691436000116028,-4.098682892811595,4.155078412094095e-05,0.0003274872173303706
RGS20 (8601),1.7249230282049142,-0.19235386053349934,0.06955298700694554,-2.76557296546144,0.005682289131685104,0.02404942961331479
SMARCD3 (6604),2.8496927614961556,-0.19295137047761104,0.04187834319779489,-4.607426076200906,4.0768407050558096e-06,4.0196687580779625e-05
TLCD5 (219902),1.5860271569455084,-0.19376906249526651,0.0559854237218604,-3.4610627126432965,0.0005380474560773265,0.0031871897732832495
IL6ST (3572),3.7410821637674503,-0.1939954831751138,0.03656278484729662,-5.305818032880432,1.1216881278611362e-07,1.5476663531723852e-06
NICN1 (84276),2.04231637986607,-0.19446488290933364,0.04932568138501118,-3.9424672391535696,8.064766912875566e-05,0.0005899002575164112
DOK1 (1796),2.6913311212806557,-0.19464101821668822,0.04303603893988234,-4.522744727705658,6.10428436957016e-06,5.780054287259448e-05
KATNAL1 (84056),2.0730866693784806,-0.19474709531157314,0.04887078981307358,-3.9849385707999287,6.749758473153249e-05,0.00050350454133398
PDE4A (5141),1.4322282748065986,-0.19714119937901714,0.0591861280341735,-3.330868328896084,0.0008657554310768415,0.004832896452061253
ADPRM (56985),2.3908505240315776,-0.19756122786353794,0.04579305905756504,-4.314217742369861,1.6016902481224626e-05,0.00013826179846959593
ORAI3 (93129),2.5798120848913175,-0.19767204514391426,0.04418421120932489,-4.473816318852749,7.68357526136521e-06,7.101171583691705e-05
RHOBTB1 (9886),1.6131433094737575,-0.19773376448201804,0.05614861204551134,-3.521614467010238,0.00042892744319764407,0.002612810651964272
C2orf74 (339804),3.388283848545271,-0.19789909871426187,0.03884181524222734,-5.095001288691408,3.4873888342061926e-07,4.3115244370966614e-06
ULK2 (9706),1.4885116629408424,-0.19804508127151346,0.05795193245838909,-3.4174025415582943,0.0006322172503545382,0.003678399361498214
SARM1 (23098),1.701232592375816,-0.1980470600745714,0.05426438170972925,-3.6496695223390496,0.00026257790694808267,0.0016934192833008366
TDRD3 (81550),2.5275089909148787,-0.1981374999932308,0.04446994197576278,-4.455537632615321,8.368321427181412e-06,7.667619724747676e-05
ATP2B4 (493),3.7401289522820047,-0.19814608323427813,0.03660301345436089,-5.413381700972245,6.184545901096262e-08,9.0783100124775e-07
XPC (7508),3.5936371778328255,-0.19815320024196645,0.03723628574627938,-5.321508208206985,1.0291046680469975e-07,1.4336952625402894e-06
SELENOM (140606),3.0900792362785197,-0.1986865876815634,0.05708740328541481,-3.4803928055407902,0.0005006791318383358,0.002994124887774086
UBASH3B (84959),2.0446929874901207,-0.19913229148596753,0.056230415674278854,-3.541362607729315,0.0003980661107825683,0.002451617970869637
TMSB15B (286527),2.189716881778172,-0.19977856313714545,0.059344396481876775,-3.366426739180943,0.000761488061445435,0.004331701086014372
STX2 (2054),2.959779822227038,-0.2000241932862666,0.040968306509111325,-4.882413024365099,1.047954666877688e-06,1.17492741563649e-05
FAM214B (80256),2.5242147343441945,-0.20008886704768464,0.04449545029733515,-4.496838793868056,6.8971240816059276e-06,6.466958315863638e-05
SNURF (8926),1.9452711325112697,-0.2001201398820665,0.05419255259469234,-3.6927609108722153,0.0002218325602659604,0.0014556008293770781
ACAP1 (9744),1.7121299190894708,-0.20036418534002445,0.07238724300895862,-2.7679488403119246,0.005641030998046291,0.023937021948697953
APOBEC3F (200316),1.512933557078732,-0.20093974890027463,0.05750894423583243,-3.4940608208048785,0.0004757326244888703,0.002863149227223817
RAB3IL1 (5866),1.305360013357571,-0.20115173714170267,0.06272824983881974,-3.2067168725185566,0.0013425906234503582,0.007082965820629064
MICAL1 (64780),3.232976881935707,-0.20224596710104634,0.03926121491456693,-5.151291612884038,2.5869856826244797e-07,3.28193816026711e-06
SHOX2 (6474),1.2000169371722533,-0.20234026320436016,0.08188816544073681,-2.470934134564238,0.013476063671881493,0.04884344855451104
BDH2 (56898),3.2143817376670194,-0.20311522424261438,0.039466098692097454,-5.146574679885586,2.652858803171271e-07,3.3533046818820917e-06
SLC43A3 (29015),3.5894785309555357,-0.20338288043801186,0.06194989612931983,-3.2830221379782785,0.001027006002036777,0.005608832053228801
RAB36 (9609),0.8733378853439868,-0.20345274312765277,0.07741980950239669,-2.627915832334287,0.008590976924887942,0.03373169071290814
RPL22L1 (200916),6.411635559909181,-0.20348030301996917,0.027997813591104315,-7.26772118679369,3.656024004395585e-13,1.3926211941806576e-11
PREX1 (57580),1.7175985515660313,-0.20359978075960425,0.07432263440912648,-2.7394047907241985,0.006155053926169929,0.025689026733190776
KLHDC8B (200942),2.3548797030930735,-0.20364563296052196,0.04634571208827023,-4.394055540082277,1.1125537191264502e-05,9.940310723263996e-05
SGTB (54557),1.8028994530584062,-0.2042566700432008,0.0524208183398966,-3.896479996149631,9.760086480638848e-05,0.0006992869580366291
SYNPO (11346),1.9211260544309579,-0.2043251788142148,0.06906231645079364,-2.9585624884128365,0.003090775702697294,0.01439300873499953
MTMR9 (66036),1.660127013878362,-0.20445504160540898,0.054575543670644044,-3.7462758564397864,0.0001794792221990717,0.0012023349853994801
CAP2 (10486),2.539488016306181,-0.2045327713510635,0.04756023932843797,-4.300499203517802,1.704137839596609e-05,0.00014618277043654832
GEM (2669),1.6984184810295957,-0.2046627317019278,0.06965863430598782,-2.9380813124028635,0.0033025039457114293,0.015223490921315613
PIP4P2 (55529),2.6598207883008973,-0.20583457144814496,0.04325744025609606,-4.758362266226276,1.9516999569226875e-06,2.0592761256562943e-05
PLK3 (1263),2.770877736281762,-0.20639449678661254,0.042477684916710994,-4.858892314666038,1.1804431222790862e-06,1.3069129667263527e-05
STARD9 (57519),1.0176001208964314,-0.20719657155397034,0.06969648340058424,-2.972841116862339,0.002950571428499591,0.013847254433314051
RHOQ (23433),3.738269419150005,-0.2083289481392106,0.036552924820777086,-5.699378344159046,1.2024509710376178e-08,2.0328176753069656e-07
ADCY9 (115),1.9753389752058512,-0.20855401598957068,0.05011844283146369,-4.161222979151365,3.165478194287452e-05,0.0002551032935792662
ANTXR2 (118429),2.660939080868955,-0.20869031967859283,0.05036367243822334,-4.143667639300426,3.4179500610518154e-05,0.000273399663044049
CADM1 (23705),2.4853208308867174,-0.20914428596223777,0.08351669201071749,-2.5042213828991073,0.012272121900920615,0.04519000149810366
SPRY2 (10253),3.1379550679565216,-0.20922469559787593,0.04048283511820149,-5.16823228874616,2.363184839757578e-07,3.0364200767713512e-06
AZIN2 (113451),1.2370706660196553,-0.20927395735711318,0.06348922036648277,-3.2962124302221403,0.0009799788419239547,0.005385230699630322
OSTM1 (28962),3.251215948565016,-0.20944530353471225,0.039182843853187335,-5.345331857980361,9.025154437033779e-08,1.2738505971820848e-06
AMOT (154796),1.1391224246352223,-0.20963777034269745,0.0823616284215168,-2.5453329949936983,0.01091735723305942,0.04111703552656121
EPG5 (57724),2.4542698372737304,-0.20979358289842331,0.04496138644792043,-4.666083487915368,3.0699500525419333e-06,3.1104692586226216e-05
MMAA (166785),1.3919563073696697,-0.21016992088339959,0.059942107577128305,-3.506215069481352,0.0004545277909312751,0.0027485910609850667
FERMT2 (10979),3.3567389339821365,-0.21018519234165595,0.04136160379076531,-5.081649962243084,3.741704448065463e-07,4.603244899884951e-06
SHISA4 (149345),2.569430266753126,-0.21042956299633106,0.046853414873380274,-4.491232145298473,7.081231629290207e-06,6.625883774521173e-05
GPSM3 (63940),2.192850476906356,-0.2104902834345428,0.06584693885603449,-3.1966601195349655,0.0013902863900937278,0.007293671208281113
MLLT11 (10962),2.8752757513826115,-0.21080499379737444,0.05161736922994867,-4.08399337165491,4.426829397516668e-05,0.00034463910568119507
ARHGEF40 (55701),2.4645757756221305,-0.21104074202829065,0.04507265320054916,-4.6822347264376125,2.8376428027984634e-06,2.9024591169888292e-05
LGALS1 (3956),8.805040596535218,-0.2111645364222832,0.025846248289624056,-8.170026614928672,3.0832142962553807e-16,2.061779657842598e-14
GMPR (2766),1.6022075926919792,-0.21121215696223253,0.08321183570416096,-2.5382465748399654,0.011140945886481733,0.041781323980060854
DPYSL2 (1808),3.406315099126636,-0.21134541532525153,0.03826361714067166,-5.523403983169315,3.3249403010240114e-08,5.130979668636644e-07
SYNM (23336),1.7557775081996398,-0.2115542008574433,0.06177747990011748,-3.4244550149906816,0.000616033824061359,0.003595362651988831
SLC16A2 (6567),1.6252267541641745,-0.21157133652418197,0.08234059436549869,-2.5694657435316244,0.010185546168533465,0.03885692891778766
SPRED1 (161742),2.465489895928924,-0.2116438852768662,0.04495217390890676,-4.708201336508252,2.499121959428954e-06,2.5896548899151545e-05
SAMD9L (219285),1.4713548706649504,-0.2117412366142824,0.07709381013110687,-2.746540043282231,0.006022753330607058,0.025248912402427916
SAMD4A (23034),2.208622957153459,-0.21248948795443484,0.047915280204035744,-4.43469154410867,9.220420936659755e-06,8.332159364143104e-05
PLCD1 (5333),1.677496695166642,-0.21308979917996146,0.05475573650459321,-3.89164337442683,9.95675235098918e-05,0.0007116831157861434
SLC2A13 (114134),0.9718422036376995,-0.2139252292590583,0.07144807286871978,-2.9941357501990162,0.0027522346130057457,0.013062542321934113
ROBO1 (6091),2.816935466397038,-0.21396360394899605,0.05581885039502527,-3.8331782620887704,0.00012649821587785884,0.0008823793027808363
TMCC2 (9911),1.1180548839235511,-0.21406933330561104,0.0736423827515113,-2.9068767916966656,0.003650569526492811,0.016585633864957466
HEG1 (57493),2.765264613410525,-0.2142154275719787,0.05470977880553526,-3.9154869979168234,9.022190706172468e-05,0.000651068975372043
TNFRSF14 (8764),2.580062740863664,-0.21431740625421417,0.05854557037031135,-3.6606937962789963,0.00025153321882683043,0.0016305768248463983
FN1 (2335),5.748256074482829,-0.21458442048521303,0.05253522098039352,-4.084582047638047,4.415622247925984e-05,0.00034405723636610235
TGFB1I1 (7041),2.633245916307966,-0.21468489549075181,0.06397356057605277,-3.355837842346309,0.0007912494800936521,0.004478984077309665
ICA1L (130026),0.9095248022305614,-0.21542526617443725,0.0736371471199412,-2.9254971790738935,0.0034390629398229,0.015732484339487797
CRACD (57482),0.9962713587966422,-0.2154987798796971,0.0818571303323824,-2.632620750381308,0.008472889870986428,0.03337253952849785
AP1S2 (8905),3.680455327489285,-0.2158076762323294,0.03680074628208573,-5.864220105160819,4.51248572837902e-09,8.340891924962008e-08
HMOX1 (3162),3.3605834303178965,-0.21581210472698667,0.04193311487446204,-5.146579388940644,2.6527922391656e-07,3.3533046818820917e-06
MMP14 (4323),4.454231319561594,-0.21759711220605618,0.05542907568912404,-3.9256853826402844,8.64831339471814e-05,0.0006286112238498992
ARHGAP10 (79658),2.255744169025282,-0.21815229539554462,0.047042809396851584,-4.63731435670049,3.5296538451954605e-06,3.5170312420404567e-05
GSTA4 (2941),2.721884482348806,-0.21924429164019257,0.04623696271988956,-4.741753755937805,2.1187605702921856e-06,2.2215241491718624e-05
MAPK11 (5600),2.066172970680305,-0.21948307706495881,0.049105123027147715,-4.46965741117516,7.834498305150855e-06,7.218485088750752e-05
MAP9 (79884),1.5229627146353306,-0.21972920639620305,0.057441450646085246,-3.8252725849495595,0.00013062747070322148,0.0009073965485691
PARVB (29780),3.1794618936870833,-0.22014141204978982,0.04185142860346714,-5.2600692352841785,1.440011708882911e-07,1.9431763382827157e-06
PRKCE (5581),1.8451080247245837,-0.22022512577421655,0.05193784375433213,-4.2401668967215755,2.2335365667770764e-05,0.00018618166860791076
S1PR2 (9294),1.238376293537379,-0.2210010679343549,0.06350802121990043,-3.4798922039961706,0.0005016155654037494,0.0029985330937881654
GXYLT2 (727936),1.09345316968802,-0.2210413592688479,0.08031266658328873,-2.7522602432782586,0.005918546668394365,0.02486748203648747
PPM1M (132160),2.4357670530369417,-0.22117091713800613,0.04528455496103217,-4.88402541061353,1.0394167082671732e-06,1.1670943128796933e-05
LOXL1 (4016),2.3966481174122256,-0.2212184283811566,0.08081125680742463,-2.7374704604375353,0.006191368014942862,0.025776237729062065
MEX3B (84206),1.1413353619730997,-0.22229486023573716,0.07484628286431262,-2.970018706723635,0.0029778161513024475,0.013953354659762263
ZNF85 (7639),1.7362475792328733,-0.2226149829217004,0.053705211368451196,-4.145128140254825,3.396237344351986e-05,0.0002719520334386375
GPNMB (10457),2.9988517441003832,-0.22288733772401412,0.07382563239067619,-3.0191050249935096,0.002535226281131549,0.012190800455706386
DEPP1 (11067),1.6138430423628412,-0.22293830675316242,0.07614791864178345,-2.9277005954937945,0.003414787041802415,0.015645214930255523
INKA1 (389119),0.9647691465450863,-0.22301365026492706,0.09000302027589824,-2.4778462942831654,0.013217807296072496,0.04813047642224269
SLC25A30 (253512),2.4942771355842974,-0.2233654187131332,0.044627556725080154,-5.005100774150257,5.583281401424336e-07,6.61464976108902e-06
CCDC80 (151887),3.138682658214066,-0.22368797283891065,0.0808021275443421,-2.7683426122184285,0.005634219138570692,0.023933501174176915
FBXO17 (115290),2.2986768964943085,-0.2247440913771619,0.06887400260647848,-3.26311936103481,0.0011019309884799627,0.005957475261469464
PPP3CC (5533),2.65518100057985,-0.22536988899335017,0.04328498324432284,-5.206653026090964,1.9227713826070818e-07,2.517843187354757e-06
CD302 (9936),1.072937263893474,-0.22580105950998092,0.07589092118838774,-2.9753369174352744,0.002926669174354386,0.013747943926736214
FKBP10 (60681),4.707584352161929,-0.22583160869555122,0.04762216531757886,-4.742153305914244,2.114585040363073e-06,2.2186922257533333e-05
ZNF583 (147949),0.9400894163322221,-0.22666668475972532,0.07237379700526086,-3.1318888069842306,0.001736856416470097,0.008828628933178744
PRAF2 (11230),3.341200561734894,-0.22710893108166874,0.03863108255322188,-5.87891708105207,4.129591562612568e-09,7.699359931978772e-08
PPM1D (8493),2.414071880059159,-0.22794138905118771,0.04527538643157126,-5.034554247166856,4.789620329289939e-07,5.769786026781138e-06
CC2D2A (57545),2.2070057598962687,-0.22800179292041253,0.04757889229376081,-4.792078628327192,1.6506218476799047e-06,1.7739468800137033e-05
MARCHF3 (115123),1.534452020249222,-0.2280406914311012,0.0583811743829737,-3.906065505554596,9.381109095245823e-05,0.0006743820709367828
NFATC4 (4776),2.151741166330843,-0.2280443006290457,0.07112659787918406,-3.2061747282838233,0.00134512283615505,0.007093837431752149
ADAM19 (8728),1.8547501622655405,-0.22849587611769975,0.07059066991126263,-3.236913269203068,0.0012083012889777774,0.006439993338278299
RGMB (285704),2.3889717100087875,-0.22870281148880875,0.04571089034692424,-5.00324561068624,5.637304185721832e-07,6.668150847356186e-06
YY2 (404281),0.8571048283874351,-0.22873055068122017,0.07560851609486793,-3.025195606196346,0.0024847237354137216,0.01197858164788044
SCN1B (6324),1.0169638823740355,-0.2290677813478532,0.08757818351645599,-2.615580412270268,0.00890759440579887,0.0347982226401385
MAP1B (4131),2.4744340253998414,-0.229218907167618,0.07088072362926982,-3.2338680452320223,0.001221258671236993,0.006502143654434465
BAMBI (25805),2.6220983274266083,-0.2293551676994627,0.060642150464372414,-3.78210808724882,0.00015550580760864127,0.0010596650277534495
STARD13 (90627),1.7407984847998244,-0.22963718011303397,0.05411481949991617,-4.24351743635382,2.2004326702541964e-05,0.00018403396307195465
LACC1 (144811),1.320656514379965,-0.2300504368374096,0.06170699593177514,-3.728109485215572,0.00019292156771663865,0.0012810322775053497
PLEKHH2 (130271),0.7785927558686416,-0.23034781594773188,0.09130796425453369,-2.522757109178398,0.011643879567313392,0.043215049819880925
GBE1 (2632),3.890917017003867,-0.230372721157017,0.03580443942416531,-6.434194330704496,1.2412996541586822e-10,3.0517311432143026e-09
NECTIN3 (25945),2.0894466884658245,-0.2303925974744783,0.056018287785145025,-4.1128104157366625,3.9087136875041514e-05,0.00030871656767552475
VPS35L (57020),3.0863756313808284,-0.2305366169275834,0.040129400173705025,-5.744830870376267,9.201290862499849e-09,1.5949610866033726e-07
MDFIC (29969),2.3894572645590997,-0.23066262760330544,0.047336837183809016,-4.872793395715098,1.1003127433545037e-06,1.2263189286305084e-05
RBPMS (11030),3.2102535216095807,-0.23073071949811041,0.04841063325948444,-4.766116531906892,1.878106613913124e-06,1.9844095584927572e-05
SH3BGRL (6451),4.507243463865985,-0.23079776993920034,0.03337128594689362,-6.91605862316745,4.643822910958503e-12,1.4740708759131147e-10
SMPD1 (6609),3.429232995041321,-0.2308976285796703,0.03814450155438501,-6.053234913830637,1.4196560369956403e-09,2.8943285545577784e-08
COL16A1 (1307),1.9208973145781663,-0.2311866548043084,0.08131899927985882,-2.8429599091435076,0.004469669234959531,0.01965243813828203
TIMP1 (7076),6.419077152225294,-0.23230661910051356,0.030764796416811343,-7.551053351796933,4.317519180249614e-14,1.8613579824078997e-12
GPR161 (23432),1.7352059183952628,-0.23238214909227095,0.053692052481564424,-4.328054867562776,1.5043199886475263e-05,0.00013090803093806063
PLEKHA4 (57664),2.060930978972304,-0.232437992748579,0.053344796069774277,-4.357275870818837,1.3169123998272942e-05,0.00011573752317641044
MYO5A (4644),2.4646253956084236,-0.23282762335232624,0.04485838211673399,-5.190281333518538,2.0997657988750162e-07,2.7211951946488798e-06
PARD6G (84552),1.1479855897760625,-0.23303339032032463,0.0658451919258513,-3.5391101993103016,0.00040147821618258765,0.0024675822061614437
AKAP12 (9590),2.883071537833051,-0.2331777680415255,0.05971207443080139,-3.905035459984706,9.421156965686398e-05,0.000676614452055931
PARVA (55742),2.546130391116997,-0.2332710091128669,0.045462207565489125,-5.131097269679125,2.880579952124901e-07,3.6087598634197555e-06
DSTYK (25778),2.138518811990599,-0.23434841862513484,0.04812075353211769,-4.870007251002864,1.1159415348010152e-06,1.2418976577378753e-05
FNIP2 (57600),1.954981697172949,-0.23451641445945595,0.05034844963981972,-4.657867643137535,3.1950151037931415e-06,3.213382169229385e-05
NRP2 (8828),2.650159619123334,-0.23452253969170578,0.06250461675469424,-3.7520834758832855,0.00017537104698536827,0.0011795408014938986
ZNF546 (339327),0.5539162882445168,-0.23533592270757112,0.09422416593037596,-2.497617467704255,0.0125031032975664,0.045961810949226495
KIRREL1 (55243),3.0776300955811062,-0.23562092793552983,0.05763028198019522,-4.08849167207791,4.341871312718928e-05,0.00034024893630817186
FAM160B1 (57700),2.251452160746945,-0.23595821338504389,0.04695712886214437,-5.024971055572082,5.035084698177397e-07,6.031678691781618e-06
ARMCX4 (100131755),1.185317023523953,-0.23611053779027455,0.06956114276499885,-3.3942877935162175,0.0006880734255594978,0.003955962079086054
ZNF625 (90589),0.7361266290894724,-0.2362133712161466,0.08182456437759095,-2.8868271161958994,0.00389147992568852,0.017498866396267024
ZNF697 (90874),1.287792200831673,-0.2364039127278946,0.06255788344571057,-3.778962773461674,0.00015748296271002825,0.0010707133560483892
RNF144A (9781),1.4653900543040883,-0.2368895838270863,0.06977005540210525,-3.395290178025835,0.0006855589860763571,0.003943012425269446
POLH (5429),2.517042175881912,-0.23717188064233588,0.044296544767901534,-5.354184663499917,8.594305611909579e-08,1.2233672870084346e-06
SNX25 (83891),2.58519561923954,-0.23723948764154604,0.04386348868134742,-5.408586840071162,6.352398430286382e-08,9.270435187399506e-07
HOXC6 (3223),1.4763255812586018,-0.2381296057516136,0.06609630107992145,-3.6027675053052537,0.00031484711683184426,0.0019954463857843005
CYBRD1 (79901),2.9510378100451615,-0.23844883729074404,0.057423275980717566,-4.1524770786468865,3.288957057253711e-05,0.00026392345537834316
GPR176 (11245),2.1002963489368263,-0.2386829172717883,0.06758684201699909,-3.5314997734582123,0.00041321021595031417,0.0025314173083014766
TUBA1A (7846),5.8557637285957185,-0.2387455659850451,0.029988165007370234,-7.9613262740940725,1.70204912998764e-15,9.737274224256286e-14
AEN (64782),3.873165570190023,-0.23897685877353805,0.035815580756688954,-6.67242729908565,2.5160670332849267e-11,7.062825481866606e-10
BDNF (627),1.347976990098102,-0.23954173510801938,0.09537220603008997,-2.5116514032656836,0.012016772650443992,0.04439095538879949
GAMT (2593),3.549499043991803,-0.23974392564190458,0.037477980783305664,-6.396927492654488,1.5853456030465405e-10,3.81040094943103e-09
EOGT (285203),2.6553450127552223,-0.24034460832292404,0.0433058593518805,-5.54993277861111,2.8577946067978208e-08,4.478997672279168e-07
CPNE8 (144402),1.7609771514052457,-0.24133398658878472,0.06055180480675078,-3.985578751269177,6.73158458386286e-05,0.0005023979248452411
SORBS1 (10580),1.172417431909747,-0.24219840234359982,0.08762322540395051,-2.764089101114968,0.00570819498511764,0.02414548826147878
RDH5 (5959),1.3183910855284209,-0.2424545542083986,0.06178423968085083,-3.924213609503137,8.701350354704992e-05,0.0006315509765407203
MDGA1 (266727),0.9591199131505816,-0.24261239387962896,0.09254818449296744,-2.621471131052437,0.008755117703839485,0.034304557544783565
DDB2 (1643),4.459941508526124,-0.24261694578987064,0.033463685341587224,-7.250156201067214,4.1629126124768617e-13,1.5703987571544537e-11
INPP5F (22876),2.624838698316336,-0.2439142650849219,0.043517510416065476,-5.60496827030977,2.0829311845307624e-08,3.36263761828861e-07
SLC27A1 (376497),1.9207525788821092,-0.24405137513620162,0.050927911839325726,-4.792094675041222,1.650489798284238e-06,1.7739468800137033e-05
DKK3 (27122),2.9289799864632027,-0.24414443650704215,0.08845951895010422,-2.7599566378464293,0.005780903400991455,0.024398169024212466
GLIPR1 (11010),2.311723313499791,-0.24450593944454524,0.07507416339565579,-3.2568586632920606,0.0011265251015803856,0.006077656564126841
SPATA6 (54558),0.8645686816748274,-0.2458413856048052,0.07579733027896236,-3.2434042821827296,0.0011811048850119915,0.006316509615092447
NAALADL2 (254827),0.6234401724113466,-0.24595265481105902,0.09322648012822429,-2.63822740569819,0.008334067387530916,0.03289464268436258
SH2B3 (10019),2.670397290743477,-0.24636534238357058,0.04311885175622255,-5.713634114758569,1.1058864150053638e-08,1.8780098194323592e-07
SH3PXD2A (9644),2.20804807300756,-0.24719278257907112,0.04754626199519983,-5.198995088279015,2.0036881970837386e-07,2.612434368572091e-06
SGK1 (6446),3.58512606436622,-0.24731485366007103,0.04394583077775877,-5.627720520537717,1.8260663643240704e-08,2.9896620802633255e-07
C1QTNF1 (114897),1.33140095560909,-0.24737777077250858,0.09199006023832329,-2.6891793540694997,0.007162792321659618,0.02916252771611629
TCF4 (6925),2.099429560649585,-0.2476384429074917,0.07400987513844484,-3.346018925775143,0.000819807999248915,0.0046128762740086674
ROBO3 (64221),1.9363525699061506,-0.2476491228342378,0.05731139180925633,-4.321115139874165,1.5524263510353978e-05,0.0001347047686140634
DOCK11 (139818),1.7249526331326903,-0.24769854028850213,0.057875867499290606,-4.279824234021861,1.8704096842549248e-05,0.00015908526913114527
VLDLR (7436),2.5785625146257276,-0.24788082012465296,0.04741588147276956,-5.227801580932504,1.7153745407578445e-07,2.269967048394242e-06
POGLUT2 (79070),2.5644513263397726,-0.24792410603567538,0.04403661527934018,-5.629953720625509,1.802579819978622e-08,2.957646234612688e-07
ZNF441 (126068),1.126046410406969,-0.248180136676268,0.06623106438575109,-3.7471862935915814,0.00017882927419032914,0.0011990486896023584
DNAJB5 (25822),1.9979980690996697,-0.24822856226680026,0.04981298071351375,-4.983210374308286,6.253789306072939e-07,7.328233169717557e-06
C8orf58 (541565),2.123260623722207,-0.2488901421126814,0.048361361410013896,-5.146466825087046,2.6543838070726915e-07,3.3533046818820917e-06
PARD3B (117583),0.8005910195339571,-0.2501058299014419,0.07919439698805407,-3.1581253145872012,0.0015878728411264878,0.008156754785793491
BEST1 (7439),1.0639758681377194,-0.2508630234611181,0.07665076621476048,-3.272805163594176,0.0010648585332018962,0.005782637397739506
IFI16 (3428),4.445513454443759,-0.25227406722461004,0.047142098777659555,-5.35135417738681,8.729846974972694e-08,1.2391441281645204e-06
DPY19L2 (283417),0.8578400343081308,-0.2524169506803211,0.09729490492149416,-2.5943491170888406,0.009477020020546697,0.036646425913427295
IFITM2 (10581),5.260647577249509,-0.2527820943924502,0.044857861810713835,-5.6351793016598,1.7487629173341334e-08,2.8756160496403685e-07
NUDT11 (55190),1.1974046154097737,-0.2536678567883032,0.0973427620319244,-2.6059241744662085,0.009162674314754187,0.0355955584146118
LTBP2 (4053),1.6104984637294768,-0.2537866190408072,0.08551002955505163,-2.967916399530871,0.002998258662290375,0.014027300943041351
KLF12 (11278),1.133338532290188,-0.2545453109260435,0.065955876267331,-3.859327255305133,0.00011369959506502244,0.0008005260212205558
CDIP1 (29965),2.6411596731184153,-0.25465694845933495,0.04349467767799689,-5.854899083162097,4.772997516995833e-09,8.747201052462766e-08
FMN1 (342184),1.1544505891623662,-0.25476641925900745,0.08199888851982082,-3.1069496655119315,0.001890285811996083,0.00948357463397568
GPRC5B (51704),2.0002075361255596,-0.2548323834315975,0.07752904771081641,-3.286927815521778,0.0010128679325101296,0.005539662272827121
JAK2 (3717),1.2374043744323555,-0.25500800986506833,0.06321013751657023,-4.034289749776596,5.476770339459831e-05,0.00041723284317727905
RGS5 (8490),1.785766333454725,-0.2557064134770326,0.058584157762495544,-4.364770669123299,1.272561920164016e-05,0.0001123648277628391
PDLIM2 (64236),3.924722488783075,-0.2567208539756989,0.03566292580286907,-7.198535964063997,6.08624942024954e-13,2.2389659847695496e-11
SV2A (9900),1.8854071445892615,-0.25697125120057257,0.08778769519915144,-2.9271898597818122,0.0034204000859880393,0.015661393698653693
ABCA1 (19),1.3425142966497252,-0.25719114346105076,0.07456731849039758,-3.449113481185067,0.0005624302832756442,0.00332246801812538
TDRP (157695),1.1502228312944467,-0.2573685194961024,0.08336593946474545,-3.0872142885757405,0.0020204189124653905,0.010048733313142585
RASSF4 (83937),1.3678021403632499,-0.2578610403365859,0.072916797156902,-3.536373653134021,0.0004056604903464522,0.002489220121432594
LATS2 (26524),2.0318220928853132,-0.25833789726387446,0.04946958347234808,-5.222156305566573,1.7685159107083003e-07,2.335306535997689e-06
EPDR1 (54749),2.7694237497659673,-0.25842607855648514,0.05828654234842486,-4.433717769904202,9.262185935791009e-06,8.354847097716518e-05
ITPKB (3707),1.6546616060758936,-0.2586011735323653,0.05554396814051344,-4.655792198320507,3.227373255147652e-06,3.2437580492285616e-05
TPK1 (27010),1.2845323438375442,-0.25866346019996006,0.06229121751574423,-4.152486827450152,3.288816905545971e-05,0.00026392345537834316
FHIT (2272),1.1409013300416297,-0.25870986913064314,0.075780005658459,-3.413959485522478,0.0006402609590835979,0.0037180109573029005
ZFP28 (140612),1.011375620046886,-0.25878655666533645,0.07053570270834716,-3.6688733042807233,0.00024362176670253576,0.0015874980951954755
OLFM2 (93145),1.4294334097536978,-0.25883248853839075,0.10088103039006309,-2.565720111477827,0.010296187182329573,0.03920942352450791
ASPHD2 (57168),0.8681405230232702,-0.2589193417463237,0.0755451710034452,-3.4273447039323774,0.0006095148200703936,0.0035670011601630263
CMTM3 (123920),3.441499723876436,-0.2589705419242769,0.03820867060246281,-6.777795140236689,1.2202370247521063e-11,3.642794895718292e-10
RUSC2 (9853),2.120616151402111,-0.25921612991287935,0.04839276244416839,-5.356506155480207,8.484661096627545e-08,1.2089035119304739e-06
TNFRSF10B (8795),4.795183521256197,-0.25927222036633313,0.03226539449515052,-8.035612904261923,9.311227436792766e-16,5.6263746190355e-14
MROH8 (140699),0.4726603771370676,-0.25932790347815854,0.10213796830886934,-2.5389961027415437,0.011117106164800298,0.041712713056255686
FHL1 (2273),3.042226613918242,-0.2604147347534195,0.06552435235974857,-3.97431985780895,7.058065861659944e-05,0.0005246821094591676
ZNF354C (30832),0.767407194503173,-0.2604809078340969,0.0850762054253294,-3.061736316656936,0.002200572105081973,0.010816663800412732
KCTD12 (115207),1.5860914059466753,-0.26052169407383624,0.06825745107325751,-3.8167509916863223,0.00013522051412425375,0.0009358453797210312
PLA2G4C (8605),0.9828707715580547,-0.26081376679521034,0.07887742456078,-3.30657052062136,0.0009444557401991737,0.005216696426959166
HOXC9 (3225),1.3850423659780204,-0.26154841057013384,0.06734143286312465,-3.8839151388677178,0.00010278779559727836,0.0007329597974202133
PPM1K (152926),1.8419834363276564,-0.2630983918406698,0.051958232578919177,-5.063651682936878,4.113008420953214e-07,5.027158789736966e-06
CREB5 (9586),1.3742138539632824,-0.2631354429627343,0.07406677605577433,-3.552678501418584,0.00038133020316922,0.002358197384662591
HAPLN3 (145864),1.4995234984412986,-0.26320824998334025,0.07198052397239821,-3.656659266390873,0.0002555236733209408,0.0016528844319805998
SGCB (6443),3.072137584530298,-0.2633287891669716,0.04016888593243325,-6.555541261709578,5.544041657895032e-11,1.4634324699068185e-09
B4GALT6 (9331),1.5831689452433968,-0.26346693039404095,0.056091777396365526,-4.6970686725129935,2.6392173757527282e-06,2.7179784144815573e-05
ARMC9 (80210),2.7611627336887397,-0.26398439271545093,0.04240356844016059,-6.225523049740083,4.799520821910807e-10,1.0674496685155277e-08
BBS5 (129880),1.4980026096017423,-0.26468149134745017,0.05737040257138672,-4.613554716094308,3.9583999464004345e-06,3.908010865717909e-05
TTLL1 (25809),1.700489021069245,-0.2653374328228416,0.05405298922557633,-4.908839208050524,9.161705412295526e-07,1.043505069140034e-05
CHST10 (9486),2.2309351648919202,-0.26547379695957973,0.047109104872998527,-5.635296991425984,1.7475690096349393e-08,2.8756160496403685e-07
LRMDA (83938),1.2774248053327664,-0.2657265814443669,0.10138596868794793,-2.620940401153899,0.008768759005919956,0.034340121812355975
PRRT3 (285368),0.8099437263924762,-0.2666528095563688,0.07840336699594601,-3.4010377331136366,0.0006713056089206621,0.0038758496515043294
CDC42EP5 (148170),1.483816430046497,-0.2674295420608165,0.09577761040224243,-2.7921926736079357,0.0052352172580130635,0.02246693635597962
HOXB2 (3212),1.7167041494701782,-0.26822220446125794,0.09586239812875716,-2.7979918059320448,0.005142141713964268,0.02213695686074575
CDH2 (1000),2.6147556634820113,-0.2689246274881227,0.08618886246470935,-3.1201784058611497,0.001807415359071841,0.009128691336889868
ATP10D (57205),1.8954711895176237,-0.26898596724826135,0.05122846388958764,-5.250713115817897,1.5151149563315973e-07,2.02634841181913e-06
PLAGL1 (5325),2.0375777077503354,-0.26910431154003284,0.07029081113052144,-3.8284422559918836,0.0001289568778082449,0.000897449206060524
ETV1 (2115),1.7407627519181126,-0.2699169988002946,0.07268883529051094,-3.713321278591605,0.00020455693650510122,0.0013510815042386975
LEF1 (51176),1.938845883729465,-0.27008848657436973,0.09607024650525615,-2.811364562904424,0.004933185483991255,0.02138424338580594
GSDME (1687),2.7892619391569466,-0.2705789230518652,0.052279546607485815,-5.1756172463271035,2.2715872388345698e-07,2.9262244516699432e-06
SNCA (6622),2.0557582777364694,-0.2706279738154007,0.1007141244634028,-2.687090567060837,0.007207740660025037,0.029286434234603486
RCBTB2 (1102),1.4928347654927618,-0.27084349408108827,0.05775776083979889,-4.689300453186187,2.7414062047784557e-06,2.8116699220924775e-05
TMEM255B (348013),0.945817138368472,-0.2708510610808825,0.10356266673667273,-2.6153349427508616,0.008913999361460848,0.034809248479766394
ETV5 (2119),3.2314475288135203,-0.2708995070422853,0.039271845048838946,-6.898059072737515,5.2717826217640136e-12,1.6628771766679528e-10
SEPTIN5 (5413),2.3599346057504738,-0.2709492739771774,0.056903425386874734,-4.761563511072467,1.9209882212551427e-06,2.0282939492635e-05
BOC (91653),0.9532062614013939,-0.27167201389831885,0.10590705058428129,-2.565192896974513,0.010311845976192507,0.03921942228457848
KAT2B (8850),2.0025693164937373,-0.27196824604455944,0.04965861604871132,-5.47675846982484,4.3318785126834826e-08,6.570306865104403e-07
AKAP7 (9465),1.3457181384024854,-0.2722184569189991,0.06085140040122748,-4.473495353009295,7.695123124958202e-06,7.107478363297796e-05
KLF2 (10365),1.093167189780847,-0.27235913433781994,0.09152187070484112,-2.9758912513510642,0.002921384365772379,0.013733903134550342
ZNF626 (199777),0.9293160926595471,-0.2728850310678131,0.09170497345900709,-2.975684096237104,0.002923358283726928,0.013736679805420161
FST (10468),2.018446210914056,-0.27315422226380526,0.10289330178330261,-2.6547327914413605,0.007937125315649628,0.03162658567247465
ST3GAL5 (8869),2.404870429729492,-0.2734235787809747,0.04654547748298206,-5.874331805510938,4.245522730880319e-09,7.88618950726238e-08
RPS27L (51065),6.020684960020709,-0.27389157022822025,0.028766237354748633,-9.521285903698738,1.7104919924847988e-21,2.992565409177475e-19
ITGA5 (3678),3.6121357390358857,-0.2747386268595949,0.05211728781163994,-5.271544978559579,1.3528012519740178e-07,1.8353694893779146e-06
GRK5 (2869),1.0148187429119828,-0.27555149683562946,0.07031877058379256,-3.9186051540431803,8.906287341080506e-05,0.0006442499967975831
GIMAP2 (26157),1.0296517393651379,-0.2763688837055327,0.10006387910265872,-2.7619245444402276,0.00574617565873861,0.02427884272995819
ANTXR1 (84168),2.951465562966121,-0.2763818799066463,0.06028612230297608,-4.584502524770987,4.550685890857729e-06,4.4547573138481064e-05
MAN1C1 (57134),0.880638242280639,-0.27815887790862326,0.10919111661895912,-2.5474497058154073,0.010851349369477833,0.04091964977773521
WASF3 (10810),1.3196000563180204,-0.2786116089420522,0.07019784430085334,-3.9689482165289993,7.219056612060098e-05,0.0005353273818879065
CSF1 (1435),2.299732819109961,-0.27897087227431583,0.0640945679152196,-4.352488539174202,1.3460091050828843e-05,0.0001181566685827134
LYST (1130),2.060611699463096,-0.27939468538494194,0.049330426432733415,-5.663739513095885,1.4810919152209885e-08,2.456946963221058e-07
DLG4 (1742),2.226288271150919,-0.28029898098778033,0.04770951305392506,-5.875117205052256,4.225442844864271e-09,7.858592465244477e-08
YPEL2 (388403),1.2757215641472306,-0.28047689924527147,0.06250715039103386,-4.487117033661858,7.2193421769868605e-06,6.742533978581273e-05
TGFBR3 (7049),1.2600733737615837,-0.28065101126355535,0.07007168723295848,-4.005198423872832,6.196544390857039e-05,0.0004657003341899851
GLI1 (2735),0.6690857064005281,-0.28142981335693856,0.11394682556438955,-2.469834608932629,0.01351755330344147,0.04893770620875369
TTYH2 (94015),1.2208893901356503,-0.2819299429333096,0.0809134604501641,-3.484339210865351,0.0004933537904524413,0.002953840481952818
FSTL1 (11167),3.8291940511794715,-0.28212947307886826,0.0691267775718439,-4.081334079049891,4.477793796580753e-05,0.00034818028663232044
SASH1 (23328),1.8908772452936844,-0.2830478097167611,0.053744501580142094,-5.26654450957535,1.3901555369039623e-07,1.8826534840915406e-06
C1R (715),2.8737744705573833,-0.28369741222178696,0.06317429111558244,-4.490709863332535,7.098619301650455e-06,6.638025233849145e-05
STOM (2040),3.795080262980519,-0.28371851660305436,0.03787901845367883,-7.490123244613786,6.880897033372148e-14,2.9081454147223973e-12
IKBIP (121457),3.868505397389389,-0.2841722089727109,0.03586551376147097,-7.923271665997627,2.3134137753276466e-15,1.2939637049657907e-13
SHROOM2 (357),0.9651686271267719,-0.2844749468346799,0.09367202762484371,-3.0369252598438616,0.002390047092967852,0.011600209213159452
PTPRG (5793),2.057965819524819,-0.2848391693759331,0.04967093219688576,-5.73452433400861,9.778638553087798e-09,1.6853309927807446e-07
COL4A2 (1284),3.477770371606942,-0.2849767455708141,0.07208763026446281,-3.953198968052355,7.711326231739539e-05,0.0005667290760326881
NPR2 (4882),1.9230435866148654,-0.28601188590163756,0.05097283530212855,-5.611064878113503,2.0108535267055614e-08,3.2567601897537003e-07
NFATC1 (4772),1.3713892524442148,-0.2864274191927641,0.06353136702327462,-4.508440989280647,6.530572721568115e-06,6.156578769969541e-05
FZD8 (8325),0.8500583593922953,-0.2872920138002201,0.10569628882778843,-2.7180898874160726,0.006565999770146345,0.02714066828066536
NREP (9315),3.8454487152625036,-0.28745681253990696,0.04346738887985381,-6.613160347276736,3.762005686750848e-11,1.0198763524838425e-09
ZNF132 (7691),0.7382217083432036,-0.2875498112144984,0.08152735203235982,-3.527034842249804,0.0004202414581092432,0.0025695047134561876
FKBP7 (51661),2.8081088848610074,-0.287651061030148,0.042117035416761775,-6.829803146962911,8.503123152938105e-12,2.6003656699005435e-10
MAMLD1 (10046),1.085723285553731,-0.2879365947014393,0.0788727451896052,-3.6506475590428296,0.00026157997715104927,0.0016877068337112723
TBC1D19 (55296),1.5334787548719098,-0.28817636432662974,0.05673971555801103,-5.078918029329852,3.795904326199448e-07,4.662300121795665e-06
POU6F1 (5463),0.9187535152458939,-0.2882668228718376,0.07325255099176439,-3.935246199197168,8.311145296934831e-05,0.0006061536216077628
APOBEC3C (27350),3.5030504072447073,-0.2883952764769915,0.03786280318516117,-7.616849578375027,2.5994195761532034e-14,1.1674885654567493e-12
MSRA (4482),2.07692533705305,-0.2884537602985196,0.04886311515743215,-5.9033027134915566,3.5629563901001816e-09,6.73443487652552e-08
SACS (26278),2.4174771588359714,-0.2893595585617056,0.04515652986759227,-6.4079228277762725,1.4751553819012053e-10,3.5856523224693917e-09
GPX7 (2882),1.6518857140392937,-0.2900926384331446,0.10262951868946213,-2.8266003985745183,0.0047044993972112596,0.020564758259860726
PRRT1 (80863),0.6098081191749659,-0.29113200398729644,0.09317473790328422,-3.124580873943458,0.0017805856721450752,0.009017398863377582
ZNF365 (22891),0.5907022761992623,-0.29130748496206255,0.11342581654605648,-2.5682643848878737,0.01022091685897065,0.03897210214396158
SPON2 (10417),1.4589070920788973,-0.29135021833989594,0.10037049902152109,-2.9027475321949496,0.0036990470596138716,0.01677391864344494
KCNQ5 (56479),1.1160644775923148,-0.2920340491194508,0.07759533001747755,-3.763551866506311,0.0001675169632656367,0.0011312658120712612
COL6A1 (1291),3.496430975025966,-0.2930486140374311,0.06457696688832376,-4.537974267887418,5.679718881481951e-06,5.418963239744923e-05
HOXC4 (3221),1.1852805752103768,-0.29410309831980325,0.0738705169908658,-3.9813326114418492,6.852997345448974e-05,0.0005106993465063164
ARSG (22901),1.2059362972364713,-0.29439574300702603,0.06422561140124577,-4.583774861523789,4.566559198875478e-06,4.4673894477425516e-05
MCC (4163),1.431117179977423,-0.2953904358085647,0.07297970079087306,-4.047569839386169,5.175214307746192e-05,0.0003968719392168665
PAG1 (55824),1.1410959066810833,-0.29542522446367797,0.08378202432825216,-3.526117049955996,0.0004217005455540419,0.002574819520755639
DCP1B (196513),2.335706099284516,-0.29573710656305485,0.046052542880686595,-6.421732396607363,1.347321236515044e-10,3.3015953297402855e-09
EML1 (2009),1.7596740185895634,-0.2958069126797366,0.06846134913959113,-4.320787077634024,1.554736409924611e-05,0.00013480471926218527
PRDM1 (639),0.6874741135876261,-0.2959989838780275,0.11690934126601818,-2.531867690576621,0.01134567935818705,0.042359079807266095
SPART (23111),3.406879157859859,-0.29608762442141406,0.04203148460389456,-7.044424607214068,1.862294475774013e-12,6.254482741628527e-11
GJA1 (2697),2.6385884952215193,-0.2960897958386386,0.10522646228436862,-2.813833986345303,0.004895450295491313,0.02127583626399835
APBB1 (322),2.288852721454089,-0.29678633607822563,0.054187039866066405,-5.477072318616954,4.3242052306452154e-08,6.565286770967498e-07
DZIP1L (199221),1.3854119271699006,-0.2968685558000261,0.05987095324307937,-4.958473846152463,7.104910107942633e-07,8.223113652623451e-06
LMF1 (64788),1.9687519915644798,-0.2969100813709617,0.05028840103785223,-5.9041463884977485,3.5447730503041403e-09,6.708761674827181e-08
LOXL2 (4017),3.391356170227613,-0.2972982921558886,0.06863297930683168,-4.331711884847402,1.4795446972480685e-05,0.00012890115526806276
ITPR1 (3708),2.3076017110957885,-0.2973197335940241,0.046720294944771194,-6.363823985817951,1.9679164595074838e-10,4.648237213461476e-09
SMO (6608),1.918764852533683,-0.2976681342734021,0.0664698456612836,-4.478243199032785,7.525983384336646e-06,6.981254377356916e-05
ARL10 (285598),0.9753259991868193,-0.2977050809802327,0.0767070828727271,-3.8810637796536596,0.00010400055988716893,0.0007412564775283486
DIP2C (22982),1.5912533280823518,-0.2977118385152153,0.0557123991860905,-5.343726762166506,9.105479286345005e-08,1.2827812859770313e-06
C1orf21 (81563),2.4440511851252045,-0.2977815476067101,0.04555125692948249,-6.537284976959103,6.264561441774779e-11,1.6449666920234437e-09
ZNF471 (57573),0.49520666416176584,-0.298806961780001,0.1070858893952877,-2.790348602111437,0.005265131805454856,0.0225759969064901
GFPT2 (9945),1.4471838379193969,-0.29882937027316864,0.10014451515798894,-2.983981397301016,0.002845240696648601,0.013424111483780135
NUPR1 (26471),2.8568149563225447,-0.2989319702546901,0.08604899396933056,-3.473974028810086,0.0005128106669095887,0.003059377198382899
ANGPTL4 (51129),1.2552878052146492,-0.2992717870109912,0.10380040966057615,-2.8831464922884207,0.003937242925832151,0.017651894237804097
ITGA7 (3679),1.732745675069571,-0.29941960249622407,0.06760923420308634,-4.428679100207227,9.481196776916821e-06,8.53194298477814e-05
JAZF1 (221895),1.7326212169650757,-0.2998063371439793,0.05390499765244345,-5.561754015406946,2.6707657339309305e-08,4.207784422274846e-07
TMEM158 (25907),1.4988585391289013,-0.3012241598616008,0.09161869006166522,-3.2878025177925783,0.0010097264096896714,0.005526498203052309
SNAI2 (6591),2.2045715754806205,-0.3013017583649006,0.08402994220573505,-3.585647573423378,0.0003362427949032179,0.0021176681005080854
NATD1 (256302),1.1269161721932908,-0.301622054947832,0.06631125155785501,-4.54858033684787,5.400902531756296e-06,5.1891430072033984e-05
SLC30A4 (7782),0.8926426932642431,-0.3016291434205822,0.07425097307446239,-4.062292128051901,4.859321320338537e-05,0.0003747480706602441
TLE4 (7091),2.155223096292108,-0.3027416314100362,0.05062665421838434,-5.979886209823834,2.232935469535852e-09,4.3688877860385474e-08
CHST2 (9435),0.9669364596129825,-0.30283824523500164,0.09717588911431453,-3.1163928418370594,0.001830782046893805,0.009228122840055007
SPOCD1 (90853),1.4380942656715732,-0.3035371427828868,0.10901621193603814,-2.784330306404131,0.005363837993475254,0.022940394101713665
PGF (5228),1.106679539328464,-0.30357370852853466,0.09466273209941388,-3.206897812855481,0.001341746478164757,0.007082965820629064
PCOLCE (5118),3.3485299028558138,-0.3040641138036581,0.04435408155891305,-6.855380680124933,7.112286514632581e-12,2.1973606344797087e-10
FZD4 (8322),1.0375226345044342,-0.3056075048940344,0.0747885629043252,-4.086286632957355,4.383322126026759e-05,0.0003420719123869223
MAP3K12 (7786),2.5915141355529454,-0.30590021769298714,0.043636224370585536,-7.010235695350157,2.3791698547450604e-12,7.884799478963475e-11
NAV1 (89796),2.2843074251488598,-0.30618541635738333,0.048674224118212615,-6.290504304984223,3.164362739775645e-10,7.257774661991518e-09
RASA3 (22821),2.524602147657724,-0.3072778989788768,0.044410618206106,-6.919018725495456,4.547827532312668e-12,1.452297625637166e-10
DZIP1 (22873),2.038571421870913,-0.3078533864488571,0.06738648687439092,-4.568473602470164,4.912889292775433e-06,4.762843575972884e-05
PLCB4 (5332),1.6856899292881502,-0.3078816836686263,0.07571675426803186,-4.066229286304948,4.7779928783920424e-05,0.00036961275500404454
CYP2U1 (113612),1.3422443061038998,-0.3095568552010302,0.06060861428553103,-5.107472903813445,3.2649589830358255e-07,4.04324515510659e-06
RASSF8 (11228),2.369047400993046,-0.3095674857590952,0.048782623079233166,-6.345855680132103,2.2119252094083455e-10,5.1919854447360325e-09
TMEM117 (84216),1.5059258976806127,-0.30962952464804294,0.05752018147763421,-5.382971970775811,7.326595067828142e-08,1.0538809693168474e-06
BTG2 (7832),2.8803403517693313,-0.3098903658495818,0.043140704349103776,-7.183247712922879,6.80745956825593e-13,2.4920933494885334e-11
DIXDC1 (85458),1.4670939256890014,-0.31032578866234695,0.058055083460048236,-5.345368056802533,9.023350849759206e-08,1.2738505971820848e-06
AKT3 (10000),2.4862857317258458,-0.31085086932930245,0.05135024126008755,-6.053542528745901,1.4169464111366374e-09,2.8927239758428555e-08
MOCS1 (4337),1.3035429610060092,-0.3109511089468893,0.06264041324552604,-4.964065414576401,6.903267530189446e-07,8.008216134096408e-06
ENPP1 (5167),1.0252367233809065,-0.31112685994638395,0.09069894737357091,-3.4303249260977013,0.0006028588669339725,0.003532170760081211
SLC22A17 (51310),1.3780198321637673,-0.31132679965376325,0.08962062426534362,-3.4738298489419654,0.0005130862883136832,0.0030598082813982075
CEP112 (201134),1.3939830240557012,-0.31150745001874985,0.059882263537908445,-5.201998582126912,1.9715673054385235e-07,2.5727841871316587e-06
C14orf132 (56967),1.2783405262456355,-0.3118403242598336,0.09450866150250989,-3.2995951831520967,0.0009682438665540928,0.005330478308149609
FRMD4A (55691),2.6961547722066745,-0.31190072894078685,0.04732229518148733,-6.590989041097982,4.369061401488237e-11,1.1738731758355717e-09
FDXR (2232),3.134482861129015,-0.3119773906541328,0.039780341613819374,-7.842501547190193,4.4165828607702855e-15,2.356450557558501e-13
SLC1A1 (6505),1.2108679531099937,-0.3120922687020925,0.08395408706784697,-3.7174160258556213,0.00020127085521472356,0.001331130236290431
CA12 (771),1.6138945865661476,-0.3127773591028704,0.11104962260035732,-2.8165549038242657,0.004854174539207873,0.021108644542462907
RNF122 (79845),1.3484571262634384,-0.3139770841008418,0.06084066212596992,-5.160645415902209,2.460999164247509e-07,3.143310137968423e-06
PLEKHO1 (51177),2.916675037155568,-0.31640312425155015,0.04235181441250414,-7.470828077630929,7.969171774758523e-14,3.330671070083798e-12
UST (10090),1.2998135153066166,-0.31681914386548715,0.0645525653888115,-4.907924912933042,9.204507890494434e-07,1.0475871839665602e-05
SNRPN (6638),4.438460305188521,-0.31725609420302575,0.04438357161964199,-7.148052367705888,8.801773681043853e-13,3.1606560096655324e-11
MAGEH1 (28986),2.346541033824067,-0.31800364709469886,0.05202716659634957,-6.112261495266807,9.82290502730044e-10,2.061303054961819e-08
HSPB8 (26353),2.0444819873417344,-0.3182326392640254,0.08953098415553559,-3.5544414290273325,0.00037878286983667657,0.0023457027402337778
KLHDC1 (122773),0.29059780950142844,-0.3191269716100317,0.12412561931419354,-2.5710000350712456,0.010140531668520324,0.03872624496159085
ARID5B (84159),2.0970127272175856,-0.31933901539104387,0.048712424071304807,-6.5555968827089846,5.541975465928106e-11,1.4634324699068185e-09
TAGLN (6876),3.1617866962610695,-0.31943256932134273,0.05919928582575896,-5.395885522361324,6.818641308901406e-08,9.893276483484142e-07
TNFSF9 (8744),1.638290105664273,-0.3202726122070399,0.06650789186664278,-4.815558022034879,1.4678910233294375e-06,1.5958011804201387e-05
PIK3CD (5293),1.8009003060622413,-0.3203022526554456,0.06403325158608641,-5.002123814137888,5.67021528133031e-07,6.701811400070372e-06
DCLK1 (9201),0.8692972523189066,-0.3208112737996252,0.12504542233827345,-2.5655579212789177,0.010301002136784412,0.0392178335399945
GNB4 (59345),2.5018651714942877,-0.3208403643403672,0.045341627001238005,-7.076066421957179,1.4830379934855084e-12,5.059816247161669e-11
SERPINE1 (5054),3.4700754926940576,-0.3227768899361662,0.0884463572464742,-3.6494085226899866,0.00026284481800576575,0.001694414366630142
LHFPL6 (10186),2.482376819421938,-0.32294933123808767,0.05829138892833402,-5.5402579553411515,3.020264232569008e-08,4.7237937259078266e-07
NRN1 (51299),1.6639671774118023,-0.32300006271758536,0.1142174490356151,-2.8279397363958636,0.004684862471464916,0.0205027459993197
TTC28 (23331),1.2513439330146026,-0.3231903596601916,0.06347134422876459,-5.0919097994103115,3.5447474167504404e-07,4.375247713898862e-06
TRAF1 (7185),1.0415211955834338,-0.3234992082214257,0.09045772233143563,-3.5762475539250236,0.00034856159417489445,0.002180799757214176
MYL9 (10398),2.957265508622863,-0.3235360272158893,0.09121384867276232,-3.547005547113829,0.0003896363872534749,0.0024075848388565844
ADHFE1 (137872),0.6831781856965167,-0.3239408688827887,0.09520561657287241,-3.4025394776456013,0.0006676270925322397,0.0038560910688061724
LDLRAD4 (753),0.9195405380002628,-0.32434622394475493,0.1256927438481384,-2.580468959581542,0.009866622593645775,0.03789004684634873
BATF3 (55509),1.137201812105872,-0.3245844437011857,0.08560216698162043,-3.7917783526540507,0.00014957237923109127,0.001023167115516155
ARHGEF25 (115557),2.1597556098951154,-0.3252139117417612,0.052492873349767835,-6.195391697741758,5.814025903224578e-10,1.2660955664954704e-08
AHRR (57491),1.4274771504766783,-0.3256786861476248,0.076540395938259,-4.254990873189788,2.090575425267508e-05,0.00017631613143820026
PINLYP (390940),0.7936567400997119,-0.32597521372270694,0.1282587425659511,-2.541543813709926,0.011036411297797274,0.04146163405409683
TNFRSF10D (8793),2.1408460831065237,-0.3263575203023386,0.06488188573011627,-5.030025200868245,4.904153735911325e-07,5.8888984126513804e-06
SPRY4 (81848),2.113316693035353,-0.32694023174075165,0.05850327782384645,-5.588408784977308,2.2915969272521692e-08,3.640904685051335e-07
MPDZ (8777),2.1945019509969517,-0.32723996760241025,0.05774566574757168,-5.666918258989357,1.4538865682014373e-08,2.4198204983582773e-07
LDOC1 (23641),2.137085962044613,-0.3278183499546868,0.09045517616196878,-3.6240971922678713,0.00028997255536106605,0.0018534099693978756
SOCS2 (8835),2.3307608545711074,-0.3283060739915665,0.05039748113232684,-6.514334974987047,7.301240042967534e-11,1.887533637224906e-09
NBEA (26960),1.1607250000412834,-0.32833078453536996,0.06838311835574466,-4.801342676818537,1.5760530231923624e-06,1.7047659084796754e-05
GSPT2 (23708),1.6304934332702008,-0.32961046711161346,0.05632848632253768,-5.851576859783866,4.869341664963126e-09,8.904022847678738e-08
APOBEC3G (60489),1.946795139452481,-0.3296915438121335,0.07615354417629187,-4.3293000657843725,1.4958400290581794e-05,0.00013024542290051717
GLI3 (2737),1.249556012486488,-0.3298793843108315,0.07537812179433835,-4.376327990910603,1.2069535495629854e-05,0.00010707442869531061
LRP1 (4035),3.036754952921085,-0.329933134636651,0.045947002971097335,-7.180732437416937,6.933893489826855e-13,2.5260862336061713e-11
EMP3 (2014),5.60917705817344,-0.3315614919558579,0.0350722248302214,-9.45367719216246,3.271319350976047e-21,5.236199037743149e-19
TNS2 (23371),2.00213263559229,-0.3318507373658595,0.05693079624560969,-5.829019779280722,5.575389568909964e-09,1.0070505576688992e-07
CALD1 (800),4.251631149414394,-0.33215139017242845,0.054324461297904345,-6.114214153932931,9.70339277831606e-10,2.039067705901445e-08
TRAM1L1 (133022),0.7736532016722282,-0.33289628011222083,0.08188777152261092,-4.065274630416597,4.797593492128752e-05,0.00037074777443538365
PRTG (283659),0.8085042898299044,-0.3335553284778727,0.08523290518490982,-3.9134572235246012,9.098402427064755e-05,0.0006558072006946665
ZFHX4 (79776),0.7110552302826788,-0.33371727686970604,0.10416954196126105,-3.2035974296000074,0.0013572210875760114,0.007145118433753907
MME (4311),2.1144170646492397,-0.33418465843306383,0.1007934564881098,-3.3155392232479515,0.000914665043116544,0.005074502300417227
GDF15 (9518),3.857052012136995,-0.33428296417857084,0.059701043161334136,-5.599281796051964,2.1524166987290775e-08,3.448909653788893e-07
PCDHB16 (57717),0.6027518911886158,-0.33472461581883745,0.12587867011550607,-2.659105116948683,0.007834851405416704,0.031293648591956394
ARHGAP24 (83478),1.3789452781223543,-0.33510938969513443,0.0752203584022866,-4.455035801650044,8.387919624699221e-06,7.672014509010606e-05
TMEM98 (26022),2.9308239149444226,-0.3351946821299688,0.06840605670168595,-4.900073155681659,9.580097694598194e-07,1.0862256964048562e-05
C8orf88 (100127983),1.6459826671163071,-0.335266413542324,0.08070155647766007,-4.15439835581279,3.261445550850447e-05,0.0002621352016992298
COL1A1 (1277),3.1956101358020574,-0.33564704851614413,0.0756293240422677,-4.438054323063336,9.077571196939016e-06,8.208000975309162e-05
RASGRP3 (25780),0.9613917456858972,-0.33606597850914854,0.11887169711687266,-2.8271319974403504,0.004696696370703173,0.020536615400639332
VEPH1 (79674),1.554053941398112,-0.3366210464141822,0.0887914208087277,-3.7911438216460467,0.00014995508318308153,0.001025090495943955
LYRM9 (201229),1.3360303993512452,-0.3370654872128807,0.06096170555197342,-5.5291347930794466,3.218140079048931e-08,5.002080127001056e-07
PKD2 (5311),3.123396948463175,-0.3370746681704538,0.039714524954561695,-8.48744051593488,2.1123780412764334e-17,1.6640230371227863e-15
LPXN (9404),2.6501413368910143,-0.33815933333035086,0.054258618417580035,-6.232361663318462,4.594552219110857e-10,1.0270455099200182e-08
GBGT1 (26301),0.6864140316207578,-0.33868698508719913,0.1271196535473949,-2.664316458044185,0.007714495180762409,0.030903166797058366
S1PR3 (1903),1.2629235292245562,-0.3394356559437354,0.09147505041757838,-3.7106911053257807,0.0002066941916213506,0.001363402370510671
NNMT (4837),3.0660505546017487,-0.3407118431041141,0.10350879854356919,-3.291622044677688,0.0009961138480945907,0.005462423218618241
THSD1 (55901),0.8520259632805647,-0.3416733513369532,0.09325783849481782,-3.6637494161516453,0.0002485499557764867,0.0016140192639676387
CPT1C (126129),1.7485597042089434,-0.3418246354551312,0.08629075052025163,-3.96131257862809,7.453887781126347e-05,0.0005497497700901725
JCAD (57608),1.0124833492909737,-0.3429389587044026,0.10889791154709769,-3.1491784721333573,0.001637301693058635,0.008387756647517952
LPAR1 (1902),1.8376748851953328,-0.3432600392170317,0.0826388063230823,-4.1537390784062405,3.270861265561676e-05,0.00026275162093775215
MAP3K7CL (56911),1.6052721840133968,-0.34422515660090314,0.07079242263061254,-4.862457644613096,1.1593719226477037e-06,1.2854760462901512e-05
TMEM106A (113277),0.9288610912583738,-0.34429765768842374,0.07308099004230764,-4.711179439264642,2.4628726004908703e-06,2.55798623496164e-05
TWIST1 (7291),1.5434743307696235,-0.3445368852207033,0.0921946546602815,-3.7370592307140957,0.00018618507657556008,0.0012428308172829977
LYNX1 (66004),0.6011008509167255,-0.34460109493636043,0.12815329480602855,-2.6889756947563845,0.007167163743219734,0.02916882490681204
FCRLB (127943),0.4336414543634626,-0.3447749537711904,0.12833885427167088,-2.6864425097746483,0.0072217374866916755,0.029311643438026152
ANKRD34A (284615),0.412212363018268,-0.3448663862542249,0.11175606416835834,-3.085885216346653,0.0020294715032692714,0.010081026159851257
SPP1 (6696),2.5596205511488908,-0.34490259038924587,0.10325403942127438,-3.340330241048007,0.0008367882095693749,0.004692625941550807
RRM2B (50484),3.2753049868845676,-0.34502051739129064,0.03885525201656916,-8.879636586687496,6.707915186788943e-19,6.893677013439876e-17
FGD1 (2245),1.3805430958210152,-0.34517545758568946,0.060046025117468524,-5.748514692028655,9.003082409326459e-09,1.5678284482722905e-07
CAMK1 (8536),2.1739216257705953,-0.3453245385243869,0.05588526355827931,-6.179169901637292,6.443951838303794e-10,1.3968245066619358e-08
IL12A (3592),0.5328519899317573,-0.3453935932683959,0.10575441180907529,-3.2659970147813357,0.0010907939932719624,0.005901505365972652
RBM43 (375287),1.2404675015901725,-0.34542815435996843,0.06310647747133889,-5.47373531531453,4.406470790350136e-08,6.669995926721141e-07
KLF9 (687),1.9474076468077797,-0.3469127453750443,0.05207871788620258,-6.661315014188421,2.7138823663137745e-11,7.575709477468841e-10
ZNF677 (342926),1.3487108971780992,-0.3475825089009531,0.11846365903707526,-2.9340855391962113,0.0033453200011127077,0.015378455464937917
AASS (10157),1.6567585934411835,-0.3476755274765373,0.058028791993380166,-5.991431417634881,2.0800204054842986e-09,4.101702099726967e-08
NFATC2 (4773),0.9412126559299568,-0.34810756438085044,0.10209436195107033,-3.4096649190842117,0.0006504273925399284,0.0037683213508493503
FMNL3 (91010),1.8017742579070786,-0.3488839336503532,0.05225225626408645,-6.676916148597873,2.4402247200117407e-11,6.903214968685116e-10
ADPRH (141),0.782876145542801,-0.35231864676982566,0.09521912927156494,-3.700082635339092,0.00021552927396278993,0.0014204351537644053
ZNF624 (57547),0.7899002049913875,-0.3523385508578806,0.07870969965856685,-4.476431143636459,7.590113207605401e-06,7.031990598130302e-05
STARD8 (9754),0.5866627274697253,-0.3535540119933455,0.11560090371437143,-3.0584017999280735,0.0022252099640050873,0.010916370759185048
CCN2 (1490),3.4410414917409584,-0.35390742677835624,0.07006881165326138,-5.050855272523855,4.398362358014114e-07,5.345537967583228e-06
MYLK (4638),2.4077680763687828,-0.35604571214212755,0.0691263449850103,-5.150651495017338,2.595831527176079e-07,3.2903859442199903e-06
EVI2B (2124),1.0475514260487988,-0.3561262969052448,0.13002976594405213,-2.738805952003906,0.0061662756546353075,0.025721592320388918
GLIPR2 (152007),2.0990685876163044,-0.3563990458587687,0.058680798698421945,-6.07352070462451,1.2513585649560401e-09,2.575641719333595e-08
INHBA (3624),1.49033790287052,-0.35652384734832515,0.12614536240620491,-2.8262937340515992,0.004709006080887599,0.020575890661621275
PROS1 (5627),2.267007756733779,-0.35668048931445756,0.06217805171143486,-5.736437207292911,9.668887355820806e-09,1.6683265958220167e-07
CERS1 (10715),1.2193463136312868,-0.357314652791065,0.08854616468096087,-4.035348725475566,5.452125838141845e-05,0.00041556578196900806
DYRK3 (8444),1.602637230973323,-0.3573655873440057,0.05545759078285865,-6.443943602657611,1.1640835649102892e-10,2.89500848225458e-09
SEMA3D (223117),0.631236318436047,-0.35811121254272266,0.14435778883635567,-2.480719713355255,0.013111742920606363,0.04779052422079538
PLCL2 (23228),1.1657806993264408,-0.35843804882217895,0.07599699690295494,-4.716476484983869,2.399640870033893e-06,2.4968877268692913e-05
EHD3 (30845),1.2311753649293147,-0.3585527811365871,0.07015568349473333,-5.1108158779965995,3.207704916636541e-07,3.985394564468488e-06
LPAR6 (10161),1.1307973084152445,-0.35873750186659414,0.10071036968267215,-3.562071145175403,0.00036794063705742377,0.0022885633836982216
VASH2 (79805),0.7891219547714542,-0.3590158097471945,0.1130995837056168,-3.1743336092347163,0.0015018096905059757,0.007783750810662387
WNK4 (65266),0.7932159806936945,-0.359084400633429,0.10854915795918813,-3.308034879169087,0.0009395310738048639,0.00520095089641942
RIPOR2 (9750),0.9219609135115001,-0.3590967063061373,0.13943006177042913,-2.575461143360807,0.010010652053152094,0.03834772923879995
SNPH (9751),0.7800250516067087,-0.35912431887261087,0.08081998700588942,-4.443508743034581,8.850355815819874e-06,8.031511073873693e-05
TUB (7275),1.1088618125315255,-0.3592120491006679,0.08706378000892946,-4.125849452709569,3.693688455125128e-05,0.0002929638191661185
FLNC (2318),1.8009864247699718,-0.3595580370003768,0.10920980497390442,-3.29236039828377,0.0009935020768719392,0.005453568861224078
DCLK2 (166614),0.9591139631397726,-0.36068616824521,0.09007360292832998,-4.004349293457283,6.218842128913999e-05,0.000467142779189416
SLC9A9 (285195),0.7289633824450233,-0.36123145870643836,0.09511547555720955,-3.797820034965464,0.00014597424173965265,0.0010006052123985483
HSD17B14 (51171),1.4043000431971642,-0.36123430387826766,0.08278317122503807,-4.3636200272672205,1.279276991891827e-05,0.00011282533188748199
BBC3 (27113),2.264331113193034,-0.36205874937118016,0.046915261283550655,-7.717291547902442,1.1882763906321075e-14,5.748812403038806e-13
ARSB (411),2.1994850057805193,-0.36237695939132253,0.04726752501423456,-7.6665101310507175,1.7673921061263736e-14,8.207463465672042e-13
SP140 (11262),0.727932776839521,-0.3632877363176773,0.13438704606748328,-2.703294305131539,0.006865592698174181,0.028208549354650118
TUBB4A (10382),1.2627197785162243,-0.36346770676366413,0.10821340246261474,-3.3588049030177562,0.000782803115829488,0.004437850670976065
IGFBP7 (3490),3.632382914071225,-0.3635541466684157,0.08508404827263104,-4.272882567875652,1.9296209273143187e-05,0.0001633825350161578
REEP2 (51308),1.5305647413406158,-0.36415823359632726,0.07566639588489954,-4.81268110285402,1.4891881734117472e-06,1.6166179839215836e-05
RTL5 (340526),0.7187515540916236,-0.36420744605106886,0.11255297875735037,-3.2358756744790638,0.0012127019071813024,0.006458871821398186
ZKSCAN7 (55888),0.478220259422266,-0.36425368725149754,0.10761299111295927,-3.3848486459143907,0.0007121751209801904,0.004080497665753215
PKDCC (91461),1.9960879219218182,-0.3648500478877892,0.07400088199790826,-4.930347288267486,8.208356175961342e-07,9.399005100724076e-06
SERP2 (387923),0.5838912990513335,-0.3653836514362819,0.13892264772444554,-2.6301230031335425,0.008535397943845497,0.03355725044763505
ANXA6 (309),4.536879114725219,-0.3656114234125883,0.03825011665373314,-9.558439434900528,1.1954565097545846e-21,2.141290314972319e-19
CLDN11 (5010),1.2643806446348933,-0.3670552193763904,0.1483524617211127,-2.4742105059666373,0.0133530991585411,0.04852916182111338
VGLL3 (389136),1.0208505031383674,-0.3672652850393226,0.12208467368572148,-3.00828330003782,0.0026272809654485398,0.01256518417232636
PYGO1 (26108),0.8614786710811732,-0.3691318702597591,0.07559417102107593,-4.88307319564155,1.0444507778124632e-06,1.1718722149863029e-05
ASTN2 (23245),1.4962644035608956,-0.36992844639317846,0.057270994032088206,-6.45926358788032,1.0521371263527803e-10,2.6428138903345462e-09
PTPRM (5797),2.6353969260766834,-0.37068368492048664,0.059710490159367524,-6.208016111258348,5.365765110386053e-10,1.1751572321814928e-08
LSP1 (4046),1.217838260481493,-0.3710430065871765,0.14188261944077354,-2.61514065676002,0.008919071718125737,0.034820018959761244
BBS12 (166379),0.8357945111739585,-0.37137901061578066,0.07682851910485526,-4.833869179606651,1.339045997505717e-06,1.4684395301267586e-05
S1PR1 (1901),0.8405581370298474,-0.3719062183233622,0.1317215111625046,-2.823428117709203,0.0047513079022998206,0.020727219106408554
SERPINE2 (5270),4.154414871306934,-0.37199094449731546,0.05209554969135021,-7.14055128895357,9.295733762594212e-13,3.298670051697937e-11
C1S (716),2.3652503240894927,-0.3720651557893089,0.0817562448154211,-4.550908088174921,5.341487921548156e-06,5.13685644673515e-05
WNT5A (7474),1.6371580988758054,-0.37270822534053455,0.10417412346861248,-3.577742849478653,0.00034657416571729264,0.0021727312072426603
PLEKHO2 (80301),2.1616769345118017,-0.37426044478878534,0.04778566730488239,-7.832064840717337,4.799218953235863e-15,2.542572125717845e-13
LIX1L (128077),2.6495220689446,-0.37437620340972755,0.04318793985018464,-8.66853581598028,4.377124976607441e-18,3.7633269941734605e-16
CPEB2 (132864),1.5387049005594118,-0.37440088803877186,0.0567736093218286,-6.594628957204952,4.26320711455192e-11,1.147481471297821e-09
SLFN12 (55106),1.5927659404940093,-0.3751145802177787,0.06884811706654079,-5.448436300084075,5.0814583723758735e-08,7.592415359559821e-07
COPZ2 (51226),2.3294274324719293,-0.37514457901661086,0.07328676413227644,-5.118858547765958,3.0739039537500897e-07,3.831811009786566e-06
RBPMS2 (348093),1.0077017580241983,-0.37533944136775355,0.10028443452454841,-3.742748744082263,0.0001820182061959047,0.0012171759690771475
NAP1L5 (266812),1.3767651931531923,-0.3754589151692266,0.060603099173764045,-6.1953748288135095,5.814648653784196e-10,1.2660955664954704e-08
ST6GALNAC3 (256435),0.4430425001384511,-0.3766089283013246,0.14900812298714053,-2.527438912399602,0.011489781038748826,0.042780313167288996
COL5A1 (1289),2.234203100734002,-0.37675987675830547,0.10574928562121574,-3.5627652191223764,0.00036696885552782156,0.0022835222045832753
ZNF382 (84911),0.9529722830585864,-0.3784702257962237,0.07461522541693452,-5.072292198829528,3.9305223989689774e-07,4.819775062337998e-06
YPEL4 (219539),0.31136633744747333,-0.3789575935400965,0.14867349616804668,-2.548925015604383,0.01080555308302401,0.040787845380627005
GPR137B (7107),2.270743264826505,-0.37913948875481723,0.04693863983928177,-8.077342889631943,6.619322760453215e-16,4.11546819230492e-14
P3H3 (10536),2.6275333226408617,-0.37931064746345994,0.06259155296154272,-6.0600932476705704,1.360426576857338e-09,2.788689138337263e-08
FAM189A2 (9413),0.4348750310254928,-0.380211201702683,0.14117064261414686,-2.6932738610667886,0.00707541250903506,0.02890487553921844
LRCH2 (57631),0.5247839638091094,-0.3802232423218746,0.13269546386360387,-2.865382366896141,0.004165059860882122,0.018485985447443187
FGFR1 (2260),3.395488828704764,-0.3808418651427038,0.04735465374231537,-8.042332380151889,8.814441402818981e-16,5.3476647317263865e-14
AGAP2 (116986),0.8046946244600605,-0.3817669610753104,0.12220155123721463,-3.124076226612163,0.001783642427851069,0.009026802546063636
GUCY1B1 (2983),0.8581585538149624,-0.3819782634318025,0.10990411863583448,-3.4755591343895067,0.0005097895859405648,0.003043767503992753
VASH1 (22846),1.1116183878347239,-0.3823029993547988,0.07952012732353436,-4.807625593950155,1.5273346609303782e-06,1.656833259434641e-05
GJA3 (2700),0.3504863449427521,-0.382432662315044,0.1547060361418729,-2.471995740129589,0.013436111735371426,0.04873667723490802
SLC47A1 (55244),0.8530755000685101,-0.3829931067563069,0.11298106180907025,-3.389887655716471,0.000699212717748687,0.004015402500475857
CAMK4 (814),0.9061832525861209,-0.3838329998106254,0.10244846833047085,-3.7465957867958033,0.00017925057581543146,0.0012013381575585664
PDLIM3 (27295),1.063404708008643,-0.3848724852602325,0.11363174848963738,-3.3870154281338976,0.000706574142491196,0.0040514918246656005
C3orf18 (51161),1.4341688581902243,-0.3849073356953273,0.06111323696529175,-6.298264579143943,3.009964321765709e-10,6.924758896832853e-09
APBA1 (320),0.5330524766635606,-0.3860368579289663,0.12342291843493348,-3.127756682665696,0.001761459372868746,0.008932564113307432
MMP17 (4326),1.3345579051991676,-0.3862006287597207,0.08463956611778993,-4.562885261276726,5.0455391745196634e-06,4.878867764770107e-05
ITGA1 (3672),1.5204660877061151,-0.3873192796669147,0.07795000267141142,-4.968816759373456,6.736268882150609e-07,7.856891596964193e-06
ANPEP (290),1.7503335653124887,-0.3876757263655579,0.13710753940053538,-2.8275303317422393,0.00469085713717136,0.020523011481791302
TIGAR (57103),1.9045992547806159,-0.38875208356989466,0.05081434976054624,-7.6504390079145175,2.0029432361640483e-14,9.187891442476912e-13
PIANP (196500),0.5992876529991442,-0.3895842152829843,0.142613046172708,-2.7317571971023464,0.0062997548586225275,0.026212973341491856
COL6A2 (1292),2.979101034589151,-0.3904102932437929,0.09021850943490811,-4.3273857625132965,1.5088955924738074e-05,0.0001312303068460168
COL11A2 (1302),0.4907527656504007,-0.3908543976483517,0.1226535066478192,-3.186654897447249,0.0014392839541315923,0.007514041073512816
KIF26B (55083),0.4351207385534078,-0.39117859584544035,0.1518977642952779,-2.575275532594531,0.010016026197895964,0.03835065802635829
GRIK2 (2898),0.6069890776942343,-0.39195396559102214,0.1448261930359635,-2.7063748440428275,0.006802221723829798,0.027992189091275235
FAXDC2 (10826),1.2051704249076527,-0.3949766118785074,0.07858130628945868,-5.026343166447103,4.999209656307117e-07,5.993474779983816e-06
SLC2A3 (6515),2.6974938612075428,-0.39515183397946546,0.06843263857021825,-5.77431825274431,7.726527756987699e-09,1.3660791613588355e-07
TMEM200B (399474),1.0276139807991205,-0.39636041891650237,0.10487385990054869,-3.7794014570682224,0.00015720579196013175,0.0010693120912441871
SPRED3 (399473),0.8081867743105013,-0.3967155706842616,0.08104535933147301,-4.894981945378356,9.831475410446741e-07,1.1122133761321929e-05
VAMP5 (10791),2.834876919179883,-0.39678791271929564,0.0656991910426439,-6.039464206823327,1.5462680731254833e-09,3.1437800581059324e-08
MAMDC2 (256691),0.7506417766043051,-0.3971271948468455,0.14866413252559138,-2.671304692666761,0.007555702777793415,0.030397268070471946
IGFBP5 (3488),2.02220472455851,-0.39922242698853155,0.12635271647709917,-3.159587210464832,0.001579928082477137,0.008127042026991797
HS3ST3B1 (9953),0.6712747335127079,-0.39983567739681625,0.11763803107255674,-3.398864072709664,0.0006766633663776774,0.003901094906562209
CBLN3 (643866),0.676974831056153,-0.40003694074523405,0.08968214552047951,-4.4606085015426284,8.172726879843787e-06,7.51171952560352e-05
AKAP6 (9472),0.5574788399874862,-0.4011266456568859,0.13136264843369264,-3.053582204985467,0.002261267588008679,0.011060211594558392
ADAMTS12 (81792),0.9619782455577832,-0.40190291787980315,0.14292450483472938,-2.8119944745972236,0.004923534908568798,0.021360872616587697
FLI1 (2313),1.4022242622964933,-0.40211959298207633,0.11106091782372934,-3.6207119557601857,0.00029379345552069927,0.001874646451129958
HDX (139324),0.7003728615129492,-0.4032402676744808,0.08361610086110736,-4.82251938946894,1.4175624497363906e-06,1.5466747366739473e-05
IL4I1 (259307),0.5794098804175329,-0.40335459608540647,0.14721611259041242,-2.739880771119311,0.00614614757985352,0.02565897238803442
CCR10 (2826),0.4338747251772821,-0.403402200649091,0.15203838625045427,-2.653291781093774,0.007971093296433649,0.0317423048963463
BMERB1 (89927),2.036064620526461,-0.4045011167739314,0.07405648736388454,-5.462061882389474,4.706359515483396e-08,7.060008501491842e-07
WNT5B (81029),1.6403160709060147,-0.40590319042972955,0.09110020721741117,-4.4555682454271395,8.36712731073193e-06,7.667619724747676e-05
SPOCK1 (6695),2.329073718817974,-0.40744748962255917,0.09890264899504311,-4.119682271027745,3.793952007596777e-05,0.0003004410626647427
CNIH3 (149111),1.3909270421651116,-0.40771979911624096,0.06814089298640207,-5.983481889466931,2.184173328594103e-09,4.293785398855613e-08
FAT4 (79633),0.7437239370569768,-0.409030868488757,0.10434764474816394,-3.9198859684463954,8.85908760328635e-05,0.0006417613484787984
KHDRBS3 (10656),2.096793229109054,-0.40960131386152077,0.06397996429419509,-6.402024733525585,1.5332981971012955e-10,3.6912007477737746e-09
NACAD (23148),0.5146645513317937,-0.4097597634816467,0.13578645230333666,-3.0176778060765175,0.0025471956283514355,0.01222881474925836
JAK3 (3718),0.6534080311067945,-0.4100753792893935,0.14030375339515597,-2.9227684175664503,0.003469344465223822,0.015856548245369875
F2R (2149),2.868803720652099,-0.41026309331762467,0.052736202648625705,-7.779534223409164,7.279205239090812e-15,3.7252694567129376e-13
DPF3 (8110),0.5391936082071315,-0.410594987567682,0.12163361287507271,-3.375670407730101,0.0007363607485507317,0.004203420750383504
PLSCR4 (57088),1.2614855846275106,-0.41066314485586985,0.08308719650796476,-4.942556279612872,7.710483686530757e-07,8.849118043290753e-06
MITF (4286),1.5729618484295917,-0.4107907670100984,0.0745883127754,-5.5074414707176675,3.640864018508043e-08,5.567117888462603e-07
HHAT (55733),1.3687197871691774,-0.41137929922696437,0.060053546731156156,-6.850208216154171,7.374257639973947e-12,2.2689791503281803e-10
DMD (1756),1.4037508804860102,-0.4115029065071589,0.0774284305782052,-5.3146228515057885,1.0687845631094024e-07,1.4821135978381629e-06
HTRA1 (5654),3.1537422223133067,-0.41292850613354853,0.07730961140130277,-5.341231169693736,9.231744170157519e-08,1.2945090660222743e-06
KDM5D (8284),0.9315054329995199,-0.4130579356227152,0.15506262950065247,-2.66381356328655,0.0077260369024148064,0.030941163490479952
MFAP3L (9848),1.0016984549610797,-0.41316742317810845,0.07697273586783147,-5.367711287897457,7.974206587118281e-08,1.1404934630207382e-06
PCDHGB5 (56101),0.6736381388440894,-0.4133280155416009,0.1430623397330367,-2.8891462023681207,0.003862894262187264,0.01740674066153626
GLDC (2731),1.6989197534986547,-0.41450993056986457,0.09353496656734646,-4.431603984926982,9.353468666293874e-06,8.427083206769918e-05
IL6 (3569),1.6676586003435854,-0.41540620670609674,0.12400078910351775,-3.3500287353761053,0.0008080317734064016,0.004555131533410535
CACNA2D1 (781),1.353979281925811,-0.41580252874044143,0.09090216332424411,-4.574176384089911,4.780969497128569e-06,4.6589680734324125e-05
MRC2 (9902),2.729417099529526,-0.41782892628411444,0.07092788782804861,-5.890897629675122,3.8410345424864204e-09,7.224025715781335e-08
FES (2242),0.875270085900324,-0.41815012614863745,0.12816867440029414,-3.262498641771689,0.001104347020225847,0.005966249646792852
SELPLG (6404),0.9021376399657706,-0.41865347903522887,0.13613068580867835,-3.0753791957209082,0.0021023507607149648,0.010388167338495027
CEP85L (387119),0.9325752123225537,-0.4193093586909609,0.07234871078803849,-5.795671465652238,6.804836180405516e-09,1.2159805839712756e-07
LY96 (23643),1.767820657890655,-0.42039109048868945,0.09303684040524693,-4.518544360035908,6.226622896047516e-06,5.881090275827428e-05
GPRASP1 (9737),0.40100943812408374,-0.4208651939151026,0.14068931634677745,-2.9914509846485773,0.0027765510770071545,0.013161936831962711
TIMP3 (7078),2.7786454428365195,-0.420990845815709,0.09483351045727416,-4.439262490503082,9.026766906135093e-06,8.176712341642811e-05
SCHIP1 (29970),1.0283745504642283,-0.42113587745748843,0.09660134560817142,-4.359523925946896,1.3034570266434227e-05,0.00011473288919888878
USP9Y (8287),1.0188422839791562,-0.4217236450475811,0.16222153026645264,-2.599677393961765,0.009331143619568542,0.036175312264887474
PLAT (5327),2.7361107694544082,-0.4218576056074685,0.08608836380444879,-4.900286019673058,9.56972348903711e-07,1.0858677195780722e-05
NAP1L3 (4675),0.6763705459333876,-0.423527336769437,0.1283032713839118,-3.300986266376244,0.0009634559850851325,0.005311894009377392
FNDC4 (64838),1.1596135502859446,-0.42477356443470565,0.08838621453095216,-4.805880268647022,1.5407208846578639e-06,1.6689479071679065e-05
TMTC1 (83857),1.0861768152088576,-0.4249741148855964,0.11497351106888584,-3.6962784813188416,0.00021878298265544686,0.0014387276035987121
MEF2C (4208),1.6316788210650373,-0.4256927360018878,0.09049378973243685,-4.704109942356644,2.5497582885017247e-06,2.634866978626164e-05
CCN3 (4856),1.4399434858719793,-0.4261225067455145,0.1011332139306075,-4.213477355104113,2.5146880984383717e-05,0.000207661894232183
ARHGEF6 (9459),1.4369880039006155,-0.42644845646403695,0.0999923214689058,-4.264812039558937,2.0007055580175208e-05,0.00016921088153980674
KIAA1549L (25758),0.8683777300151009,-0.4272223875859151,0.10655785408403363,-4.0092998424029735,6.0899048088908805e-05,0.0004581435387728609
ZFY (7544),0.6051950211166109,-0.4274281062738671,0.12961612620649518,-3.2976460474749807,0.0009749895481756247,0.005361729803307912
MRAS (22808),2.029086047429836,-0.4279152489866799,0.06302972860972776,-6.789101879785614,1.1283374348702556e-11,3.3953930090115727e-10
ARSL (415),1.0072794826010847,-0.4282675435880458,0.13149559431974303,-3.2568965204011002,0.0011263748731678079,0.006077656564126841
TSPAN10 (83882),0.8766616299969257,-0.4294997495404402,0.09217661643028031,-4.659530433787415,3.169315372657485e-06,3.192562915320777e-05
ARHGAP22 (58504),1.421892668109637,-0.4296483754169953,0.08724855839375907,-4.92441804571671,8.461177977183054e-07,9.666430056544892e-06
PCDH9 (5101),0.5582993882823735,-0.43005634012350447,0.14077561594991353,-3.0549064709936267,0.0022513071739123803,0.01102112762306291
ITGBL1 (9358),1.3137483906168306,-0.4305821173977875,0.1442341186450813,-2.9853000208454583,0.002833003100786302,0.013375870046783322
EVC2 (132884),0.43503738004714443,-0.4308804421119324,0.11690977963477166,-3.685580825299739,0.00022818165008729852,0.0014946543784124919
LINGO1 (84894),0.6705318541792773,-0.4311329613882872,0.16004043450099148,-2.693900217982826,0.0070621303256520945,0.02888198229947307
TICAM2 (353376),0.6745687878305846,-0.4311600422818325,0.09986624373238374,-4.317375182721724,1.578956430815162e-05,0.00013661287209916576
PCDH10 (57575),0.5527335670446962,-0.4318741640722247,0.17483988917088694,-2.470112318877729,0.013507063523821456,0.048923273418251714
HOXC8 (3224),0.8471686330082634,-0.4320371753417164,0.09911145300981514,-4.359104444760094,1.3059577688244224e-05,0.00011484185031988462
MXRA8 (54587),2.4758273013818206,-0.4327549060575223,0.059043819559847076,-7.329385349450166,2.3121068059665805e-13,9.059364323586763e-12
WTIP (126374),1.4976234499880714,-0.4328325538142754,0.07257971034073495,-5.963547550441939,2.4681958212418775e-09,4.779469025277386e-08
FAM151B (167555),0.4943242223463584,-0.43283713861700973,0.09906707427746521,-4.3691321437910595,1.2474127130855134e-05,0.00011040336282990962
STON1 (11037),0.8644835456902068,-0.4350896378765475,0.08875803057658394,-4.90197489793484,9.487796235190526e-07,1.0773840162617107e-05
SH3RF3 (344558),0.6563605990042723,-0.43645014167867396,0.10681645141666715,-4.0859824108571,4.3890703403604164e-05,0.00034234293593085965
HS3ST3A1 (9955),0.6463246517593575,-0.43837333530310424,0.14300650777788926,-3.065408295851573,0.0021737302666337056,0.010702207327150109
PRICKLE2 (166336),0.7287569102703917,-0.43881960273135945,0.09819752783235507,-4.4687438922140865,7.868026659712083e-06,7.244940582743452e-05
ANKRD44 (91526),1.1734777028373224,-0.43914146654054154,0.06684705031984788,-6.569346956063878,5.0536406147846315e-11,1.345788967965479e-09
TBX15 (6913),0.5171131925132864,-0.43957767769042466,0.1740174201494603,-2.526055594393249,0.0115351225728567,0.04292788875369822
KIAA1614 (57710),0.4316317889632934,-0.43975178148602384,0.1311680237450642,-3.3525837237642415,0.000800610225368025,0.004520068086636887
BCHE (590),1.4402073015034862,-0.44015271924249477,0.1227993540694735,-3.584324384910683,0.00033795186072697913,0.0021248740896356575
SIRPA (140885),2.428831827704874,-0.44103677681692655,0.06195694815632382,-7.118439334748137,1.0915596109321252e-12,3.8017606264085084e-11
ARHGAP28 (79822),0.5552021309831755,-0.44384049522463687,0.12704408649861207,-3.4935942904315014,0.0004765646571206998,0.002867009928443842
CD70 (970),2.066397872113591,-0.4445922137610326,0.10773935732709784,-4.126553422917179,3.6824049035995396e-05,0.00029222291233944447
ATP8B2 (57198),2.7288699069909192,-0.4467559145246096,0.04304555606680562,-10.3786768100116,3.1004244511883915e-25,9.032970623370032e-23
TRIM58 (25893),0.6952514158738947,-0.44720834950563476,0.1605431206702518,-2.7855964655388767,0.005342933965600121,0.022857487758436
ACP5 (54),1.2065076857920478,-0.4475364736587123,0.12219071314216204,-3.662606282836149,0.00024966211307186155,0.0016198431018884126
SLIT2 (9353),1.027637323452653,-0.44778085970257664,0.11109247056507435,-4.030703948025724,5.561005208711111e-05,0.0004225802240922595
ADAMTS9 (56999),0.9540197066550179,-0.4481572452986477,0.1291268339900065,-3.4706747734040464,0.0005191523701128235,0.003088638418630898
LXN (56925),1.952616984671691,-0.44906903313648416,0.0864838436116685,-5.192519369894139,2.0746727775720326e-07,2.697971185077684e-06
EVC (2121),1.5597096370254235,-0.449882175974205,0.06117852710598386,-7.353596061488086,1.9294422752675215e-13,7.679996950707706e-12
PRKD1 (5587),1.2480043554609477,-0.45108984650244266,0.08154586596790546,-5.531731635298115,3.170847749722025e-08,4.933668587623329e-07
KIF17 (57576),0.3148258413803375,-0.4511155558198485,0.17068898390480283,-2.642909609629207,0.008219697561608697,0.03252578441003652
GSTM2 (2946),2.4262171940297503,-0.45218066633921616,0.06460345150664942,-6.9993267510277635,2.5719539977668386e-12,8.449261976069837e-11
NSG1 (27065),1.0457663660674796,-0.45237379921048376,0.14123368702912678,-3.203016282632275,0.0013599629161260168,0.0071545461664447715
NEK10 (152110),0.3125682844279472,-0.4523891869130539,0.1439520569757277,-3.1426378783134234,0.0016743283688603655,0.008536748437096937
CTSO (1519),1.5892738744892014,-0.453274448215901,0.05658492898510083,-8.010515456072254,1.1422865850304762e-15,6.766473999357695e-14
INSYN2B (100131897),0.5168430330955143,-0.45337270003406577,0.16048070684873741,-2.8250916196511797,0.0047267098365523985,0.02063786308786053
GPR85 (54329),0.4828518877994875,-0.45516023061171784,0.13975500775212815,-3.256843800681531,0.0011265840859597074,0.006077656564126841
PRUNE2 (158471),1.3363990424391767,-0.45516229093089744,0.108624420523754,-4.190239070885193,2.7866069595078195e-05,0.0002276182861713065
INPP5D (3635),1.2014419021874865,-0.4559300103507526,0.1510680406803002,-3.0180441097771347,0.002544118708389069,0.012221842300900999
SNED1 (25992),0.731974529721791,-0.4564933516549511,0.1164823985437677,-3.9189899706900855,8.892081421727857e-05,0.0006435317800448164
TBX18 (9096),0.9136590058497706,-0.4581286839893494,0.11706695540233195,-3.9133902681150925,9.100926725046283e-05,0.0006558072006946665
RFLNB (359845),2.1736279367602522,-0.4581443870077566,0.06170164491723752,-7.425156778596114,1.126464059561927e-13,4.618195705768053e-12
HLA-DRB5 (3127),1.0476429047774765,-0.4582504772895237,0.18017889824440952,-2.5433082439427226,0.010980831076657798,0.04133539764308062
VIM (7431),6.957512191714339,-0.45920533750193454,0.04272496473410252,-10.747939532771639,6.060020309156049e-27,2.84934579911131e-24
CACNB4 (785),0.32712924228262114,-0.45965183444660795,0.17180213063461644,-2.6754722583981305,0.007462404885943577,0.030134016079953585
FCMR (9214),1.0772490783251194,-0.46085987874340884,0.10379563834665084,-4.44006979565225,8.992970704176527e-06,8.151098627412049e-05
MDM2 (4193),4.4814412914562665,-0.4615694110447449,0.033310575592903055,-13.856542639361779,1.1613476253758824e-43,3.494727274281105e-40
SEMA6D (80031),0.5751092997198847,-0.4617285980789876,0.14710693037726433,-3.1387277057230247,0.0016968304294529375,0.008636843924745905
SHC3 (53358),0.3646360185166253,-0.46180409196705496,0.1707864986749326,-2.7039847736795184,0.006851342856225173,0.028157690416488378
NRROS (375387),0.9688497190455128,-0.4627689450958666,0.13678871897046357,-3.3830929083837025,0.0007167438048614936,0.0041035491963264965
NTF3 (4908),0.5396408327477034,-0.4639054941465244,0.16568405082749232,-2.799940560540348,0.0051112017194935525,0.02202266353708476
BVES (11149),0.9174195419985782,-0.4642318462932012,0.09144411096953171,-5.076672968561953,3.8410113750289336e-07,4.713854579827515e-06
GALNT16 (57452),0.5042210627155163,-0.46561888239756716,0.15866315775527565,-2.9346376876965,0.00333937359669616,0.015356140558476238
SYDE1 (85360),1.8730002904450305,-0.4672777175917366,0.07204061018566378,-6.486309824243073,8.796418741873322e-11,2.239440209648494e-09
GAL3ST4 (79690),0.8292720898707032,-0.4673276860993055,0.0899283318515905,-5.196668018601082,2.028922229267477e-07,2.6430444901782214e-06
CLMP (79827),1.6059701885246223,-0.4677752337587698,0.10899416211942256,-4.291745765669894,1.772738500074061e-05,0.00015154899700064954
GSTM1 (2944),1.3119000177171913,-0.4679316760194606,0.17318225281739755,-2.7019609019224693,0.006893186768036357,0.028302848083725237
SDC2 (6383),2.7824262252946617,-0.4683723426638733,0.08905118003376128,-5.259586032282817,1.4438006734035878e-07,1.9461922009358483e-06
DLGAP1 (9229),0.42241164457498415,-0.4694575880802933,0.18680192278920413,-2.5131303846912263,0.011966509911141275,0.04424873632908125
WIPF1 (7456),2.4936487740504862,-0.47017743616246804,0.06003796871164378,-7.831334841134985,4.827171655187321e-15,2.548407885050822e-13
ATOH8 (84913),1.4503037405803505,-0.4707664632100646,0.09404669625575318,-5.0056672052556666,5.56688650066254e-07,6.600423505828887e-06
PXDN (7837),2.601876492414414,-0.47147012441708885,0.09713611302944812,-4.853705894883362,1.2117540651318906e-06,1.3376413546569644e-05
NME5 (8382),0.40134050017351297,-0.4721957278750501,0.13523048730957055,-3.491784561820712,0.00047980507610028545,0.0028834132002061048
SERPINF1 (5176),2.433750313717936,-0.47239400990295277,0.06670838332693348,-7.081478913793792,1.4262407354995982e-12,4.877095024165217e-11
CNTNAP1 (8506),1.9122994707609648,-0.47241974057736147,0.05401653704979971,-8.745835375226319,2.2137166995690205e-18,2.0186413007100292e-16
KCNMA1 (3778),1.928040322124112,-0.4725556643187038,0.09573318189342254,-4.936174218514838,7.966994436845946e-07,9.129580982237935e-06
ADAMTS3 (9508),0.4636674407069725,-0.47386800322466877,0.13691189656150093,-3.4611163465390082,0.0005379402690944767,0.0031871897732832495
GASK1B (51313),1.39773550494206,-0.4740091084458259,0.09619224266251235,-4.927726969719096,8.31917574194653e-07,9.511422356635826e-06
SYNE3 (161176),0.8706899038836459,-0.47432194491083113,0.08803950372497758,-5.387603573874552,7.14033288359921e-08,1.0300426516455773e-06
COL13A1 (1305),1.1516864529045199,-0.47441735275646835,0.11990363283808934,-3.956655370042816,7.600646015887282e-05,0.0005592142785087532
ARMCX2 (9823),1.9124768097503033,-0.47454827962236207,0.09746610567490185,-4.868854422123088,1.1224705814964362e-06,1.2473184910779453e-05
CCND2 (894),1.195899173413757,-0.4764364277078509,0.1569167796681712,-3.0362363331401627,0.002395515198550003,0.01162299957348705
LAYN (143903),1.4513720657580063,-0.47669114362941406,0.1255350520977794,-3.7972752284208138,0.00014629532833447057,0.001001893268147676
APOBEC3D (140564),0.6359152888310122,-0.47725239916212,0.10895180884996494,-4.380399042473296,1.1846216874510949e-05,0.00010527949149078071
INKA2 (55924),1.0937003257276048,-0.48007847485850774,0.06861372995984735,-6.996828115006267,2.6182216635979295e-12,8.582519204900751e-11
SESN1 (27244),2.361164730889204,-0.4802364435802606,0.04570332921434927,-10.507690617634108,7.961934641255938e-26,2.5488355023901457e-23
TENM4 (26011),0.6162284344073056,-0.4804776522928446,0.1470525875243557,-3.2673865885784914,0.0010854534674309168,0.005878953517266226
GPR1 (2825),1.0341574264703661,-0.48065251017440375,0.12943284011371328,-3.7135282649451735,0.00020438962538937264,0.001350569303297541
RBM24 (221662),0.8542263546731491,-0.4812749380228632,0.11926267443712199,-4.035419633966051,5.450479413131509e-05,0.00041556578196900806
CEMIP (57214),1.64252171868249,-0.48146918464874744,0.10386580631946105,-4.6354926776179655,3.5608833058486283e-06,3.545800808722598e-05
SALL1 (6299),0.7007068330806465,-0.48149628319152127,0.15057270975834958,-3.1977659428741285,0.001384966413127938,0.007270832048821686
PTN (5764),1.4185169745147739,-0.48152031799134876,0.1405245112551877,-3.4265930810954703,0.0006112042407154747,0.0035741076586883144
CSGALNACT1 (55790),1.2838218619423116,-0.4816874927282137,0.09642490534655833,-4.995467623193331,5.869337072348537e-07,6.915430351648871e-06
COL4A1 (1282),2.7884937958209153,-0.48250915406949,0.09143498399798713,-5.277073751990945,1.3126306753492402e-07,1.7873159403895628e-06
ARHGAP6 (395),0.36075528612487273,-0.48285916165187365,0.18526147038134697,-2.606365806435326,0.00915086734841529,0.03555887141638854
RAB7B (338382),0.8198624035894255,-0.48370399487108706,0.11710322115736456,-4.1305780497795235,3.618522137557442e-05,0.0002877604866896896
GNG2 (54331),1.6844314957778113,-0.4858950631922082,0.0979529930643536,-4.960492252370305,7.031476592523855e-07,8.144387745274358e-06
GYG2 (8908),1.1894693694619198,-0.4868199099276113,0.10168125137384003,-4.7877057308999404,1.6869876544484618e-06,1.804009683641191e-05
TLR4 (7099),0.7438239906280264,-0.48767674958462404,0.1287002110265852,-3.7892459203807074,0.0001511052719000689,0.0010315471510927573
SAMD14 (201191),0.5630575749715662,-0.4883742219394663,0.13652132256571686,-3.577274324341379,0.00034719574902477933,0.002174815670202677
DPYSL4 (10570),0.9487957986389318,-0.4889633426307229,0.12697756185657386,-3.850785410283953,0.00011773963037104943,0.0008251096779519375
HOXD8 (3234),1.1968349558449012,-0.48907050165885385,0.09206938481868507,-5.311977511547347,1.084419882435607e-07,1.5010286615571431e-06
RASSF2 (9770),1.0912619977143538,-0.48924598939983854,0.11079384427635162,-4.415822851850133,1.006264684079326e-05,9.022800021845972e-05
ZBTB47 (92999),1.2744465170032049,-0.48968416314156143,0.062104784414968174,-7.884805780334378,3.150250942974461e-15,1.7490286231732006e-13
LIMS4 (100288695),0.6746187959289071,-0.4903905671356262,0.1204966886322836,-4.0697431000127935,4.70650068563585e-05,0.00036445707316560476
AC055839.2 (728392),1.4537810114235832,-0.49100697992613684,0.08272373239892064,-5.9355032188144285,2.9294557662311032e-09,5.614852415122698e-08
TMEM229B (161145),0.6959391597610072,-0.4924041131578603,0.11782505616846173,-4.179112059610139,2.926494678919993e-05,0.00023775398995156706
ZFPM2 (23414),0.3981979969116626,-0.4931655962279205,0.16129786932068596,-3.0574836376011167,0.002232038267870662,0.01094273306561811
SYNE1 (23345),2.3564013794309364,-0.49442251680124066,0.04665576706719916,-10.597243339480729,3.068931334681256e-26,1.1262229478442482e-23
ACOX2 (8309),0.8287478674058107,-0.4946021767277107,0.1211484415568986,-4.082612787845196,4.453218728438932e-05,0.0003464484435785531
ZCCHC24 (219654),1.6375135627511752,-0.49478715523626265,0.06363248938505647,-7.7757001182552985,7.503126197249146e-15,3.8139201609395487e-13
DISC1 (27185),0.5803201048026251,-0.4953470766531645,0.09555698968317951,-5.183786955778896,2.1742528316633628e-07,2.8104646138493948e-06
RECK (8434),1.8717719754374056,-0.4975924113121079,0.05164605443990228,-9.634664578126278,5.707810369145193e-22,1.0734964351769821e-19
EFEMP2 (30008),2.440361635753827,-0.49863867532039435,0.06570353269968067,-7.589221687661518,3.218327355086111e-14,1.42002795849342e-12
GLI2 (2736),0.7509023458558012,-0.49925565808735123,0.10053175221992708,-4.966148973462241,6.829549951541945e-07,7.940267346984312e-06
P2RX6 (9127),0.5465385122023733,-0.49969610727235125,0.12460660895220717,-4.010189439181429,6.0670051597175914e-05,0.0004571064578523329
RGL1 (23179),1.4206046006995467,-0.5001428074301183,0.06898421665698563,-7.250104903227479,4.1644895926134987e-13,1.5703987571544537e-11
UCN2 (90226),0.8527554660576018,-0.5013282803082276,0.1356603848343593,-3.6954655621856536,0.00021948423016946347,0.001442708487168959
TMEM130 (222865),0.38548890598462104,-0.5015176952670163,0.19896714719780284,-2.5206055488569343,0.011715309707179891,0.04344800341489491
SELL (6402),0.534656827721242,-0.5017955242966381,0.178601063368096,-2.8095886711628344,0.004960485249475831,0.021477830521903125
CYP27A1 (1593),1.2221369974896434,-0.5020175643481537,0.12006403517946347,-4.181248477929068,2.89912832089482e-05,0.0002357853227901809
TRO (7216),1.4345084119898694,-0.502771698025773,0.10818151240337248,-4.6474826137677425,3.3601040416890964e-06,3.363680998752771e-05
ASDURF (110599588),0.8445528814210264,-0.5038528110592694,0.07850550582689174,-6.4180569980695115,1.3802458274194893e-10,3.3712952466483174e-09
LARGE1 (9215),1.5043519022854788,-0.5045510935838455,0.06601887932352207,-7.642527391465086,2.129986702333662e-14,9.740966542040206e-13
NID1 (4811),2.1287240615695273,-0.505116423131667,0.09238989802108678,-5.467225681062888,4.5713388137064104e-08,6.871165213888777e-07
ENG (2022),2.462274589195442,-0.5054672249652205,0.06737748920726373,-7.5020193081152655,6.284211268524059e-14,2.670967309215056e-12
MEIS3 (56917),1.7616016106302306,-0.5059015022068617,0.08376886691161735,-6.0392544492768065,1.5482792922082255e-09,3.1437800581059324e-08
TNFAIP8L3 (388121),0.4819664085340571,-0.5063052958230999,0.15521971941018778,-3.261861944777287,0.0011068303307126227,0.005977519438586548
ZEB1 (6935),1.8935652772552134,-0.5069207721185225,0.06178705253116206,-8.204320344668632,2.3189900860306076e-16,1.5859784015643875e-14
OXTR (5021),0.970618257681946,-0.5070305650829388,0.12109970087682159,-4.186885363149432,2.828085726733568e-05,0.0002303810386812846
MFAP5 (8076),1.1478045366162695,-0.5076968708575037,0.18352633917282957,-2.7663433660026193,0.005668881057354412,0.02400630865392662
MMP2 (4313),2.755108723511735,-0.5083933277730903,0.10430928096962232,-4.8739030990075385,1.094146736272297e-06,1.2212560678006662e-05
TMEM59L (25789),0.8322565254462766,-0.5094713841357355,0.1268795746536443,-4.015393222482734,5.934676332646838e-05,0.00044848387795582285
PRKY (5616),0.4851494174213366,-0.5097276103286638,0.13835647319415212,-3.6841616337919803,0.00022945660949560856,0.0015023516738341717
BICC1 (80114),1.3551673269621396,-0.5106654903438066,0.09793738736687638,-5.214203728253833,1.8460849320050694e-07,2.4237516480757658e-06
DLC1 (10395),2.007151865701191,-0.5108993862869661,0.07360818376085305,-6.9407959846806735,3.898967474296279e-12,1.25350138073209e-10
TNXB (7148),0.6697787625447583,-0.5117497389966685,0.12185442157262952,-4.199681327867514,2.672909020887568e-05,0.00021961649840087174
PTX3 (5806),1.8063685210414027,-0.5139661349297794,0.11348595501360997,-4.528896416020301,5.929255563147834e-06,5.6427311323923035e-05
DRAM1 (55332),2.711660060067845,-0.5142499391106676,0.04287092691698723,-11.995307218489382,3.7601938106345206e-33,6.657575175704143e-30
SLC14A1 (6563),0.6616948703859039,-0.5144444125812013,0.20133458403139085,-2.555171606786603,0.010613545761892615,0.040153736367472034
LRRC4B (94030),0.3857985765784888,-0.5149616740326493,0.20360276296262605,-2.5292469833878295,0.011430755739407734,0.04260271262202843
PHYHD1 (254295),0.8454295461870827,-0.5165459317809892,0.16214070181255769,-3.185788182773137,0.0014436024834532457,0.007531360251746718
LDLRAD2 (401944),0.5417245015409111,-0.5169521863271505,0.11367483458594863,-4.547639661936672,5.425091821850349e-06,5.2090575336030856e-05
ASB2 (51676),0.5720801773433949,-0.5173068199875493,0.17321547682884464,-2.9864930631961,0.002821972404501582,0.013343574353281016
PSG5 (5673),0.8909492103219165,-0.5174503660400758,0.1691678875934945,-3.0587978215079086,0.0022222706947281653,0.010905507134011732
FAM149A (25854),0.8453872907967993,-0.5176812253330434,0.10013978384256418,-5.169586007364679,2.3461314207913138e-07,3.0170849023270178e-06
PMP22 (5376),2.910701827333595,-0.5179996579464633,0.06602271088929956,-7.84577989860178,4.302710180334282e-15,2.312092049046772e-13
ZNF25 (219749),1.1517175445278183,-0.5195584403958332,0.06524039401346023,-7.963753871391998,1.6689707412139625e-15,9.584478539047816e-14
TCAF2 (285966),0.44127385892891086,-0.520262715593835,0.12419057665699054,-4.1892286000956425,2.7990432190347202e-05,0.00022838614031234493
FEZ1 (9638),2.0321398166078453,-0.5207040816152604,0.09082634662161522,-5.732962967062039,9.869118774829286e-09,1.6931671731594235e-07
PTGFR (5737),0.45966506886016373,-0.5207385973722065,0.17441526063375665,-2.9856251997677656,0.002829992647248353,0.01336893857786459
GPC6 (10082),1.1495945992895358,-0.5207444686579074,0.10350403736201857,-5.0311512664625555,4.87543279869598e-07,5.863769935186227e-06
TP53INP1 (94241),1.9405876912614508,-0.5208102250330034,0.05052852971963683,-10.307250733848322,6.534387865797992e-25,1.8550264118640866e-22
SOX5 (6660),0.5615457779227893,-0.5211506935454461,0.1457595997241327,-3.575412491059152,0.0003496761275564333,0.002185802665232279
LURAP1 (541468),0.3535137037364233,-0.5211933983871534,0.12811137834878142,-4.068283435123239,4.7360750491705444e-05,0.0003665585657912552
RBMS3 (27303),1.0853741485408954,-0.5215241583101193,0.08439281584253708,-6.179722208620181,6.421449212226643e-10,1.3941865057310542e-08
DIRAS1 (148252),1.218794861108496,-0.5223129906886844,0.09564572834622025,-5.460912888843355,4.73692450215258e-08,7.098781480018697e-07
ETFBKMT (254013),0.36072414790434343,-0.5233816629906026,0.11303846017093055,-4.630120245792216,3.6545344474157767e-06,3.634244897278108e-05
NCKAP5 (344148),0.5286869517480987,-0.5242577173549534,0.13110229174032892,-3.9988447981774247,6.36524009213413e-05,0.00047742473791749805
KCNJ8 (3764),0.37171279749011016,-0.5254066352284678,0.20091689680137734,-2.6150445462427925,0.008921581893806001,0.034820783702776935
LAMA4 (3910),2.022826778800028,-0.5255271666554457,0.11011463820055778,-4.772545914361309,1.8191161976237647e-06,1.9302131388890804e-05
TNFRSF19 (55504),1.472106608119963,-0.527161584006591,0.09762221478287698,-5.400016637392,6.663471691705653e-08,9.696189078665692e-07
APBB1IP (54518),1.040361815280722,-0.5281069928595016,0.1722128755325987,-3.0665941279142896,0.002165126265065155,0.010663335444900269
FAM110B (90362),0.7690756597848188,-0.5282313528892981,0.1060695422853685,-4.980047443479576,6.356868751754773e-07,7.4432254660624365e-06
SHROOM4 (57477),0.29207441633954573,-0.5283382110162367,0.16672453602398948,-3.1689289628025454,0.001530017855617594,0.007908158246520892
TNS1 (7145),1.2326100151726873,-0.5285489271077648,0.0974107285464606,-5.4259826919954754,5.7636544319579736e-08,8.530669578040755e-07
CYS1 (192668),0.3142459395110006,-0.5302635557084294,0.1836001577122253,-2.8881432473471182,0.0038752334564852234,0.017445079183713144
HLA-DPA1 (3113),1.9140649518978587,-0.5333136324785501,0.12039493554559925,-4.42970154900377,9.436358728166136e-06,8.496675848233851e-05
COLGALT2 (23127),0.813797734091577,-0.5353542973715207,0.10606073881488437,-5.0476199143390295,4.473479928134426e-07,5.4324438255617894e-06
TNFSF12 (8742),1.3139057582615135,-0.5362287780453401,0.0816665846093011,-6.5660732674287505,5.1659404957082327e-11,1.3732639699368563e-09
MAF (4094),0.6116314250594277,-0.5374893735234306,0.13906756908422205,-3.8649512396230676,0.00011111139455944034,0.000786350913707121
RFTN1 (23180),2.36243595500846,-0.5381613795165258,0.06685358411153196,-8.04985082951888,8.289500802119681e-16,5.070074352385883e-14
KCNH1 (3756),0.2767523716926392,-0.5386337090233365,0.18518558546578956,-2.9086157417086955,0.003630327677784167,0.01652205391407761
GNG11 (2791),1.9499807549566084,-0.5409482501723661,0.09421320597176687,-5.7417454866621735,9.370558929022648e-09,1.622433022394416e-07
ENOX1 (55068),0.6328199601477856,-0.541338784206661,0.10800024290885867,-5.012384876425663,5.375953955638972e-07,6.394197882730749e-06
FAS (355),2.727297856416035,-0.5419507583684173,0.043160289141259287,-12.556698973787386,3.6525602080712584e-36,7.850917270091451e-33
STEAP1B (256227),1.1236128889950525,-0.5421049668427365,0.11634448682511742,-4.659481352628239,3.170071112248598e-06,3.192562915320777e-05
ITGA4 (3676),1.6968938824426505,-0.5447502272400362,0.10533301794476907,-5.171694857596065,2.3198019016365065e-07,2.985777537384335e-06
PHLDA3 (23612),3.3422967346960317,-0.5457108373546147,0.0429678437978919,-12.700447337350182,5.879268111128767e-37,1.4743244666673904e-33
VGF (7425),1.0697823002120834,-0.5463808561331511,0.14161139809202497,-3.8583112905790964,0.00011417317245524376,0.0008034843558286238
CYFIP2 (26999),2.698414863444825,-0.5471041055648984,0.053323429075055044,-10.26010733096001,1.0658820180516537e-24,2.915865607928215e-22
LOX (4015),2.0576150158727318,-0.5482968394627173,0.10721963090277277,-5.113772868327772,3.1578703651745565e-07,3.9299683634753e-06
NEXN (91624),1.665368867613427,-0.5490212180223192,0.08707310320399472,-6.305290587106712,2.8765369183038845e-10,6.638094244294517e-09
HECW2 (57520),0.611754638711343,-0.549385406086516,0.12127224124177356,-4.530182673801151,5.893270880580759e-06,5.6126937633278065e-05
LAMA2 (3908),0.557862398070297,-0.5493959826277733,0.13856104446961928,-3.9650104019548813,7.339274653575522e-05,0.0005437061863008238
SPARC (6678),4.879589201213594,-0.551046730455433,0.07197482518251816,-7.656103770423269,1.916588779138515e-14,8.818652835143149e-13
OLFML2B (25903),0.8645395551385354,-0.5519092440615793,0.1468901070445381,-3.7572934976093157,0.00017176100302556822,0.001158366674819677
IL21R (50615),0.5083051803901901,-0.5519833922675512,0.197683592744962,-2.7922569830045676,0.00523417680660984,0.02246693635597962
GPR155 (151556),0.7407650162876703,-0.5521423776840977,0.08995080149827468,-6.138270793447996,8.342456902217897e-10,1.775674643716966e-08
CELF2 (10659),1.479549188247545,-0.5521598034369537,0.10286686065980086,-5.367713176968092,7.9741230904219e-08,1.1404934630207382e-06
IL24 (11009),0.4816660731380774,-0.5523403258906788,0.21422255059280185,-2.5783481914589723,0.009927390939808779,0.03805542014786316
DSEL (92126),0.8000269647462787,-0.5524128875494728,0.1118012320569145,-4.941026832944531,7.771221150321644e-07,8.912026938089899e-06
LIMS2 (55679),0.9934712312371226,-0.5524464329424241,0.11534679025417126,-4.789439148892538,1.672481048584712e-06,1.7935958558093784e-05
NAV3 (89795),1.2572422353384576,-0.5547535441428806,0.09467859848594029,-5.859334136903824,4.647267860041884e-09,8.537581467910889e-08
MSRB3 (253827),2.0753402734763484,-0.5560972482303601,0.07137559483492315,-7.791139947996187,6.64073103396132e-15,3.4335546095182826e-13
SOD3 (6649),0.7476023784904822,-0.5562037683826899,0.15552799301511788,-3.5762293179506592,0.00034858589765386774,0.002180799757214176
ZNF521 (25925),0.8100068558421935,-0.5594496894732869,0.14252588167093028,-3.925249806662959,8.663977945853147e-05,0.0006291419506433709
NCALD (83988),1.1392778275165316,-0.5620609468288484,0.1148607580459532,-4.89341143477375,9.910292262221059e-07,1.1194463767070423e-05
CDKN1A (1026),4.847722594291082,-0.5637697918313677,0.032016420197240485,-17.608770385889656,2.109785376421435e-69,1.5871915386818455e-65
TRIM55 (84675),0.49049783183992574,-0.5639223994363187,0.22721671488833226,-2.481870225583816,0.013069486381763385,0.04768270904461976
ST3GAL6 (10402),1.533404848341448,-0.5649012892509465,0.07921827605745055,-7.130946510894401,9.968105410597774e-13,3.504208271211544e-11
INSYN1 (388135),0.49685505868474533,-0.5652252425680727,0.14798363705516215,-3.8195117637052003,0.00013371608277259981,0.0009271392540997865
CPS1 (1373),1.327078686642886,-0.5664495816877813,0.08739245077425076,-6.481676353842219,9.070905859235505e-11,2.305419756048267e-09
CTSK (1513),1.9662746121555779,-0.5667101957252242,0.05777477278399087,-9.808955854210767,1.0302909222787502e-22,2.1530218356397327e-20
SRPX (8406),2.1988033311643056,-0.5669589890171179,0.09442659301271511,-6.00423006833227,1.9224194694652682e-09,3.810898990457764e-08
PLXNC1 (10154),0.9366316005971594,-0.5672487557866555,0.10683610578029092,-5.309522952410919,1.099125422259456e-07,1.519985395525347e-06
SYT11 (23208),1.5942439692132429,-0.568637855265732,0.0969733731884966,-5.863855577761693,4.5224086877929e-09,8.348976824114352e-08
ADAMTS10 (81794),0.9535089597630431,-0.569005751917934,0.1201942090056832,-4.734052968317545,2.2008025183224457e-06,2.3043336597550115e-05
NES (10763),1.8688094011170708,-0.570559666526911,0.09698460521324043,-5.882992102431301,4.0291515901219675e-09,7.525293482090999e-08
LOXL3 (84695),1.7264964241132936,-0.5714301579598691,0.07619830208117524,-7.499250539088334,6.418374646840054e-14,2.7203060545452245e-12
HVCN1 (84329),0.7295816411003448,-0.571965073160698,0.15280833151210535,-3.743022828015025,0.00018181970376492874,0.0012163891786781315
DAB2 (1601),2.3080534894775413,-0.5749233884609732,0.07405960037308774,-7.762982591921906,8.295500253144277e-15,4.1883925103627114e-13
ZNF671 (79891),0.9282352047184214,-0.5756199442307232,0.07607936224198347,-7.566045866681494,3.847562477518018e-14,1.682861192928375e-12
AOX1 (316),1.1751071137001925,-0.5763095460114352,0.12273815239252889,-4.695439313509785,2.660343437639566e-06,2.7378609687226338e-05
PPP1R3C (5507),1.2646272306769901,-0.5768611612920623,0.09522989896330548,-6.057563512845285,1.381987828979619e-09,2.8251887058189328e-08
ITGA9 (3680),0.349654205402344,-0.5780039861111711,0.2019881823308122,-2.861573283354408,0.004215440364701084,0.018682037033075853
SLC8A1 (6546),0.7737217024696784,-0.5783491254128889,0.11581866528285215,-4.993574429479441,5.927192827442827e-07,6.978133277128699e-06
ARNT2 (9915),1.4060722196294764,-0.5792961224371053,0.08775144899230031,-6.601556203225035,4.068639604005862e-11,1.0990440122418708e-09
FBN1 (2200),2.50419121563633,-0.5796872626944896,0.0823304935665726,-7.040978835208285,1.9089400482535323e-12,6.382647103560587e-11
DDIT4L (115265),0.4378754995773203,-0.5797441179436514,0.17115317030405583,-3.3872823793665554,0.0007058869316806487,0.004050638739156003
ANK2 (287),1.2352771191353318,-0.5812754232469567,0.08246831073601668,-7.048470110023658,1.8089559650467289e-12,6.088937684584582e-11
CPQ (10404),1.8598408054016022,-0.5823363910661769,0.07708299269940588,-7.554667646818872,4.1993075593756154e-14,1.815597170642687e-12
TNFRSF11B (4982),1.4719574334002985,-0.5832926510420348,0.12389606275996815,-4.707919186843616,2.50258271153997e-06,2.591456261378554e-05
SBSPON (157869),0.3690332433661624,-0.5836875814843746,0.21962747920432996,-2.657625464714013,0.007869329305918603,0.031381375228425996
CACNA1C (775),0.5028488333597053,-0.5849682014827653,0.15200419142388785,-3.848368890378085,0.0001189069072945323,0.00083212712890862
SUSD5 (26032),0.8454685766582248,-0.5852233655773553,0.11819208888980541,-4.951459704912901,7.365887293519541e-07,8.487435405168553e-06
ADAMTS6 (11174),0.7749801781024382,-0.5886733569263936,0.11400053578533516,-5.16377710745917,2.4201586119605246e-07,3.1043228026903712e-06
COL8A2 (1296),0.3942837372195488,-0.5895203931653183,0.18722055461590595,-3.1488016600247466,0.0016394142228013356,0.008392863693864884
EPB41L3 (23136),1.4203914936122006,-0.5900789294212438,0.13221360299639245,-4.463072755360465,8.079260467688123e-06,7.430351650173318e-05
NEGR1 (257194),0.6960052289785221,-0.5900859474372032,0.1316600806146798,-4.481889610596288,7.398501301772544e-06,6.884220815489778e-05
CCBE1 (147372),0.9740515634892057,-0.5911475077390964,0.13736586637905687,-4.303452694047319,1.681567657819216e-05,0.0001444938148460761
PDE3A (5139),0.3689319823578432,-0.5913715725138302,0.20612609396631956,-2.8689796674188117,0.004117982697174628,0.018331114692807533
PRR16 (51334),0.9521711517493404,-0.5914447470437423,0.12654616306443534,-4.673746976766004,2.957536632246866e-06,3.0066956870801588e-05
BCL2 (596),1.4168472238801502,-0.5916824688902984,0.08460683368421716,-6.993317715903045,2.684606028666275e-12,8.76194843976416e-11
NKAIN4 (128414),0.35902018087936954,-0.5919157196364446,0.2298490610794862,-2.575236622053239,0.010017153133297095,0.03835065802635829
SEMA6A (57556),1.109891547830484,-0.5921336201958791,0.10249949612061829,-5.776941766611948,7.607059900749309e-09,1.3465390972549896e-07
AQP1 (358),0.7382141086983421,-0.597975395116478,0.13731278742702313,-4.35484128114638,1.33163367330409e-05,0.00011696299035921389
JAM2 (58494),0.6298410616412675,-0.598545213692829,0.1547678807134814,-3.8673735850974365,0.00011001382558376192,0.0007800509046810943
ADAM23 (8745),1.419878750155773,-0.5986254255445033,0.097852217295937,-6.1176480419862616,9.49665235176811e-10,2.0040200741192564e-08
NDN (4692),1.1246577384539842,-0.5991048571516411,0.1388989787673433,-4.313241626888745,1.6087812634551614e-05,0.0001387942826258392
DOCK10 (55619),1.65837947733595,-0.600986071340963,0.07839848224346811,-7.665787068104052,1.7773785147898883e-14,8.228442194931894e-13
ARMCX1 (51309),1.660088892437755,-0.6011385368931712,0.09346781457217845,-6.431503075627762,1.263482254230121e-10,3.1011996732702126e-09
COL5A2 (1290),2.209695823135113,-0.6039977048023413,0.1103154581149915,-5.47518647996495,4.3705111461733984e-08,6.622226657132422e-07
NEFH (4744),0.6553524631131138,-0.6047691485149587,0.20035323111368802,-3.018514576247536,0.0025401718168433667,0.012206779034246341
ECM1 (1893),2.605283687839842,-0.6060899274409275,0.06716351259680428,-9.024095137480437,1.8118651183809095e-19,2.1809058056927332e-17
JAM3 (83700),1.8284041666593374,-0.6064313526874087,0.10372198706451467,-5.846700105255511,5.014202981187718e-09,9.144690673327322e-08
OSR1 (130497),0.561867443976041,-0.6066433338923264,0.1456501682993508,-4.165071286738983,3.1125529396254466e-05,0.0002513766587740444
RENBP (5973),1.1348249904270418,-0.6069549353241105,0.11408119491433667,-5.320376735007655,1.0355259120059389e-07,1.4399743874345062e-06
TBXA2R (6915),0.34280078908261963,-0.607124135135219,0.14333608912414586,-4.235668343158005,2.278729080662477e-05,0.00018952878799141862
PDE7B (27115),0.32244132396600794,-0.6071862707474828,0.18473582314549875,-3.2867814179671053,0.001013394607266596,0.005540528801211194
RARB (5915),0.813285539074801,-0.6073157908847491,0.1271168431198148,-4.777618575001266,1.7738345047902022e-06,1.886156463538755e-05
ANKRD30B (374860),0.27603233078806916,-0.6073498840250882,0.24661741124433453,-2.4627210259025887,0.013788715611810979,0.04972795184451294
KIRREL3 (84623),0.596269912185441,-0.6083694820663278,0.13368272648696217,-4.550845857603457,5.343068150432347e-06,5.13685644673515e-05
PDE4B (5142),1.275357145543222,-0.60890183899759,0.0898224332187318,-6.7789506159871875,1.21051892697228e-11,3.6209677485536626e-10
SUGCT (79783),1.4076863228584309,-0.6089752071254222,0.07056549543324422,-8.629928882190303,6.139013270201377e-18,5.131532981302773e-16
MAGI2 (9863),0.369470827981713,-0.6097314191352925,0.13044908952914358,-4.674094862111495,2.952528472110589e-06,3.0056659940037833e-05
EVI2A (2123),1.1305462492911766,-0.611588657837289,0.1299817305390702,-4.705189377775335,2.5363040503135024e-06,2.6227649993826088e-05
FABP3 (2170),0.9164534968314051,-0.6122394833814921,0.14177908424484575,-4.318263773831291,1.5726141777664327e-05,0.00013614242185658082
ST8SIA1 (6489),0.6180649428885062,-0.612878030933909,0.14302063621154631,-4.285241956464114,1.8254041270074704e-05,0.00015569745178545578
LCTL (197021),0.271246388617549,-0.6132026105718449,0.21926029168627076,-2.7966879267370843,0.0051629375559716015,0.02221377136607055
CSDC2 (27254),0.3056853472786718,-0.6135646809926346,0.22263118162439882,-2.755969206630632,0.005851850589803324,0.024656103045136043
COLEC12 (81035),0.5528520223530866,-0.6138760166276922,0.1968973226843454,-3.1177468959891512,0.0018223923409101067,0.009198160067538902
PMEL (6490),1.4632870977480303,-0.615368485960808,0.08736267368417319,-7.043837602606357,1.8701610001874214e-12,6.266913676797315e-11
SHANK1 (50944),0.5756975746159853,-0.6156135396020683,0.161688810527771,-3.8073972935581275,0.00014043703357922456,0.0009666128120919546
MGP (4256),1.2937560977416733,-0.616173622015871,0.15697230581884386,-3.92536517063701,8.659826521374672e-05,0.0006291419506433709
CPXM1 (56265),0.8003447331369462,-0.6164099822350017,0.19124946900479953,-3.2230676793122623,0.0012682558404646007,0.006739859153831901
SCARF2 (91179),1.1421388250279487,-0.6168122290475867,0.09248574042968008,-6.669268431889445,2.570816663527003e-11,7.203074025964113e-10
S100A1 (6271),1.997525507411318,-0.619655705184284,0.08746738978198704,-7.084419767513119,1.3962807785953171e-12,4.78552177556837e-11
TAMALIN (160622),0.7262017617745185,-0.6197371283086743,0.11820328701320292,-5.242977111452507,1.5800614625244337e-07,2.105722299835485e-06
CDH13 (1012),1.4690198193832702,-0.6200958693218038,0.14873112426999932,-4.169240785110396,3.0561598296939946e-05,0.0002476197135033702
ADAMTS1 (9510),2.292239093157389,-0.620460393716136,0.08414396243391283,-7.373795763462523,1.6583718526686397e-13,6.653830105400628e-12
PRCD (768206),0.5410619418191065,-0.622455246634706,0.1418301130954307,-4.388738280254247,1.1401017302525274e-05,0.00010168328769045364
CPED1 (79974),0.899146769986732,-0.622947057366734,0.13061890609550844,-4.769195179993588,1.8496338728838032e-06,1.9584511788465663e-05
GLT8D2 (83468),1.0437575713983627,-0.6231731601306847,0.12493693392493388,-4.987901820170384,6.103857255191843e-07,7.170506361752341e-06
EBF3 (253738),0.49997859690786683,-0.624934638207721,0.18149566144535115,-3.443248357734934,0.0005747712157518409,0.0033834145978881842
ANGPT1 (284),0.9819612149320863,-0.6254892495006487,0.12360857334639133,-5.0602416367012415,4.1872548798789387e-07,5.109605589834429e-06
LSAMP (4045),0.6089057304598205,-0.6259692716384663,0.1568469187477216,-3.990956766229488,6.58072770608476e-05,0.000492115452613078
TAFA5 (25817),0.46620114845924077,-0.6262037198049634,0.2108521669269959,-2.969870923934,0.002979249002221892,0.013955722443160208
ELFN1 (392617),0.37652406909599606,-0.6263293700879131,0.18160600523265366,-3.4488362281056113,0.0005630080561962528,0.0033232715627810197
PDZRN3 (23024),0.9796034960863887,-0.6264049404813224,0.13325247900938372,-4.700887706841167,2.590329393748603e-06,2.6719106320797543e-05
ITGAX (3687),0.44429036564346025,-0.6270827620480728,0.17675300496579793,-3.5477912365304034,0.00038847600110053173,0.002401400950106245
SRGN (5552),2.8755555286752768,-0.6277668106369915,0.10397939505755778,-6.037415492651128,1.5660212659447882e-09,3.1755196721570465e-08
XYLT1 (64131),1.0622757172665578,-0.6307849169398186,0.10017030594899501,-6.297124791263026,3.032171701890994e-10,6.965199301778916e-09
MSC (9242),1.4361145297711129,-0.6349580334321598,0.12166633494199276,-5.218847380706345,1.800400405957137e-07,2.3720511828398495e-06
FBN2 (2201),1.1942340079282878,-0.6352710720949692,0.12696989735975142,-5.003320356281124,5.635117867399601e-07,6.668150847356186e-06
NRXN3 (9369),0.6966400290186606,-0.6355974753240989,0.13896690311364843,-4.573732745589799,4.791109050499702e-06,4.6650955184605635e-05
ATRNL1 (26033),0.6890793416869366,-0.6356017054922687,0.11330613120498706,-5.609596751144684,2.0279859646258996e-08,3.280976002554977e-07
SCUBE2 (57758),0.32114384154026754,-0.6357245501658857,0.20004091042915165,-3.1779726896965896,0.0014830871989920137,0.007692013097564233
SERPING1 (710),1.23270364651493,-0.6376552593699832,0.13062585388119555,-4.881539453513788,1.0526085776472816e-06,1.1792664675562919e-05
RNF125 (54941),0.6676620056361198,-0.6377738173895519,0.11524449728727097,-5.534093448295128,3.128421586898215e-08,4.872694740835459e-07
ECM2 (1842),0.2578500761465021,-0.6401617408368007,0.23670209881155002,-2.704503863932632,0.006840647412652106,0.02812910111253446
BTBD19 (149478),1.049932836655621,-0.6402831841261741,0.08785196560815532,-7.28820555913363,3.141104739584062e-13,1.2056393344842295e-11
OLFML3 (56944),1.311321536361925,-0.6405714222049885,0.1336141231273586,-4.794189470482902,1.6333385035469037e-06,1.759058957859092e-05
MICU3 (286097),0.6836985482204947,-0.6408863417850089,0.08513787241373405,-7.527629286653681,5.166983885489114e-14,2.214884317409379e-12
LRRC2 (79442),0.21391830291916406,-0.6412692371990883,0.249968363479931,-2.565401590311941,0.010305645044382,0.03921942228457848
TWIST2 (117581),0.8708955316233017,-0.641402749940841,0.13431387739848863,-4.77540193436526,1.793486745988724e-06,1.905706326281521e-05
CCL2 (6347),1.910871763193616,-0.642265225248126,0.1273932108249186,-5.041596966504092,4.6166281923155263e-07,5.583744998519245e-06
CLIP3 (25999),1.549886721081005,-0.644215945754597,0.08356657401526615,-7.709014678966137,1.2679283137412359e-14,6.056269653508138e-13
ACVRL1 (94),0.30157329811952355,-0.644528374731313,0.21485938514480354,-2.9997683103157717,0.0027018504042317366,0.012872717283746265
CLEC11A (6320),1.642711945040142,-0.6450329733723938,0.10172981253869155,-6.340648402621053,2.2880015901852406e-10,5.3455391189327835e-09
HHIP (64399),0.6470409964612319,-0.6455371306292421,0.17178260752190957,-3.7578724641661334,0.00017136417861340634,0.0011567274254900457
EBF1 (1879),0.7290842281497387,-0.64706086961491,0.14128060672454393,-4.579969499115264,4.650437433757194e-06,4.543537768072126e-05
CALHM5 (254228),0.24106354548221953,-0.647530891020005,0.2133224801254614,-3.0354554786685988,0.0024017267920814715,0.011648151836124653
CDH11 (1009),1.4254489658709746,-0.6481980040532314,0.151347415610255,-4.282848183694461,1.8451607318976674e-05,0.00015720435091807645
NID2 (22795),1.4349238164831482,-0.6483632226924325,0.12430311667332351,-5.215985246744635,1.828427291292538e-07,2.406869380996284e-06
ANO4 (121601),0.35462853173293685,-0.6509618478770226,0.1947001731452249,-3.34340662034993,0.0008275654067379639,0.004653045257765099
ABI3BP (25890),1.0601747038366915,-0.6548978791307217,0.14723145949788996,-4.448083863082995,8.663970499198342e-06,7.881384530286473e-05
GPR143 (4935),0.7002710933822237,-0.6568615043556567,0.1663089535011052,-3.949646068522051,7.826683717524276e-05,0.000573321729376194
APOD (347),0.9692444690858197,-0.6576907217394113,0.1785859830039075,-3.682767878400742,0.00023071522267465393,0.001509935293763742
BNC2 (54796),1.0344638558574155,-0.6638329390365239,0.09068488406716468,-7.320215997021774,2.4757213820555194e-13,9.675247769975933e-12
VWCE (220001),0.5886711297977385,-0.6663125570507249,0.12316414656625568,-5.409955540042529,6.30403975867091e-08,9.20879438921966e-07
SLAMF7 (57823),0.6868393467223317,-0.6675278393776073,0.1940721570426383,-3.4395858197781006,0.0005826050379238823,0.0034255081674883676
PDE1C (5137),0.940525323249623,-0.668921994370197,0.15422544106876865,-4.337299927525749,1.44243732697921e-05,0.00012596002334143468
MOXD1 (26002),1.3933158849913194,-0.6705613695602483,0.11151601697834314,-6.0131395267683745,1.8196428853374784e-09,3.6214744514269445e-08
MIA (8190),1.0900803223876452,-0.6729367774153572,0.1797292803712681,-3.7441688745721717,0.0001809918941354274,0.0012113896971359612
UGT2B7 (7364),0.5103749141626891,-0.6731459209045528,0.22674686601408006,-2.9687110244899846,0.0029905168488080155,0.01399978733888158
HLA-DQA1 (3117),0.9095828939374648,-0.6737630552678923,0.23813289041721475,-2.829357398247015,0.004664158053935385,0.020424016903233932
MAP1A (4130),1.0656127926766346,-0.6754212584846871,0.11586282091332833,-5.829490885518305,5.559673333646946e-09,1.0054188098323553e-07
HLA-DPB1 (3115),1.7861461167596664,-0.6767609385981845,0.12605312558531034,-5.368854881271195,7.923814475046937e-08,1.135444881824345e-06
CNRIP1 (25927),1.6388565042107863,-0.6781741720743332,0.11447774315835087,-5.924070071299812,3.140695259242162e-09,5.996814831289032e-08
MAB21L1 (4081),0.3518617870506638,-0.678936333648967,0.2585716327361311,-2.6257185541378103,0.008646627935679283,0.03392364117867809
CD96 (10225),0.47113748699833147,-0.6790866113908675,0.23064771050187532,-2.944259060335854,0.003237288988198477,0.014973332344431075
VCAN (1462),2.20580739387371,-0.6817973985434028,0.11174144567761453,-6.101562355927074,1.0503664707205636e-09,2.1889449491462276e-08
ENTPD1 (953),0.9344564392876176,-0.6836653295946713,0.08376500894441026,-8.161705444911709,3.3032695098977697e-16,2.151558140516097e-14
KRT34 (3885),0.4421936341924923,-0.6837311568403655,0.21953862128417892,-3.114400340317882,0.0018431921176495143,0.009284329621993317
TRPC4 (7223),0.36174894115348216,-0.6841894212620655,0.20138382788570494,-3.397439747000817,0.0006801956519475196,0.0039181561176119374
NAALADL1 (10004),0.30562053119096555,-0.6873114529640838,0.24667388525586673,-2.7863162419935867,0.005331083429880087,0.022832758692278902
MEI1 (150365),0.5504036920604857,-0.6876065059710468,0.17085749320071983,-4.024444541997704,5.710994981217814e-05,0.0004328847883496384
COL1A2 (1278),2.110279886490559,-0.688420285799029,0.15273576377876738,-4.5072631894922965,6.56691577938199e-06,6.17922544193755e-05
SOX6 (55553),0.4582217012540429,-0.688650677646021,0.16653825179720172,-4.135090108214959,3.548153867241901e-05,0.0002829121520218423
ANGPTL2 (23452),1.1803554708338675,-0.6888653161605824,0.13487409003246734,-5.107469611062855,3.265015860331321e-07,4.04324515510659e-06
ZNF423 (23090),0.3784006699582411,-0.6902591952406971,0.2054303546201608,-3.360064273446742,0.0007792434162044522,0.004421001674288156
ZMAT3 (64393),2.2859869941094004,-0.6905444485856348,0.046477422213152514,-14.857632280437006,6.208077584191206e-50,2.335168383293522e-46
KCNE4 (23704),0.6603564646763656,-0.6906648752774441,0.19416103995681588,-3.5571754015690153,0.00037486386989429605,0.002323939755430399
GREB1 (9687),0.8028441723300053,-0.6911418793286355,0.1296308145585818,-5.331617190573925,9.73419706395128e-08,1.359895348414215e-06
MFAP4 (4239),1.0035550930487926,-0.6919834117149184,0.1852661015094915,-3.7350783876642804,0.0001876567255275853,0.0012493288018973665
CD4 (920),0.5008596306987448,-0.6929061301791234,0.2134474523765993,-3.246260953054543,0.0011693160284726959,0.006272202839358354
PDE10A (10846),1.0817787712069424,-0.6933633667688636,0.11901035509374651,-5.826075942910088,5.674580140760172e-09,1.0237378033318651e-07
FGF2 (2247),1.6069916797811339,-0.694065074386735,0.08499645083782215,-8.165812425639382,3.192790622603891e-16,2.116243511352341e-14
HLA-DOA (3111),0.5577534372109222,-0.6943396186734339,0.2510039326814885,-2.766249959734759,0.005670505181181391,0.02400630865392662
ALX1 (8092),0.6713235341053605,-0.6952824198776794,0.1510744966060905,-4.60224879445105,4.1795351502125614e-06,4.1101494032743925e-05
GAS1 (2619),0.9094804511803602,-0.6956611874807769,0.12902964412318735,-5.3914834238914455,6.987840611926858e-08,1.0109524023754953e-06
NOX4 (50507),0.2969643708784684,-0.6960937913709124,0.22085419451482768,-3.151825089399324,0.001622534351114085,0.008320603901452802
LRRN3 (54674),0.4302476246313834,-0.6967505645502374,0.21795188254625167,-3.196809114059291,0.001389568499353183,0.00729244772977607
VTN (7448),0.5207030624743492,-0.6984739808092755,0.209614095858261,-3.332189936699566,0.0008616542684201356,0.004814129269457616
DGKI (9162),0.5040099157018378,-0.6984809679220393,0.15362403584040804,-4.546690653587923,5.4496004879834095e-06,5.222591652369324e-05
HRH2 (3274),0.35656865049426667,-0.7005473695765961,0.2151916538841992,-3.255457899652469,0.001132096794144016,0.006102579976116278
SOX8 (30812),0.4001400143739089,-0.7007284518907585,0.19958020369107532,-3.5110118084426682,0.00044640456837935467,0.002705035495705103
AFF3 (3899),0.9974328428649267,-0.7008230977093195,0.11535639947243567,-6.075285817816988,1.2376707437471027e-09,2.550958083619028e-08
ADAM12 (8038),1.09592606464629,-0.7013778652624956,0.13240637915495887,-5.2971606786532055,1.1761719278835176e-07,1.6131889541417872e-06
BGN (633),1.3300802490193693,-0.7014648436720827,0.1640610636332965,-4.275632670771733,1.9059525756266826e-05,0.00016183387388757936
SLC16A6 (9120),1.0186577159330152,-0.7019447007415636,0.10847931119094067,-6.47077026057098,9.750458738341971e-11,2.469787915439281e-09
NLGN1 (22871),0.6189223625919084,-0.7020609555996052,0.1278196304040378,-5.492591031443221,3.960792737456443e-08,6.037901471911817e-07
FCER1G (2207),0.41917920794475105,-0.7021071975590237,0.25811652521062867,-2.720117191203039,0.006525878375717163,0.02698223853834582
CPEB1 (64506),0.936915809536941,-0.7053572372799214,0.10409317006286072,-6.77621055112419,1.2336885261004901e-11,3.6756589235065296e-10
VCAM1 (7412),0.6199546196611541,-0.7073982420404938,0.22429453466855515,-3.153880869571037,0.0016111484030734877,0.008267850911542871
HAS2 (3037),0.8699364633300265,-0.7078967513339821,0.14288787608251471,-4.954211447059278,7.262419972927614e-07,8.392501606195767e-06
NLGN4Y (22829),0.40139902442367814,-0.7105567015812262,0.1987065511021991,-3.5759097907938195,0.0003490119957173606,0.0021825579748808843
AC007906.2 (105371267),0.3807050822777062,-0.7105939350000755,0.15292336131360018,-4.646732382130023,3.372341998913653e-06,3.371445695392347e-05
SCN9A (6335),0.7009238074788257,-0.7114684968070007,0.13609984332682817,-5.227548242641915,1.7177258735444104e-07,2.271081150557926e-06
ARHGAP31 (57514),0.9304732763155062,-0.7120784762367147,0.08422726731386189,-8.45425120564873,2.808840190566505e-17,2.1784437890342083e-15
SLC16A4 (9122),1.395304690227967,-0.7125388140879209,0.09562888458340643,-7.451083605042497,9.257666955143422e-14,3.837213691655315e-12
SFRP4 (6424),0.3143535190952546,-0.7158153736767388,0.2897019153162036,-2.4708686267933064,0.013478532393880756,0.04884344855451104
TSHZ3 (57616),0.7943671213287855,-0.7159710824245323,0.11466995190376114,-6.243754972753665,4.2718902856769946e-10,9.593262871387473e-09
ARMH4 (145407),0.6160306651757583,-0.7181777960176411,0.11208120273060754,-6.40765604330474,1.4777381527672044e-10,3.586136813957316e-09
TMEM200A (114801),0.9353651259195892,-0.7186677683456016,0.14844141664344707,-4.8414235366119245,1.289122797953524e-06,1.4178466095035615e-05
PLPP4 (196051),0.7893289935279154,-0.7194862957036559,0.14014185348250882,-5.133985870919392,2.8366940115361853e-07,3.568636964680054e-06
LZTS1 (11178),0.9686837547872724,-0.7242906510683409,0.12967260513388723,-5.585533276828282,2.3298416872291865e-08,3.697763504857631e-07
CCN4 (8840),0.35495612847768954,-0.7244630971549462,0.2860947621838425,-2.532248726348269,0.011333356664789655,0.04233408251698738
AK5 (26289),1.1632227044141599,-0.7256948527986066,0.1206714702645575,-6.013806338877027,1.8121698607889075e-09,3.611378506679457e-08
TNFRSF10C (8794),0.34764415676722504,-0.7268647747904581,0.19040914342868023,-3.8173837752844735,0.0001348742884000851,0.0009338787589819053
SGIP1 (84251),0.4920876469781952,-0.7277193571847854,0.19216666777968042,-3.7869177084296304,0.00015252758657191337,0.0010407846111387792
PLCD4 (84812),0.4193893482357717,-0.7277354508218448,0.13576815116190621,-5.360133761812856,8.316035438983974e-08,1.186000656065904e-06
MPP4 (58538),0.35822888698421046,-0.72801215705178,0.19411625265225738,-3.7503925977591965,0.00017655791755899925,0.001186462897540287
GFRA1 (2674),0.6990721516724403,-0.7289316437699664,0.18236265875068802,-3.9971540707053674,6.410857758020025e-05,0.0004798893822247229
FOXC2 (2303),0.5304120770439326,-0.7306884833253857,0.16001419625932234,-4.5663978597325,4.9617663069242815e-06,4.807130447777382e-05
LCP2 (3937),0.6772099213624219,-0.7318347908684878,0.2558806872000573,-2.860062628705977,0.0042355735209283485,0.018749173049687533
DACT1 (51339),0.9436985526638175,-0.7326403441738772,0.11002254867768758,-6.6590017499063405,2.756936538314331e-11,7.667443097130762e-10
THY1 (7070),2.0060921590531127,-0.7331287600540071,0.1546669918636863,-4.740046672014804,2.1366899555292345e-06,2.2387630272209516e-05
SFRP1 (6422),1.5390148301333235,-0.7352682084424275,0.13495973361507868,-5.448056162732955,5.0923280106564966e-08,7.601107861938259e-07
FOXF1 (2294),0.42628618209030844,-0.7359022633924646,0.20586704580523082,-3.5746481935175574,0.00035069913332482367,0.002190377401413573
SLIT3 (6586),0.8789668077223246,-0.7368304064412404,0.15654696427660048,-4.706769050719794,2.516737547775804e-06,2.6043213991633252e-05
HOGA1 (112817),0.526605412859976,-0.7384333078624232,0.14014029219010937,-5.269243386910388,1.3698722959399233e-07,1.8568557265506382e-06
SVEP1 (79987),0.3871368538219292,-0.738596700922827,0.18720594319317843,-3.9453699403157656,7.967687043099493e-05,0.0005830827784556175
COL8A1 (1295),1.5181233886801482,-0.739285217863053,0.14310244366867794,-5.1661257411837385,2.3899604108346493e-07,3.0682034421005234e-06
ZEB2 (9839),2.079770216779267,-0.7394814088453167,0.0821412546358256,-9.002557997486376,2.205186356832641e-19,2.5720336375894506e-17
LRRC15 (131578),0.30759713410157835,-0.7414328771768436,0.2768649132504111,-2.6779589673258917,0.007407229199176141,0.02996751022608342
GPR183 (1880),0.351686148404432,-0.7423804753106564,0.29713587721593276,-2.4984545194155676,0.01247361472734653,0.04586461563725706
ITGB3 (3690),1.423161991170992,-0.742803224294631,0.115937425832759,-6.406932178795592,1.4847682496906242e-10,3.5916114284316934e-09
PLAC9 (219348),0.45121062415335983,-0.7435128413495633,0.17534558620290808,-4.240271212126081,2.232498802078648e-05,0.00018618166860791076
EDNRA (1909),0.41573750268373383,-0.7453299801058629,0.18013955526232403,-4.137514267871337,3.510886238332561e-05,0.0002800890474122572
C1orf54 (79630),1.4839793766739158,-0.746054349495118,0.07084093281596672,-10.53140211229638,6.190543070948474e-26,2.1168843419429712e-23
MMP16 (4325),0.6899505124022549,-0.7460704238764431,0.11990596303430136,-6.222129450417871,4.904521015571699e-10,1.08839857227569e-08
PHACTR1 (221692),1.053088888268291,-0.7513382905813112,0.1385740144621964,-5.421927722143603,5.895972293556287e-08,8.705672142183306e-07
CORO2B (10391),0.8419146386683418,-0.7516356576294135,0.11219455823399486,-6.6993949569442535,2.0928424329699646e-11,5.98648426738899e-10
GDF6 (392255),0.39400048818849814,-0.7522511627918926,0.2484353152627577,-3.0279558362959547,0.0024621406709747122,0.01188875755310832
COL14A1 (7373),0.5784345444239734,-0.7524796623901002,0.2017423062807003,-3.729905126310565,0.00019155188375116368,0.0012730077928091912
SEMA5A (9037),1.0060360269009059,-0.75252280323663,0.11520897984123354,-6.53180684590439,6.498092638345158e-11,1.6915277134349696e-09
ROPN1B (152015),0.3829215552689298,-0.7535656192871368,0.2520370650934336,-2.9898999935100012,0.002790687984820609,0.013220620724058843
HIC1 (3090),0.4438439516110914,-0.7538309963497363,0.14642157833063857,-5.148359995461118,2.627738086256083e-07,3.3280258624418367e-06
AEBP1 (165),1.711957768424482,-0.7555322807970994,0.12580351900728334,-6.00565299571118,1.905633685686452e-09,3.782607445229334e-08
ADAMTSL1 (92949),0.7914368851762609,-0.7580819478382108,0.1707924776172073,-4.438614384043775,9.053986361833935e-06,8.191598244146324e-05
BMPER (168667),0.6599473956473281,-0.7597282133634178,0.15864394424869277,-4.7888888350661265,1.67707346823032e-06,1.7972398435180482e-05
EPHA5 (2044),0.4306807215858625,-0.7605592381093964,0.18112885348133312,-4.198995485762176,2.6810166466097328e-05,0.00021994861758391516
TRIM22 (10346),2.3156184468754235,-0.7619285479299686,0.08225908448595357,-9.262545926584853,1.9961471478435267e-20,2.8333990553258213e-18
P2RX7 (5027),0.6606209195697929,-0.7642482464550182,0.13663918421651053,-5.593185079647686,2.229414150842117e-08,3.553364969657891e-07
DNAI3 (126820),0.1699341861421919,-0.7651773197633425,0.26596375125630306,-2.8769985238550757,0.004014774734005442,0.01792471829312934
ACTG2 (72),0.8230666117396128,-0.7658841040065155,0.1853340741484938,-4.132451668832748,3.589142529518726e-05,0.0002857875925857791
HMCN1 (83872),1.0806856209331026,-0.7670982112717613,0.13980919545944379,-5.4867507730869045,4.093940901937151e-08,6.221963112176402e-07
BST1 (683),0.8742970710055065,-0.7671537453180708,0.13380299823817057,-5.733457063140917,9.840398566992733e-09,1.6901670872028843e-07
SORCS1 (114815),0.29982498209578273,-0.7682827432279965,0.2776226846977888,-2.7673629914800535,0.005651179345688938,0.023963953271217142
TRIM61 (391712),0.342164011113041,-0.769773705187238,0.1909169951229054,-4.0319810433413,5.5308649371082195e-05,0.000420927637044665
GNG7 (2788),0.740749427385564,-0.7698543476291771,0.1258649105947749,-6.1165128866435365,9.56451558043621e-10,2.015514025535619e-08
VSTM4 (196740),0.3681285605608024,-0.7703976596194779,0.18331315991548008,-4.202631496694967,2.638298941604659e-05,0.00021715451791785392
RNF150 (57484),0.5737692199310327,-0.7712254174206248,0.12448186980128177,-6.1954838777066925,5.810624042929312e-10,1.2660955664954704e-08
FXYD2 (486),0.625953907284088,-0.7719932790140334,0.2706549174952916,-2.8523157316270202,0.004340196780619043,0.019150322803869243
LRRC17 (10234),0.9376738147627334,-0.7725204427974196,0.16820138468875775,-4.592830458720078,4.372743033062598e-06,4.29173461679451e-05
FIBIN (387758),0.3304833639649501,-0.7747794147838875,0.2609927145876513,-2.9685863684278706,0.0029917301313763128,0.014001110904102023
PDCD1LG2 (80380),0.7403177793872004,-0.7750031113042575,0.13488972505322366,-5.745456972341393,9.167306733178872e-09,1.5934881249246857e-07
STK32B (55351),0.8797471891435339,-0.7750639874131482,0.1264870733129845,-6.127614206831238,8.920656493502054e-10,1.8877664922817426e-08
C8orf48 (157773),0.5319065654557577,-0.7775518957553652,0.10874232797039847,-7.1504069323127615,8.652102618804077e-13,3.121811414928684e-11
TMEM220 (388335),0.5552740946923554,-0.7795298578189314,0.11561349443476178,-6.742550786394606,1.556298154965e-11,4.5823996163607416e-10
MPZ (4359),0.781461129654995,-0.7795833368940492,0.11980771771853872,-6.506954240840352,7.668975980001343e-11,1.976309090783155e-09
IL16 (3603),0.7912183018061422,-0.7817072433460733,0.18585386722237962,-4.206031625969545,2.5989388004110657e-05,0.0002143839538979435
SYNC (81493),1.2447744407703614,-0.7829962731446156,0.10958518798656296,-7.145092211190298,8.993549587782729e-13,3.2065627274355196e-11
ALPK2 (115701),1.0449284965686048,-0.7863970140753036,0.1457884077326507,-5.394098380698499,6.886847924304698e-08,9.982612126116424e-07
CNN1 (1264),0.8011669526284364,-0.7876378373834421,0.1688768067483077,-4.663978746100579,3.1015342900356943e-06,3.134381023299466e-05
COL6A3 (1293),1.817191836151504,-0.7884553431590611,0.1446136667868731,-5.45214958362864,4.9764567454215734e-08,7.442919303341251e-07
SSC5D (284297),0.5233810159935125,-0.789483145258277,0.1611340275787588,-4.899543300203272,9.60596793374274e-07,1.0883388067100399e-05
GPM6B (2824),1.012882556947493,-0.791583703202522,0.13930228951940946,-5.682488822929417,1.327485917260353e-08,2.226683735908503e-07
PI15 (51050),0.4072426682592637,-0.7919395758081563,0.2126365721234362,-3.7243808433312817,0.0001957951629473799,0.0012989127079833676
RXRG (6258),0.34413041609465433,-0.7946280282768898,0.3116706770573083,-2.5495758400485586,0.01078540498672708,0.04072200838903278
SLC4A4 (8671),0.5463100279117508,-0.7974057286674728,0.1423053189408082,-5.603485060169488,2.1008423210877327e-08,3.3879178524207963e-07
PCDHGA11 (56105),0.29971100101583326,-0.7977101663527184,0.22751929284994543,-3.5061209814801413,0.00045468849865690756,0.0027485910609850667
PIEZO2 (63895),0.8501370566229743,-0.8056872833906271,0.15081546143612318,-5.3422061353561565,9.182215169304617e-08,1.291135155905853e-06
DACT3 (147906),0.5074371260261837,-0.8062511933316471,0.1290104889239905,-6.2495011068958,4.117658240549077e-10,9.288498633778323e-09
FXYD1 (5348),0.4014463181396456,-0.8064477570740016,0.17207425537179522,-4.686626452815595,2.7774523671052995e-06,2.8466994765304043e-05
EBI3 (10148),0.6371773550644798,-0.8083931592968033,0.15212068156391786,-5.314156832495743,1.071523051256129e-07,1.484542894033123e-06
CHSY3 (337876),0.40193691597806264,-0.8121437444766222,0.13992464068786592,-5.8041510093157616,6.469295326129828e-09,1.1601551546716257e-07
CHL1 (10752),0.45396237846248017,-0.8139823397539007,0.23657090116023466,-3.4407542760407908,0.0005800950874851551,0.0034120839274048645
F2RL2 (2151),0.6667443218236745,-0.81828085384661,0.17578326530996272,-4.655055487811746,3.238934676762838e-06,3.2514864488068717e-05
ADAMTS5 (11096),0.3890190306226402,-0.8194443887406022,0.20864189450623694,-3.9275160469562667,8.582769605685929e-05,0.0006244504423943447
ABCB4 (5244),0.3690683572844394,-0.8196830320523147,0.1942809386074357,-4.2190604900698325,2.4532245353663654e-05,0.00020314373340188407
FCGR2A (2212),0.8275129519021712,-0.8198987800602203,0.15125149024974416,-5.4207649703577525,5.934453974663481e-08,8.745327571281755e-07
NR4A3 (8013),0.3042660463630583,-0.8201867083787446,0.22583751267054614,-3.6317558526038174,0.0002814993802779141,0.0018046185239290564
DOK5 (55816),0.48617302205531765,-0.8204936144443349,0.1934417113698258,-4.241554774480353,2.219766998632464e-05,0.00018534192153953414
PTGIS (5740),0.5364930414805373,-0.8208155997867153,0.20876356715195588,-3.931795240829813,8.431386607686711e-05,0.0006140302173245608
FAP (2191),1.1790378570771007,-0.8234407006241282,0.15411778511890128,-5.342931057495064,9.145555421387989e-08,1.2872219538840382e-06
ATP10A (57194),0.901727986954974,-0.8234561770311899,0.13725651664155805,-5.9993958551463535,1.9805300382851464e-09,3.9209282836892515e-08
CYTL1 (54360),0.7788873162753062,-0.8258653966973891,0.20818600947380175,-3.9669591572690024,7.279546130769697e-05,0.0005395470496727136
ADAM33 (80332),0.27310240467496877,-0.8290633513972546,0.3096590820423091,-2.677342275670696,0.007420878270306264,0.030006593511160456
SHC4 (399694),0.3923976639302403,-0.8298322011641861,0.18344741927847644,-4.523542519311684,6.081309574673757e-06,5.76555663897551e-05
KCNK2 (3776),0.7108319643658726,-0.8312664373696357,0.15358735413870805,-5.412336465011963,6.220765906896729e-08,9.113694628546075e-07
TMEM47 (83604),1.140653091794165,-0.8320508947270044,0.130442465853484,-6.378681124148504,1.786195089717538e-10,4.2591269920586495e-09
CRYAB (1410),2.081957806920672,-0.8348358074623908,0.11745335558675497,-7.107807208162335,1.179010926501468e-12,4.0874189862076246e-11
HGF (3082),0.61219174704305,-0.838281011182702,0.22251680042913313,-3.767270649074773,0.0001650420461718504,0.0011155537406566311
KCNN2 (3781),0.31475822235733186,-0.8383972450110405,0.2301190818124996,-3.643319095520137,0.0002691448356018216,0.001732799827327774
FAM167B (84734),0.5253963241874909,-0.8403966616898009,0.15007630478062808,-5.599795803329772,2.1460444368706233e-08,3.4460389111158376e-07
GYPC (2995),2.4435062373468366,-0.8439057954447989,0.11826690255352296,-7.135604105830711,9.636299285052616e-13,3.403468522133842e-11
LUM (4060),1.6916859068968781,-0.8454682689646464,0.14274689239194108,-5.922848860647968,3.164116264592458e-09,6.026239660387104e-08
RGS4 (5999),1.3598279809405258,-0.8525555737120821,0.1489341860224111,-5.724377971782735,1.0381339411120639e-08,1.7712973141288822e-07
ADGRA2 (25960),0.9756746233668175,-0.8537991362710808,0.10859968072874604,-7.861893612778205,3.783693359555694e-15,2.0478219528012577e-13
CAPN3 (825),1.196742144112714,-0.8539458999332845,0.09942778198085961,-8.58860454211554,8.803194995978055e-18,7.198525647254663e-16
PAPPA (5069),0.7118667739842287,-0.8580390423648618,0.14361120432329155,-5.974736068874404,2.3046298751186765e-09,4.5018691756521685e-08
IRAG1 (10335),0.22525695537966547,-0.8665221715202769,0.3259184097087635,-2.6587088845168028,0.007844070865310911,0.03131384723785301
PCDHGB7 (56099),0.46932997901524265,-0.8675405877435368,0.16146071505516843,-5.373075348062918,7.740496417519681e-08,1.1102336424976274e-06
CITED1 (4435),0.7278112251921792,-0.8769940640170696,0.15660721675285766,-5.599959453982613,2.1440194698619008e-08,3.4460389111158376e-07
VAT1L (57687),0.530620871430142,-0.8801343083417577,0.2132791609000629,-4.12667747110167,3.680419997923587e-05,0.00029221952131270863
GREM2 (64388),0.2975416367534116,-0.8872402081262745,0.28979648355027676,-3.0615975641138076,0.0022015923049003303,0.010818144291159492
LDB2 (9079),0.536208939656338,-0.8887131870717554,0.20496606765353176,-4.335903973012783,1.4516230987524761e-05,0.00012661519503669424
TRPV2 (51393),1.6366785125727792,-0.8899265297068019,0.1087712650614629,-8.181632614127777,2.8002369494896503e-16,1.8893437283417612e-14
FAM78B (149297),0.3652716462323898,-0.8923755732903385,0.18671778234075795,-4.779274700584021,1.759286898652628e-06,1.8746622292583172e-05
PAX3 (5077),0.5062870765249007,-0.9024066592565753,0.2077731892687118,-4.34322956890024,1.4040328155604426e-05,0.00012296319990059615
FBLN5 (10516),0.9324359096797307,-0.9059367374983637,0.1315449092024496,-6.886900777772505,5.702096297162815e-12,1.7873696018148275e-10
LAMA1 (284217),1.1542114001162243,-0.9110833381607998,0.1290041300663403,-7.062435425069537,1.6360935476392047e-12,5.544293585085467e-11
FCRLA (84824),0.8471100624081205,-0.9129192499539481,0.22105697142158748,-4.1297917187731645,3.63092024071035e-05,0.0002884415308433365
FGFBP2 (83888),0.27208526921019915,-0.9130999442896423,0.30132203237608435,-3.030312576512789,0.002443007601991558,0.011815330240940206
CA14 (23632),0.5135902742811094,-0.9158614234229538,0.18732795179823808,-4.889080431570534,1.0130809976279842e-06,1.1421345356725583e-05
HLX (3142),0.9405460856590355,-0.9160627259425668,0.10573196978751513,-8.664008887600767,4.554578548217153e-18,3.8735122863974397e-16
COL5A3 (50509),0.44737622932714927,-0.9166732407810949,0.19540972691425615,-4.69103178872627,2.7183072861007785e-06,2.7917850803189294e-05
ELN (2006),0.6217918325513856,-0.9193476238644726,0.23868370630199803,-3.851740188336336,0.0001172814189092044,0.0008222815605348973
COL3A1 (1281),1.658131405629128,-0.9214176783567917,0.17478863418213403,-5.271610952670137,1.3523149646843786e-07,1.8353694893779146e-06
HAND2 (9464),0.5252501366319456,-0.9224840516744249,0.20692064020854126,-4.458153863938928,8.266855562917779e-06,7.593596385815683e-05
ADAMTS7 (11173),0.7956690735256604,-0.9251614451956902,0.10410882343225292,-8.88648449473376,6.307285085092221e-19,6.544786992434315e-17
COL11A1 (1301),0.8873508149967091,-0.9283189573527502,0.21748949796851483,-4.2683392348771685,1.969336806462034e-05,0.00016665152750296828
SULF1 (23213),1.104564027593866,-0.9295190294561223,0.15327204397483632,-6.064504689509638,1.3236091729669918e-09,2.7169200022457518e-08
PRKG1 (5592),0.44521753339631415,-0.9390635216423988,0.15556052241100446,-6.036644176093155,1.5735216508787244e-09,3.186434287903269e-08
ABCA8 (10351),0.3061972810478971,-0.9428574447805158,0.23965835054041137,-3.9341731371114084,8.348359148453285e-05,0.0006085727313354075
PLPP7 (84814),0.48006522747046554,-0.9433241143166022,0.13887526237957473,-6.792600050960141,1.1013038610781951e-11,3.320684948653812e-10
TYRP1 (7306),0.5836703183675108,-0.9437007559982634,0.2429404334537736,-3.8844944111694337,0.00010254305143735046,0.0007319083263407851
ENPP2 (5168),1.0828725589442993,-0.9453359497459479,0.1437929058678827,-6.574287820669852,4.8886586724588496e-11,1.3064788345615605e-09
GREM1 (26585),1.2459104465537905,-0.9455427230778773,0.186048711776089,-5.082232035101888,3.7302533819102946e-07,4.592912633733412e-06
IFFO1 (25900),1.6936614173583908,-0.9489579091936672,0.08047539300756638,-11.791901520809535,4.2972751005729765e-32,4.9736000894785393e-29
PCDH18 (54510),0.8499148449023942,-0.9515846972229203,0.14651400556598979,-6.494837770265774,8.312293458859158e-11,2.134245177167148e-09
MMP19 (4327),0.5629045622205009,-0.955207877247936,0.15262600562769615,-6.258487033841368,3.8873020960318695e-10,8.795240201036918e-09
FBXL7 (23194),0.9664898774959044,-0.9558303456429466,0.11130357896483498,-8.587597582508373,8.880668730359487e-18,7.222623876593992e-16
ACTA2 (59),2.6136722365107468,-0.9667123158319235,0.06359369660967337,-15.201385787736623,3.462186539245742e-52,1.7364019556497143e-48
GHR (2690),0.4078876084280324,-0.9677112925348489,0.1587269723389823,-6.096703529808244,1.0827806394760074e-09,2.2440106751454555e-08
P4HA3 (283208),0.49011193969397476,-0.9686176177886885,0.16219623260636665,-5.971887276441386,2.3452455973576962e-09,4.5648855443523806e-08
PKNOX2 (63876),0.4360424891006069,-0.9698830769120016,0.19884334756785074,-4.877623962657594,1.0737136973998542e-06,1.2002300364842649e-05
CSPG4 (1464),1.1537705854417686,-0.9704269186760587,0.12778017975126024,-7.594502688641645,3.0897673604835025e-14,1.3673129325245523e-12
EGR3 (1960),0.36242630983382423,-0.9707077646364106,0.19105707912698366,-5.080721264409376,3.760044911193541e-07,4.622029063220426e-06
PCDHGA12 (26025),0.27771380857961864,-0.9790386279096842,0.2766198179050983,-3.539293154496866,0.00040120004660245187,0.0024668802211608052
FGF5 (2250),0.7421487154384382,-0.9828986916481197,0.16633171972830788,-5.909267897029029,3.43631473403524e-09,6.511686585427484e-08
PODN (127435),0.26062601682315206,-0.9892410060920075,0.3160560331011412,-3.1299545096025425,0.0017483337516155252,0.008880968813911948
ITGA10 (8515),0.5399936438012657,-0.993358814824988,0.15813121348982795,-6.281864237315093,3.345369330926681e-10,7.638001055102101e-09
C1QTNF5 (114902),0.42898612612779297,-0.9949349270098615,0.20547671699476266,-4.842081095909378,1.2848630221488697e-06,1.4141952473483462e-05
CCR7 (1236),0.45352542515132727,-0.9960571205855279,0.2528321866484781,-3.9395977774395576,8.161833279656029e-05,0.0005967101240316065
CXCL12 (6387),0.9182042313948823,-0.9979458876803194,0.1886591668091432,-5.28967611041074,1.2253314984464893e-07,1.6775557530141837e-06
FAM180A (389558),0.3504676668807783,-1.0006980101830507,0.3086407085131917,-3.242274860641981,0.0011857959788358211,0.006333505962926434
FMN2 (56776),1.0489285676190423,-1.0017967581536764,0.13398806243853406,-7.476761286948548,7.617660353783563e-14,3.192627233510515e-12
NTM (50863),0.8872435141118826,-1.0027638423701806,0.16666804878805616,-6.016533160746051,1.78192009005975e-09,3.555804996689522e-08
FMOD (2331),0.5562225857251837,-1.0035893641764186,0.20957661644737918,-4.788651430625618,1.67905837009006e-06,1.7980862801690425e-05
ADAMTS2 (9509),0.7544257421325298,-1.0039941940103285,0.17575272089496466,-5.712538553587156,1.1130318947987371e-08,1.8880132907713413e-07
ITGA11 (22801),0.8065150305753221,-1.0068000609016599,0.18872917603196454,-5.334628604170565,9.574031277633299e-08,1.3387627751233328e-06
GDNF (2668),0.5124461697590188,-1.0084761455664983,0.18119471858450295,-5.565703865127724,2.6109632895480325e-08,4.122198704568699e-07
POSTN (10631),1.0809101293663201,-1.0117327488098131,0.20599163478477034,-4.9115234697123435,9.037146779668592e-07,1.0300978064158609e-05
LRRC32 (2615),0.5343832177432352,-1.0180757980596131,0.2007806253719299,-5.070587842695031,3.965888110637761e-07,4.8552280319492066e-06
BCL2A1 (597),1.065708536877824,-1.0189424062620245,0.16596388933702955,-6.13954282664958,8.275931078033584e-10,1.7687451562513253e-08
ESM1 (11082),0.5454995370860343,-1.0197411800067817,0.22760405649794804,-4.480329549908418,7.452787733960172e-06,6.926167031819934e-05
CDH19 (28513),0.3417062790442617,-1.0210210639365138,0.31418418150755345,-3.249753246765439,0.0011550518347358122,0.006200110562053168
PTGIR (5739),0.3059563690477496,-1.02194467064526,0.24680136269736336,-4.140757812177906,3.4616029887200505e-05,0.0002765086236299434
TEK (7010),0.2979505749102817,-1.0290972450495415,0.2806339575777541,-3.667044622582474,0.0002453699891137846,0.0015968152492240497
PRRX1 (5396),1.1205904766191244,-1.034486568254069,0.16604290286388232,-6.230236585914872,4.657313010157193e-10,1.0381323192714834e-08
KRTAP1-5 (83895),0.25922950497629194,-1.03449237819885,0.34778091780177484,-2.9745518665531874,0.002934168479093878,0.013774570650997343
DAAM2 (23500),0.8471705150362066,-1.0372871439082982,0.14612676075861394,-7.098543336779961,1.2607865468514856e-12,4.350870271542994e-11
CLEC3B (7123),0.3015571822695963,-1.037865342082369,0.296369621927668,-3.5019288931565002,0.0004619028755102218,0.0027899601224113998
TNFAIP6 (7130),0.7097657152183177,-1.0385147352815258,0.1757301190036243,-5.909713947556748,3.4270231388997765e-09,6.502268618901139e-08
BIRC7 (79444),0.3834526495369376,-1.0413040469188188,0.2973812157191598,-3.5015797632026735,0.00046250850385743406,0.002791961551153632
CCL3 (6348),0.47094993595951573,-1.0452037233139184,0.2733349501563469,-3.8238934417865864,0.00013136070484636415,0.0009120688348492824
C11orf96 (387763),0.46345232917532964,-1.0509982854358775,0.17602720727762652,-5.970658182278973,2.3629835241940923e-09,4.593469005817095e-08
ISLR (3671),0.49175176133784104,-1.0572131910014555,0.23470106635022203,-4.504509533944243,6.65264113706156e-06,6.255977409264264e-05
FLT1 (2321),0.4716294938624817,-1.057276596331621,0.1986512150876004,-5.322276009564742,1.0247692721486632e-07,1.4289785420527141e-06
C10orf90 (118611),0.3690806181026241,-1.0613676112711772,0.24557473529290205,-4.321973960412752,1.5463944289829253e-05,0.00013425880310719614
SCUBE3 (222663),0.4287981617266226,-1.066056694112026,0.20724073144299957,-5.144050045998024,2.688778559678779e-07,3.39106137543394e-06
GAS7 (8522),0.9869420190408877,-1.0669414049950907,0.14543035413789882,-7.336442321961233,2.1934627561699612e-13,8.639487075741684e-12
TRIM63 (84676),0.2768087742068873,-1.0705641944631419,0.4314272029727802,-2.4814480567899806,0.013084977980478496,0.04772765544103744
FGF1 (2246),0.5930721489350788,-1.0810478666781567,0.14372123073062126,-7.521838361545763,5.401133469963422e-14,2.308677675825842e-12
HAPLN1 (1404),0.4094738309889942,-1.0844437240592344,0.2807567525333813,-3.8625739693662284,0.00011219857691315051,0.0007918104072398042
PDGFRB (5159),1.158309818989298,-1.0850099332819114,0.1361623020574159,-7.968504621964989,1.6060586224833219e-15,9.258527982331057e-14
OLFML1 (283298),0.3085467029794303,-1.086399269276619,0.30121466687699266,-3.6067276555303756,0.0003100828142446186,0.0019669081041840354
TBX2 (6909),0.9642104550976033,-1.0930473526722622,0.12234839198079853,-8.933892264344644,4.1127784921374024e-19,4.3887138434538555e-17
ITIH5 (80760),0.466410205575194,-1.0984996460696825,0.2505150098931629,-4.384965382066966,1.1600422513038132e-05,0.000103400448537424
DDR2 (4921),1.506639249497442,-1.1020532389439766,0.12826645788516866,-8.591905141175696,8.55389967399084e-18,7.066789027197614e-16
RGS1 (5996),0.6361967512535254,-1.108503186237062,0.2660261274748385,-4.16689592394231,3.087753827385515e-05,0.00024977604347764765
CD200 (4345),0.901999294950408,-1.126422980404116,0.15540328816698173,-7.2483857561222775,4.217679601638168e-13,1.586480182156197e-11
MGARP (84709),0.519257616873459,-1.1299957147079727,0.1911883823755436,-5.9103785526484955,3.413224230220352e-09,6.484264112108008e-08
PDGFRA (5156),0.8657898008600634,-1.133139235825973,0.18542323543387174,-6.1110962343772135,9.894907276841317e-10,2.070636646555695e-08
TMEM119 (338773),0.4716445932960799,-1.145028701255988,0.27942670279907483,-4.097778379038223,4.171343642596598e-05,0.00032842509914447104
PLA1A (51365),0.382870846816903,-1.1596175352299136,0.2615404091934497,-4.433798734222354,9.258706513215165e-06,8.354847097716518e-05
LRRK2 (120892),0.43552733322043385,-1.1602184185659727,0.15043617334775228,-7.712363275048089,1.2350896633322603e-14,5.918203526909933e-13
EXTL1 (2134),0.29308116248520016,-1.1638779319444803,0.2947144331324853,-3.9491718120953823,7.842204992179078e-05,0.0005741791548045082
APOBEC3H (164668),0.3030883985231496,-1.1659428089739154,0.20577187589869095,-5.66619128042528,1.4600652831331193e-08,2.424739762695465e-07
LMOD1 (25802),0.34056612768998357,-1.1678232428285948,0.2607546478207928,-4.47862867484225,7.5124081345835866e-06,6.977264987218805e-05
TMEM204 (79652),0.32139714612287124,-1.1754987939478463,0.2641755210467399,-4.449688560432018,8.59949004576814e-06,7.841692559310753e-05
DCT (1638),0.44375206124053174,-1.1805952480840318,0.37462495003094354,-3.1514058206387916,0.001624865545788953,0.008329719591802585
SYNPO2 (171024),0.4131061503342223,-1.1893261807232152,0.21770746886827436,-5.462955345104978,4.6827242594011524e-08,7.031563793108756e-07
DCN (1634),1.3479266323998342,-1.1976806824425739,0.16399572658337813,-7.303121290990795,2.8116750246738134e-13,1.090321196423768e-11
IRF4 (3662),0.7509734077614382,-1.198223421967709,0.2559849992208153,-4.680834523956261,2.8570948933227366e-06,2.9183876283050846e-05
LRRN4CL (221091),0.28168140308080525,-1.214078176436444,0.274720848879447,-4.419315757753813,9.90138919619623e-06,8.888800826131772e-05
MEDAG (84935),0.35309586937649984,-1.2192819748166441,0.30407990911926586,-4.009741973246969,6.0785134409956304e-05,0.00045751532382801527
ACAN (176),0.26210060460358314,-1.2301149090386942,0.39472366290296784,-3.116395150956746,0.0018307677094506216,0.009228122840055007
ADGRL4 (64123),0.3579794066239003,-1.2313672193510292,0.2894065366749835,-4.2548009920519165,2.0923502602421493e-05,0.00017636695807060718
PAMR1 (25891),0.4784417479419354,-1.2471511766224577,0.24191374561713277,-5.155354746134492,2.5315121290815655e-07,3.2224307524671095e-06
TCEAL7 (56849),0.6262218234644726,-1.2485079639648309,0.2484992430707337,-5.024192221017958,5.055558333019311e-07,6.051386688831229e-06
PTCHD4 (442213),0.28372266920407735,-1.2676623048814675,0.18891150373701665,-6.7103499776603215,1.941581720388229e-11,5.607109129551112e-10
RHOJ (57381),0.6587746698127155,-1.2724973291682409,0.17826729570375735,-7.1381423280401535,9.46006530893246e-13,3.349085709134066e-11
MRGPRF (116535),0.40811720384743233,-1.2838003635939135,0.23294140144992045,-5.5112588642595375,3.562762816230312e-08,5.469931564591966e-07
FGF7 (2252),0.40190676851394536,-1.3010300761364484,0.31067658401779474,-4.187731367813446,2.8175673012715325e-05,0.00022964852445791698
COL15A1 (1306),0.49487610392887527,-1.301090610391414,0.2272907594989911,-5.72434450595071,1.038338582388458e-08,1.7712973141288822e-07
SLC24A5 (283652),0.3192407235625156,-1.3024162676239723,0.49231846238096466,-2.645475169314572,0.008157627391000073,0.03233394671364254
SLC45A2 (51151),0.3545533562873262,-1.3029230546675012,0.3962307467445454,-3.2882936656793853,0.0010079663919352188,0.005520881810359412
THBS2 (7058),1.1573046397733404,-1.3310745122967351,0.1840210216000453,-7.233274224450929,4.714859941534913e-13,1.7646712109535897e-11
CYGB (114757),0.922547965966007,-1.3320663320517863,0.13620350220274097,-9.779971223272845,1.3724956226023177e-22,2.7534092183565964e-20
WFDC1 (58189),0.37566448620345233,-1.3377684965353993,0.29226781229011595,-4.5772009105384495,4.712388324944167e-06,4.596701913833276e-05
HSPB6 (126393),0.6505782711592146,-1.3535057438899987,0.22209136124804688,-6.094364662740351,1.0987294048285655e-09,2.2739315852889403e-08
HSPB7 (27129),0.4218572638102673,-1.3881264015342456,0.2767712656806234,-5.015428166361952,5.291549224419204e-07,6.30377273401515e-06
TNFSF4 (7292),0.46087425446423225,-1.3908241022633885,0.1796145521044421,-7.743382069926346,9.680657778438296e-15,4.775579571619101e-13
A2M (2),0.8252328154681294,-1.396363749867468,0.22006523976676867,-6.345226312648801,2.22098707485653e-10,5.2051357520703036e-09
EMILIN1 (11117),1.0531753479464898,-1.3991713432214024,0.1710378851561697,-8.18047616727639,2.8272440707737495e-16,1.899049745038475e-14
CD248 (57124),0.7124337810135631,-1.4062322915297756,0.22651624915032956,-6.208085719256797,5.363389544436461e-10,1.1751572321814928e-08
EDNRB (1910),0.6309007478738414,-1.4295880942381034,0.23991809728874638,-5.958650516128279,2.5432933707681945e-09,4.905947699561315e-08
SGCD (6444),0.513989363588563,-1.4702251232033832,0.20134693998653297,-7.301949179370288,2.8362840767811124e-13,1.0954447122381885e-11
S100B (6285),0.7607931398294717,-1.5074303105397653,0.2571720472050011,-5.861563598854655,4.585287894131883e-09,8.444338023881067e-08
HSPB2 (3316),0.539871563359648,-1.5518616238247935,0.23745874259538596,-6.535289485925828,6.34866226527654e-11,1.6554934565572066e-09
SOX10 (6663),0.5175713487047172,-1.571730932239998,0.43169900496535946,-3.6408027680446406,0.00027178928726801426,0.001747581887279719
TYR (7299),0.41401080741721724,-1.623529807372379,0.5255835833953301,-3.08900403030892,0.002008287146467379,0.009998904171326334
PLP1 (5354),0.6144179756712426,-1.6251628695597296,0.3166429727472192,-5.132477299147647,2.8595322625443847e-07,3.5883671744989833e-06
MLANA (2315),0.42843656051472856,-1.6458553990155487,0.450705961616568,-3.6517275988812807,0.00026048210150116335,0.001682065965316096
SPATA18 (132671),0.43603642519610497,-1.7963096109161856,0.15688741219212127,-11.44967327727007,2.3603345854175485e-30,2.219599635762027e-27
COX7A1 (1346),0.5120215237379685,-1.8090342202204497,0.3589690097803458,-5.039527566258166,4.6668240999320786e-07,5.639922522697033e-06
EDA2R (60401),0.8068527698306159,-2.5925019399181597,0.11048498683939449,-23.464744071397927,9.348124512277061e-122,1.4065188141172066e-117
